profile,operation,cell,parameters,coordinates,condition,block,trial,window,executed_scored_ticks,terminated,aggregate,input_gain,dynamic_nodes,excitatory_nodes,inhibitory_nodes,recurrent_edges,input_edges,output_edges,internal_states,integration_updates_per_frame,seed_ledger_agents,topology_seed,world_seed,initial_state,score_key,raw_score,normalized_score,normalized_bound,normalization_status,anchor_scored_ticks,viable,liveness,profile_metric,profile_value,profile_label,profile_unit,profile_direction
falandays_direct_v1,falandays_direct_v1__cue_gain,cell_001,"[{""input_gain"":0.125}]","[{""scope"":""interface"",""parameter"":""input_gain"",""value"":0.125}]",cell_001,1,1,144,24,true,mean,0.125,200,200,0,4116,68,41,nothing,nothing,1,12594128219311072171,8092595526124825526,"[1,8]",recall_accuracy,1.0,1.0,ceiling,available,,,false,recall_accuracy,1.0,Recall accuracy,fraction,higher
falandays_direct_v1,falandays_direct_v1__cue_gain,cell_001,"[{""input_gain"":0.125}]","[{""scope"":""interface"",""parameter"":""input_gain"",""value"":0.125}]",cell_001,2,1,144,24,true,mean,0.125,200,200,0,4050,64,35,nothing,nothing,1,3112638069852970545,6701411026981952686,"[1,8]",recall_accuracy,1.0,1.0,ceiling,available,,,false,recall_accuracy,1.0,Recall accuracy,fraction,higher
falandays_direct_v1,falandays_direct_v1__cue_gain,cell_001,"[{""input_gain"":0.125}]","[{""scope"":""interface"",""parameter"":""input_gain"",""value"":0.125}]",cell_001,3,1,144,48,true,mean,0.125,200,200,0,3921,59,46,nothing,nothing,1,3252372254226619730,9335131981025201213,"[1,32]",recall_accuracy,1.0,1.0,ceiling,available,,,false,recall_accuracy,1.0,Recall accuracy,fraction,higher
falandays_direct_v1,falandays_direct_v1__cue_gain,cell_001,"[{""input_gain"":0.125}]","[{""scope"":""interface"",""parameter"":""input_gain"",""value"":0.125}]",cell_001,4,1,144,24,true,mean,0.125,200,200,0,4003,71,43,nothing,nothing,1,5194087443396628577,9699077174267993794,"[1,8]",recall_accuracy,1.0,1.0,ceiling,available,,,false,recall_accuracy,1.0,Recall accuracy,fraction,higher
falandays_direct_v1,falandays_direct_v1__cue_gain,cell_001,"[{""input_gain"":0.125}]","[{""scope"":""interface"",""parameter"":""input_gain"",""value"":0.125}]",cell_001,5,1,144,24,true,mean,0.125,200,200,0,4019,57,53,nothing,nothing,1,4334358284774126499,15316878938203924676,"[1,8]",recall_accuracy,1.0,1.0,ceiling,available,,,false,recall_accuracy,1.0,Recall accuracy,fraction,higher
falandays_direct_v1,falandays_direct_v1__cue_gain,cell_001,"[{""input_gain"":0.125}]","[{""scope"":""interface"",""parameter"":""input_gain"",""value"":0.125}]",cell_001,6,1,144,144,true,mean,0.125,200,200,0,4033,70,43,nothing,nothing,1,13951672084048746250,17465024622011189119,"[1,128]",recall_accuracy,1.0,1.0,ceiling,available,,,false,recall_accuracy,1.0,Recall accuracy,fraction,higher
falandays_direct_v1,falandays_direct_v1__cue_gain,cell_001,"[{""input_gain"":0.125}]","[{""scope"":""interface"",""parameter"":""input_gain"",""value"":0.125}]",cell_001,7,1,144,144,true,mean,0.125,200,200,0,3987,52,44,nothing,nothing,1,16761261485954868533,16015605207609979784,"[2,128]",recall_accuracy,0.0,0.0,floor,available,,,false,recall_accuracy,0.0,Recall accuracy,fraction,higher
falandays_direct_v1,falandays_direct_v1__cue_gain,cell_001,"[{""input_gain"":0.125}]","[{""scope"":""interface"",""parameter"":""input_gain"",""value"":0.125}]",cell_001,8,1,144,48,true,mean,0.125,200,200,0,3889,60,45,nothing,nothing,1,2137829287241869961,439802552602527111,"[1,32]",recall_accuracy,1.0,1.0,ceiling,available,,,false,recall_accuracy,1.0,Recall accuracy,fraction,higher
falandays_direct_v1,falandays_direct_v1__cue_gain,cell_001,"[{""input_gain"":0.125}]","[{""scope"":""interface"",""parameter"":""input_gain"",""value"":0.125}]",cell_001,9,1,144,48,true,mean,0.125,200,200,0,4013,50,37,nothing,nothing,1,8709559762848532333,16815393164913437588,"[1,32]",recall_accuracy,1.0,1.0,ceiling,available,,,false,recall_accuracy,1.0,Recall accuracy,fraction,higher
falandays_direct_v1,falandays_direct_v1__cue_gain,cell_001,"[{""input_gain"":0.125}]","[{""scope"":""interface"",""parameter"":""input_gain"",""value"":0.125}]",cell_001,10,1,144,144,true,mean,0.125,200,200,0,3927,60,45,nothing,nothing,1,8097260807977524711,4643994514494534576,"[1,128]",recall_accuracy,1.0,1.0,ceiling,available,,,false,recall_accuracy,1.0,Recall accuracy,fraction,higher
falandays_direct_v1,falandays_direct_v1__cue_gain,cell_001,"[{""input_gain"":0.125}]","[{""scope"":""interface"",""parameter"":""input_gain"",""value"":0.125}]",cell_001,11,1,144,48,true,mean,0.125,200,200,0,3985,63,38,nothing,nothing,1,6354404988444614712,1264918944922948723,"[2,32]",recall_accuracy,0.0,0.0,floor,available,,,false,recall_accuracy,0.0,Recall accuracy,fraction,higher
falandays_direct_v1,falandays_direct_v1__cue_gain,cell_001,"[{""input_gain"":0.125}]","[{""scope"":""interface"",""parameter"":""input_gain"",""value"":0.125}]",cell_001,12,1,144,144,true,mean,0.125,200,200,0,3979,71,50,nothing,nothing,1,7992910848564633563,3411290568062191086,"[1,128]",recall_accuracy,1.0,1.0,ceiling,available,,,false,recall_accuracy,1.0,Recall accuracy,fraction,higher
falandays_direct_v1,falandays_direct_v1__cue_gain,cell_001,"[{""input_gain"":0.125}]","[{""scope"":""interface"",""parameter"":""input_gain"",""value"":0.125}]",cell_001,13,1,144,24,true,mean,0.125,200,200,0,4003,61,45,nothing,nothing,1,15132623001949554602,3160238541710195767,"[2,8]",recall_accuracy,0.0,0.0,floor,available,,,false,recall_accuracy,0.0,Recall accuracy,fraction,higher
falandays_direct_v1,falandays_direct_v1__cue_gain,cell_001,"[{""input_gain"":0.125}]","[{""scope"":""interface"",""parameter"":""input_gain"",""value"":0.125}]",cell_001,14,1,144,24,true,mean,0.125,200,200,0,3979,53,38,nothing,nothing,1,690069523023100410,2475738350341787459,"[2,8]",recall_accuracy,0.0,0.0,floor,available,,,false,recall_accuracy,0.0,Recall accuracy,fraction,higher
falandays_direct_v1,falandays_direct_v1__cue_gain,cell_001,"[{""input_gain"":0.125}]","[{""scope"":""interface"",""parameter"":""input_gain"",""value"":0.125}]",cell_001,15,1,144,24,true,mean,0.125,200,200,0,3935,65,31,nothing,nothing,1,12250122898661847943,9173535536611603934,"[1,8]",recall_accuracy,1.0,1.0,ceiling,available,,,false,recall_accuracy,1.0,Recall accuracy,fraction,higher
falandays_direct_v1,falandays_direct_v1__cue_gain,cell_001,"[{""input_gain"":0.125}]","[{""scope"":""interface"",""parameter"":""input_gain"",""value"":0.125}]",cell_001,16,1,144,144,true,mean,0.125,200,200,0,4055,57,34,nothing,nothing,1,5728837636757173799,17882706362734959438,"[1,128]",recall_accuracy,1.0,1.0,ceiling,available,,,false,recall_accuracy,1.0,Recall accuracy,fraction,higher
falandays_direct_v1,falandays_direct_v1__cue_gain,cell_001,"[{""input_gain"":0.125}]","[{""scope"":""interface"",""parameter"":""input_gain"",""value"":0.125}]",cell_001,17,1,144,48,true,mean,0.125,200,200,0,3990,60,39,nothing,nothing,1,1688327312157973031,10221160784258913491,"[2,32]",recall_accuracy,0.0,0.0,floor,available,,,false,recall_accuracy,0.0,Recall accuracy,fraction,higher
falandays_direct_v1,falandays_direct_v1__cue_gain,cell_001,"[{""input_gain"":0.125}]","[{""scope"":""interface"",""parameter"":""input_gain"",""value"":0.125}]",cell_001,18,1,144,48,true,mean,0.125,200,200,0,3949,62,38,nothing,nothing,1,749010461240991141,12131565372770077396,"[1,32]",recall_accuracy,1.0,1.0,ceiling,available,,,false,recall_accuracy,1.0,Recall accuracy,fraction,higher
falandays_direct_v1,falandays_direct_v1__cue_gain,cell_001,"[{""input_gain"":0.125}]","[{""scope"":""interface"",""parameter"":""input_gain"",""value"":0.125}]",cell_001,19,1,144,144,true,mean,0.125,200,200,0,3908,56,38,nothing,nothing,1,15696681152727596010,3067316268179985911,"[2,128]",recall_accuracy,0.0,0.0,floor,available,,,false,recall_accuracy,0.0,Recall accuracy,fraction,higher
falandays_direct_v1,falandays_direct_v1__cue_gain,cell_001,"[{""input_gain"":0.125}]","[{""scope"":""interface"",""parameter"":""input_gain"",""value"":0.125}]",cell_001,20,1,144,48,true,mean,0.125,200,200,0,3952,60,40,nothing,nothing,1,3887908280811000983,4367688531973349399,"[1,32]",recall_accuracy,1.0,1.0,ceiling,available,,,false,recall_accuracy,1.0,Recall accuracy,fraction,higher
falandays_direct_v1,falandays_direct_v1__cue_gain,cell_001,"[{""input_gain"":0.125}]","[{""scope"":""interface"",""parameter"":""input_gain"",""value"":0.125}]",cell_001,21,1,144,48,true,mean,0.125,200,200,0,3899,66,35,nothing,nothing,1,6348457907726908322,14850400267946205414,"[2,32]",recall_accuracy,0.0,0.0,floor,available,,,false,recall_accuracy,0.0,Recall accuracy,fraction,higher
falandays_direct_v1,falandays_direct_v1__cue_gain,cell_001,"[{""input_gain"":0.125}]","[{""scope"":""interface"",""parameter"":""input_gain"",""value"":0.125}]",cell_001,22,1,144,144,true,mean,0.125,200,200,0,3970,52,43,nothing,nothing,1,12067343499115009084,1305036494483538562,"[2,128]",recall_accuracy,0.0,0.0,floor,available,,,false,recall_accuracy,0.0,Recall accuracy,fraction,higher
falandays_direct_v1,falandays_direct_v1__cue_gain,cell_001,"[{""input_gain"":0.125}]","[{""scope"":""interface"",""parameter"":""input_gain"",""value"":0.125}]",cell_001,23,1,144,48,true,mean,0.125,200,200,0,4003,44,36,nothing,nothing,1,1456088996810007893,9248486385473542497,"[2,32]",recall_accuracy,0.0,0.0,floor,available,,,false,recall_accuracy,0.0,Recall accuracy,fraction,higher
falandays_direct_v1,falandays_direct_v1__cue_gain,cell_001,"[{""input_gain"":0.125}]","[{""scope"":""interface"",""parameter"":""input_gain"",""value"":0.125}]",cell_001,24,1,144,48,true,mean,0.125,200,200,0,4019,62,42,nothing,nothing,1,12296449013820028580,2365857526890167594,"[1,32]",recall_accuracy,1.0,1.0,ceiling,available,,,false,recall_accuracy,1.0,Recall accuracy,fraction,higher
falandays_direct_v1,falandays_direct_v1__cue_gain,cell_001,"[{""input_gain"":0.125}]","[{""scope"":""interface"",""parameter"":""input_gain"",""value"":0.125}]",cell_001,25,1,144,144,true,mean,0.125,200,200,0,3969,55,41,nothing,nothing,1,13242257255797595924,13790341136909193717,"[2,128]",recall_accuracy,0.0,0.0,floor,available,,,false,recall_accuracy,0.0,Recall accuracy,fraction,higher
falandays_direct_v1,falandays_direct_v1__cue_gain,cell_001,"[{""input_gain"":0.125}]","[{""scope"":""interface"",""parameter"":""input_gain"",""value"":0.125}]",cell_001,26,1,144,24,true,mean,0.125,200,200,0,4041,67,38,nothing,nothing,1,15691522525334327019,9018541844550905015,"[2,8]",recall_accuracy,0.0,0.0,floor,available,,,false,recall_accuracy,0.0,Recall accuracy,fraction,higher
falandays_direct_v1,falandays_direct_v1__cue_gain,cell_001,"[{""input_gain"":0.125}]","[{""scope"":""interface"",""parameter"":""input_gain"",""value"":0.125}]",cell_001,27,1,144,144,true,mean,0.125,200,200,0,3959,65,47,nothing,nothing,1,2527375291412315002,16000658053978501663,"[1,128]",recall_accuracy,1.0,1.0,ceiling,available,,,false,recall_accuracy,1.0,Recall accuracy,fraction,higher
falandays_direct_v1,falandays_direct_v1__cue_gain,cell_001,"[{""input_gain"":0.125}]","[{""scope"":""interface"",""parameter"":""input_gain"",""value"":0.125}]",cell_001,28,1,144,48,true,mean,0.125,200,200,0,3999,67,41,nothing,nothing,1,13908397727894472465,7476633210553105177,"[1,32]",recall_accuracy,1.0,1.0,ceiling,available,,,false,recall_accuracy,1.0,Recall accuracy,fraction,higher
falandays_direct_v1,falandays_direct_v1__cue_gain,cell_001,"[{""input_gain"":0.125}]","[{""scope"":""interface"",""parameter"":""input_gain"",""value"":0.125}]",cell_001,29,1,144,48,true,mean,0.125,200,200,0,4027,62,35,nothing,nothing,1,7879620809424902802,5513416892640168739,"[1,32]",recall_accuracy,1.0,1.0,ceiling,available,,,false,recall_accuracy,1.0,Recall accuracy,fraction,higher
falandays_direct_v1,falandays_direct_v1__cue_gain,cell_001,"[{""input_gain"":0.125}]","[{""scope"":""interface"",""parameter"":""input_gain"",""value"":0.125}]",cell_001,30,1,144,144,true,mean,0.125,200,200,0,3976,62,49,nothing,nothing,1,5259748803054981645,2541231920251608604,"[2,128]",recall_accuracy,0.0,0.0,floor,available,,,false,recall_accuracy,0.0,Recall accuracy,fraction,higher
falandays_direct_v1,falandays_direct_v1__cue_gain,cell_001,"[{""input_gain"":0.125}]","[{""scope"":""interface"",""parameter"":""input_gain"",""value"":0.125}]",cell_001,31,1,144,144,true,mean,0.125,200,200,0,3989,75,40,nothing,nothing,1,18365469644567928756,4041610743621828700,"[1,128]",recall_accuracy,1.0,1.0,ceiling,available,,,false,recall_accuracy,1.0,Recall accuracy,fraction,higher
falandays_direct_v1,falandays_direct_v1__cue_gain,cell_001,"[{""input_gain"":0.125}]","[{""scope"":""interface"",""parameter"":""input_gain"",""value"":0.125}]",cell_001,32,1,144,144,true,mean,0.125,200,200,0,3935,54,43,nothing,nothing,1,8575614502913865459,16705439672251359517,"[2,128]",recall_accuracy,0.0,0.0,floor,available,,,false,recall_accuracy,0.0,Recall accuracy,fraction,higher
falandays_direct_v1,falandays_direct_v1__cue_gain,cell_001,"[{""input_gain"":0.125}]","[{""scope"":""interface"",""parameter"":""input_gain"",""value"":0.125}]",cell_001,33,1,144,24,true,mean,0.125,200,200,0,3897,61,42,nothing,nothing,1,14739059881887869130,5559042496469174930,"[1,8]",recall_accuracy,1.0,1.0,ceiling,available,,,false,recall_accuracy,1.0,Recall accuracy,fraction,higher
falandays_direct_v1,falandays_direct_v1__cue_gain,cell_001,"[{""input_gain"":0.125}]","[{""scope"":""interface"",""parameter"":""input_gain"",""value"":0.125}]",cell_001,34,1,144,24,true,mean,0.125,200,200,0,3944,46,38,nothing,nothing,1,1691347055536277651,11622768072155729540,"[1,8]",recall_accuracy,1.0,1.0,ceiling,available,,,false,recall_accuracy,1.0,Recall accuracy,fraction,higher
falandays_direct_v1,falandays_direct_v1__cue_gain,cell_001,"[{""input_gain"":0.125}]","[{""scope"":""interface"",""parameter"":""input_gain"",""value"":0.125}]",cell_001,35,1,144,144,true,mean,0.125,200,200,0,3994,65,41,nothing,nothing,1,12238681826103955801,4642113296036802231,"[1,128]",recall_accuracy,1.0,1.0,ceiling,available,,,false,recall_accuracy,1.0,Recall accuracy,fraction,higher
falandays_direct_v1,falandays_direct_v1__cue_gain,cell_001,"[{""input_gain"":0.125}]","[{""scope"":""interface"",""parameter"":""input_gain"",""value"":0.125}]",cell_001,36,1,144,48,true,mean,0.125,200,200,0,4109,65,32,nothing,nothing,1,13391442460675217735,4759790416418358215,"[2,32]",recall_accuracy,0.0,0.0,floor,available,,,false,recall_accuracy,0.0,Recall accuracy,fraction,higher
falandays_direct_v1,falandays_direct_v1__cue_gain,cell_001,"[{""input_gain"":0.125}]","[{""scope"":""interface"",""parameter"":""input_gain"",""value"":0.125}]",cell_001,37,1,144,48,true,mean,0.125,200,200,0,4044,63,41,nothing,nothing,1,16546253964087852877,12221295028980735749,"[1,32]",recall_accuracy,1.0,1.0,ceiling,available,,,false,recall_accuracy,1.0,Recall accuracy,fraction,higher
falandays_direct_v1,falandays_direct_v1__cue_gain,cell_001,"[{""input_gain"":0.125}]","[{""scope"":""interface"",""parameter"":""input_gain"",""value"":0.125}]",cell_001,38,1,144,48,true,mean,0.125,200,200,0,4018,58,41,nothing,nothing,1,16861330826438584791,4307155270124468204,"[2,32]",recall_accuracy,0.0,0.0,floor,available,,,false,recall_accuracy,0.0,Recall accuracy,fraction,higher
falandays_direct_v1,falandays_direct_v1__cue_gain,cell_001,"[{""input_gain"":0.125}]","[{""scope"":""interface"",""parameter"":""input_gain"",""value"":0.125}]",cell_001,39,1,144,48,true,mean,0.125,200,200,0,3984,59,43,nothing,nothing,1,5619571513751481896,13772695671122785095,"[2,32]",recall_accuracy,0.0,0.0,floor,available,,,false,recall_accuracy,0.0,Recall accuracy,fraction,higher
falandays_direct_v1,falandays_direct_v1__cue_gain,cell_001,"[{""input_gain"":0.125}]","[{""scope"":""interface"",""parameter"":""input_gain"",""value"":0.125}]",cell_001,40,1,144,48,true,mean,0.125,200,200,0,3973,58,48,nothing,nothing,1,4910676185985938041,1827413742199942425,"[2,32]",recall_accuracy,0.0,0.0,floor,available,,,false,recall_accuracy,0.0,Recall accuracy,fraction,higher
falandays_direct_v1,falandays_direct_v1__cue_gain,cell_001,"[{""input_gain"":0.125}]","[{""scope"":""interface"",""parameter"":""input_gain"",""value"":0.125}]",cell_001,41,1,144,144,true,mean,0.125,200,200,0,4029,53,49,nothing,nothing,1,6546389962142919961,1780461504424025134,"[2,128]",recall_accuracy,0.0,0.0,floor,available,,,false,recall_accuracy,0.0,Recall accuracy,fraction,higher
falandays_direct_v1,falandays_direct_v1__cue_gain,cell_001,"[{""input_gain"":0.125}]","[{""scope"":""interface"",""parameter"":""input_gain"",""value"":0.125}]",cell_001,42,1,144,24,true,mean,0.125,200,200,0,4035,53,41,nothing,nothing,1,11349448369167888049,8642874451656507712,"[1,8]",recall_accuracy,1.0,1.0,ceiling,available,,,false,recall_accuracy,1.0,Recall accuracy,fraction,higher
falandays_direct_v1,falandays_direct_v1__cue_gain,cell_001,"[{""input_gain"":0.125}]","[{""scope"":""interface"",""parameter"":""input_gain"",""value"":0.125}]",cell_001,43,1,144,144,true,mean,0.125,200,200,0,4014,56,48,nothing,nothing,1,13845801875421481039,7456934522800937254,"[2,128]",recall_accuracy,0.0,0.0,floor,available,,,false,recall_accuracy,0.0,Recall accuracy,fraction,higher
falandays_direct_v1,falandays_direct_v1__cue_gain,cell_001,"[{""input_gain"":0.125}]","[{""scope"":""interface"",""parameter"":""input_gain"",""value"":0.125}]",cell_001,44,1,144,48,true,mean,0.125,200,200,0,3882,76,41,nothing,nothing,1,17637343676182291106,257703088949437611,"[1,32]",recall_accuracy,1.0,1.0,ceiling,available,,,false,recall_accuracy,1.0,Recall accuracy,fraction,higher
falandays_direct_v1,falandays_direct_v1__cue_gain,cell_001,"[{""input_gain"":0.125}]","[{""scope"":""interface"",""parameter"":""input_gain"",""value"":0.125}]",cell_001,45,1,144,144,true,mean,0.125,200,200,0,4103,60,37,nothing,nothing,1,10695794649270763135,12347181926683009745,"[2,128]",recall_accuracy,0.0,0.0,floor,available,,,false,recall_accuracy,0.0,Recall accuracy,fraction,higher
falandays_direct_v1,falandays_direct_v1__cue_gain,cell_001,"[{""input_gain"":0.125}]","[{""scope"":""interface"",""parameter"":""input_gain"",""value"":0.125}]",cell_001,46,1,144,24,true,mean,0.125,200,200,0,3909,67,40,nothing,nothing,1,11945222342811947661,14451551029179234932,"[2,8]",recall_accuracy,0.0,0.0,floor,available,,,false,recall_accuracy,0.0,Recall accuracy,fraction,higher
falandays_direct_v1,falandays_direct_v1__cue_gain,cell_001,"[{""input_gain"":0.125}]","[{""scope"":""interface"",""parameter"":""input_gain"",""value"":0.125}]",cell_001,47,1,144,24,true,mean,0.125,200,200,0,4068,60,39,nothing,nothing,1,11886869482354147328,12823158141346789681,"[1,8]",recall_accuracy,1.0,1.0,ceiling,available,,,false,recall_accuracy,1.0,Recall accuracy,fraction,higher
falandays_direct_v1,falandays_direct_v1__cue_gain,cell_001,"[{""input_gain"":0.125}]","[{""scope"":""interface"",""parameter"":""input_gain"",""value"":0.125}]",cell_001,48,1,144,24,true,mean,0.125,200,200,0,4026,60,51,nothing,nothing,1,2234593526373743716,18048444690023247949,"[1,8]",recall_accuracy,1.0,1.0,ceiling,available,,,false,recall_accuracy,1.0,Recall accuracy,fraction,higher
falandays_direct_v1,falandays_direct_v1__cue_gain,cell_001,"[{""input_gain"":0.125}]","[{""scope"":""interface"",""parameter"":""input_gain"",""value"":0.125}]",cell_001,49,1,144,144,true,mean,0.125,200,200,0,3956,58,42,nothing,nothing,1,13403011621904115811,1248657061175819954,"[1,128]",recall_accuracy,1.0,1.0,ceiling,available,,,false,recall_accuracy,1.0,Recall accuracy,fraction,higher
falandays_direct_v1,falandays_direct_v1__cue_gain,cell_001,"[{""input_gain"":0.125}]","[{""scope"":""interface"",""parameter"":""input_gain"",""value"":0.125}]",cell_001,50,1,144,48,true,mean,0.125,200,200,0,4088,75,34,nothing,nothing,1,17210097905261720925,8342279397843918002,"[1,32]",recall_accuracy,1.0,1.0,ceiling,available,,,false,recall_accuracy,1.0,Recall accuracy,fraction,higher
falandays_direct_v1,falandays_direct_v1__cue_gain,cell_001,"[{""input_gain"":0.125}]","[{""scope"":""interface"",""parameter"":""input_gain"",""value"":0.125}]",cell_001,51,1,144,24,true,mean,0.125,200,200,0,3958,65,48,nothing,nothing,1,454914120579874133,16475816545815083334,"[2,8]",recall_accuracy,0.0,0.0,floor,available,,,false,recall_accuracy,0.0,Recall accuracy,fraction,higher
falandays_direct_v1,falandays_direct_v1__cue_gain,cell_001,"[{""input_gain"":0.125}]","[{""scope"":""interface"",""parameter"":""input_gain"",""value"":0.125}]",cell_001,52,1,144,144,true,mean,0.125,200,200,0,3972,47,28,nothing,nothing,1,1438281246603355359,12395589511584612683,"[2,128]",recall_accuracy,0.0,0.0,floor,available,,,false,recall_accuracy,0.0,Recall accuracy,fraction,higher
falandays_direct_v1,falandays_direct_v1__cue_gain,cell_001,"[{""input_gain"":0.125}]","[{""scope"":""interface"",""parameter"":""input_gain"",""value"":0.125}]",cell_001,53,1,144,24,true,mean,0.125,200,200,0,4010,60,37,nothing,nothing,1,6241271471225088958,8890533234528554735,"[2,8]",recall_accuracy,0.0,0.0,floor,available,,,false,recall_accuracy,0.0,Recall accuracy,fraction,higher
falandays_direct_v1,falandays_direct_v1__cue_gain,cell_001,"[{""input_gain"":0.125}]","[{""scope"":""interface"",""parameter"":""input_gain"",""value"":0.125}]",cell_001,54,1,144,144,true,mean,0.125,200,200,0,3921,65,41,nothing,nothing,1,14335423250921699584,15373284929577107875,"[2,128]",recall_accuracy,0.0,0.0,floor,available,,,false,recall_accuracy,0.0,Recall accuracy,fraction,higher
falandays_direct_v1,falandays_direct_v1__cue_gain,cell_001,"[{""input_gain"":0.125}]","[{""scope"":""interface"",""parameter"":""input_gain"",""value"":0.125}]",cell_001,55,1,144,48,true,mean,0.125,200,200,0,3949,61,43,nothing,nothing,1,6757410026560355548,11815403074947356053,"[1,32]",recall_accuracy,1.0,1.0,ceiling,available,,,false,recall_accuracy,1.0,Recall accuracy,fraction,higher
falandays_direct_v1,falandays_direct_v1__cue_gain,cell_001,"[{""input_gain"":0.125}]","[{""scope"":""interface"",""parameter"":""input_gain"",""value"":0.125}]",cell_001,56,1,144,144,true,mean,0.125,200,200,0,3986,69,43,nothing,nothing,1,15532406203839688342,13162847327565096646,"[1,128]",recall_accuracy,1.0,1.0,ceiling,available,,,false,recall_accuracy,1.0,Recall accuracy,fraction,higher
falandays_direct_v1,falandays_direct_v1__cue_gain,cell_001,"[{""input_gain"":0.125}]","[{""scope"":""interface"",""parameter"":""input_gain"",""value"":0.125}]",cell_001,57,1,144,48,true,mean,0.125,200,200,0,4098,69,44,nothing,nothing,1,4681648634298740672,7511054878922844313,"[1,32]",recall_accuracy,1.0,1.0,ceiling,available,,,false,recall_accuracy,1.0,Recall accuracy,fraction,higher
falandays_direct_v1,falandays_direct_v1__cue_gain,cell_001,"[{""input_gain"":0.125}]","[{""scope"":""interface"",""parameter"":""input_gain"",""value"":0.125}]",cell_001,58,1,144,144,true,mean,0.125,200,200,0,3981,57,49,nothing,nothing,1,1580537468734461251,8570678930441301800,"[1,128]",recall_accuracy,1.0,1.0,ceiling,available,,,false,recall_accuracy,1.0,Recall accuracy,fraction,higher
falandays_direct_v1,falandays_direct_v1__cue_gain,cell_001,"[{""input_gain"":0.125}]","[{""scope"":""interface"",""parameter"":""input_gain"",""value"":0.125}]",cell_001,59,1,144,48,true,mean,0.125,200,200,0,3982,65,36,nothing,nothing,1,2591394955471149440,5426089333597508761,"[2,32]",recall_accuracy,0.0,0.0,floor,available,,,false,recall_accuracy,0.0,Recall accuracy,fraction,higher
falandays_direct_v1,falandays_direct_v1__cue_gain,cell_001,"[{""input_gain"":0.125}]","[{""scope"":""interface"",""parameter"":""input_gain"",""value"":0.125}]",cell_001,60,1,144,48,true,mean,0.125,200,200,0,3878,58,37,nothing,nothing,1,8085342557278006757,5214327403748666619,"[2,32]",recall_accuracy,0.0,0.0,floor,available,,,false,recall_accuracy,0.0,Recall accuracy,fraction,higher
falandays_direct_v1,falandays_direct_v1__cue_gain,cell_001,"[{""input_gain"":0.125}]","[{""scope"":""interface"",""parameter"":""input_gain"",""value"":0.125}]",cell_001,61,1,144,48,true,mean,0.125,200,200,0,3986,62,30,nothing,nothing,1,4172587101430188940,8002679564930726200,"[2,32]",recall_accuracy,0.0,0.0,floor,available,,,false,recall_accuracy,0.0,Recall accuracy,fraction,higher
falandays_direct_v1,falandays_direct_v1__cue_gain,cell_001,"[{""input_gain"":0.125}]","[{""scope"":""interface"",""parameter"":""input_gain"",""value"":0.125}]",cell_001,62,1,144,48,true,mean,0.125,200,200,0,4020,60,40,nothing,nothing,1,14794377271049026763,17228052206586944633,"[1,32]",recall_accuracy,1.0,1.0,ceiling,available,,,false,recall_accuracy,1.0,Recall accuracy,fraction,higher
falandays_direct_v1,falandays_direct_v1__cue_gain,cell_001,"[{""input_gain"":0.125}]","[{""scope"":""interface"",""parameter"":""input_gain"",""value"":0.125}]",cell_001,63,1,144,48,true,mean,0.125,200,200,0,4006,68,43,nothing,nothing,1,678527023195682622,2441450863927944530,"[1,32]",recall_accuracy,1.0,1.0,ceiling,available,,,false,recall_accuracy,1.0,Recall accuracy,fraction,higher
falandays_direct_v1,falandays_direct_v1__cue_gain,cell_001,"[{""input_gain"":0.125}]","[{""scope"":""interface"",""parameter"":""input_gain"",""value"":0.125}]",cell_001,64,1,144,24,true,mean,0.125,200,200,0,3985,56,31,nothing,nothing,1,15062871301358266762,10959836952691641193,"[2,8]",recall_accuracy,0.0,0.0,floor,available,,,false,recall_accuracy,0.0,Recall accuracy,fraction,higher
falandays_direct_v1,falandays_direct_v1__cue_gain,cell_002,"[{""input_gain"":0.25}]","[{""scope"":""interface"",""parameter"":""input_gain"",""value"":0.25}]",cell_002,1,1,144,24,true,mean,0.25,200,200,0,4116,68,41,nothing,nothing,1,12594128219311072171,8092595526124825526,"[1,8]",recall_accuracy,1.0,1.0,ceiling,available,,,false,recall_accuracy,1.0,Recall accuracy,fraction,higher
falandays_direct_v1,falandays_direct_v1__cue_gain,cell_002,"[{""input_gain"":0.25}]","[{""scope"":""interface"",""parameter"":""input_gain"",""value"":0.25}]",cell_002,2,1,144,24,true,mean,0.25,200,200,0,4050,64,35,nothing,nothing,1,3112638069852970545,6701411026981952686,"[1,8]",recall_accuracy,1.0,1.0,ceiling,available,,,false,recall_accuracy,1.0,Recall accuracy,fraction,higher
falandays_direct_v1,falandays_direct_v1__cue_gain,cell_002,"[{""input_gain"":0.25}]","[{""scope"":""interface"",""parameter"":""input_gain"",""value"":0.25}]",cell_002,3,1,144,48,true,mean,0.25,200,200,0,3921,59,46,nothing,nothing,1,3252372254226619730,9335131981025201213,"[1,32]",recall_accuracy,1.0,1.0,ceiling,available,,,false,recall_accuracy,1.0,Recall accuracy,fraction,higher
falandays_direct_v1,falandays_direct_v1__cue_gain,cell_002,"[{""input_gain"":0.25}]","[{""scope"":""interface"",""parameter"":""input_gain"",""value"":0.25}]",cell_002,4,1,144,24,true,mean,0.25,200,200,0,4003,71,43,nothing,nothing,1,5194087443396628577,9699077174267993794,"[1,8]",recall_accuracy,1.0,1.0,ceiling,available,,,false,recall_accuracy,1.0,Recall accuracy,fraction,higher
falandays_direct_v1,falandays_direct_v1__cue_gain,cell_002,"[{""input_gain"":0.25}]","[{""scope"":""interface"",""parameter"":""input_gain"",""value"":0.25}]",cell_002,5,1,144,24,true,mean,0.25,200,200,0,4019,57,53,nothing,nothing,1,4334358284774126499,15316878938203924676,"[1,8]",recall_accuracy,1.0,1.0,ceiling,available,,,false,recall_accuracy,1.0,Recall accuracy,fraction,higher
falandays_direct_v1,falandays_direct_v1__cue_gain,cell_002,"[{""input_gain"":0.25}]","[{""scope"":""interface"",""parameter"":""input_gain"",""value"":0.25}]",cell_002,6,1,144,144,true,mean,0.25,200,200,0,4033,70,43,nothing,nothing,1,13951672084048746250,17465024622011189119,"[1,128]",recall_accuracy,1.0,1.0,ceiling,available,,,false,recall_accuracy,1.0,Recall accuracy,fraction,higher
falandays_direct_v1,falandays_direct_v1__cue_gain,cell_002,"[{""input_gain"":0.25}]","[{""scope"":""interface"",""parameter"":""input_gain"",""value"":0.25}]",cell_002,7,1,144,144,true,mean,0.25,200,200,0,3987,52,44,nothing,nothing,1,16761261485954868533,16015605207609979784,"[2,128]",recall_accuracy,0.0,0.0,floor,available,,,false,recall_accuracy,0.0,Recall accuracy,fraction,higher
falandays_direct_v1,falandays_direct_v1__cue_gain,cell_002,"[{""input_gain"":0.25}]","[{""scope"":""interface"",""parameter"":""input_gain"",""value"":0.25}]",cell_002,8,1,144,48,true,mean,0.25,200,200,0,3889,60,45,nothing,nothing,1,2137829287241869961,439802552602527111,"[1,32]",recall_accuracy,1.0,1.0,ceiling,available,,,false,recall_accuracy,1.0,Recall accuracy,fraction,higher
falandays_direct_v1,falandays_direct_v1__cue_gain,cell_002,"[{""input_gain"":0.25}]","[{""scope"":""interface"",""parameter"":""input_gain"",""value"":0.25}]",cell_002,9,1,144,48,true,mean,0.25,200,200,0,4013,50,37,nothing,nothing,1,8709559762848532333,16815393164913437588,"[1,32]",recall_accuracy,1.0,1.0,ceiling,available,,,false,recall_accuracy,1.0,Recall accuracy,fraction,higher
falandays_direct_v1,falandays_direct_v1__cue_gain,cell_002,"[{""input_gain"":0.25}]","[{""scope"":""interface"",""parameter"":""input_gain"",""value"":0.25}]",cell_002,10,1,144,144,true,mean,0.25,200,200,0,3927,60,45,nothing,nothing,1,8097260807977524711,4643994514494534576,"[1,128]",recall_accuracy,1.0,1.0,ceiling,available,,,false,recall_accuracy,1.0,Recall accuracy,fraction,higher
falandays_direct_v1,falandays_direct_v1__cue_gain,cell_002,"[{""input_gain"":0.25}]","[{""scope"":""interface"",""parameter"":""input_gain"",""value"":0.25}]",cell_002,11,1,144,48,true,mean,0.25,200,200,0,3985,63,38,nothing,nothing,1,6354404988444614712,1264918944922948723,"[2,32]",recall_accuracy,0.0,0.0,floor,available,,,false,recall_accuracy,0.0,Recall accuracy,fraction,higher
falandays_direct_v1,falandays_direct_v1__cue_gain,cell_002,"[{""input_gain"":0.25}]","[{""scope"":""interface"",""parameter"":""input_gain"",""value"":0.25}]",cell_002,12,1,144,144,true,mean,0.25,200,200,0,3979,71,50,nothing,nothing,1,7992910848564633563,3411290568062191086,"[1,128]",recall_accuracy,1.0,1.0,ceiling,available,,,false,recall_accuracy,1.0,Recall accuracy,fraction,higher
falandays_direct_v1,falandays_direct_v1__cue_gain,cell_002,"[{""input_gain"":0.25}]","[{""scope"":""interface"",""parameter"":""input_gain"",""value"":0.25}]",cell_002,13,1,144,24,true,mean,0.25,200,200,0,4003,61,45,nothing,nothing,1,15132623001949554602,3160238541710195767,"[2,8]",recall_accuracy,0.0,0.0,floor,available,,,false,recall_accuracy,0.0,Recall accuracy,fraction,higher
falandays_direct_v1,falandays_direct_v1__cue_gain,cell_002,"[{""input_gain"":0.25}]","[{""scope"":""interface"",""parameter"":""input_gain"",""value"":0.25}]",cell_002,14,1,144,24,true,mean,0.25,200,200,0,3979,53,38,nothing,nothing,1,690069523023100410,2475738350341787459,"[2,8]",recall_accuracy,0.0,0.0,floor,available,,,false,recall_accuracy,0.0,Recall accuracy,fraction,higher
falandays_direct_v1,falandays_direct_v1__cue_gain,cell_002,"[{""input_gain"":0.25}]","[{""scope"":""interface"",""parameter"":""input_gain"",""value"":0.25}]",cell_002,15,1,144,24,true,mean,0.25,200,200,0,3935,65,31,nothing,nothing,1,12250122898661847943,9173535536611603934,"[1,8]",recall_accuracy,1.0,1.0,ceiling,available,,,false,recall_accuracy,1.0,Recall accuracy,fraction,higher
falandays_direct_v1,falandays_direct_v1__cue_gain,cell_002,"[{""input_gain"":0.25}]","[{""scope"":""interface"",""parameter"":""input_gain"",""value"":0.25}]",cell_002,16,1,144,144,true,mean,0.25,200,200,0,4055,57,34,nothing,nothing,1,5728837636757173799,17882706362734959438,"[1,128]",recall_accuracy,1.0,1.0,ceiling,available,,,false,recall_accuracy,1.0,Recall accuracy,fraction,higher
falandays_direct_v1,falandays_direct_v1__cue_gain,cell_002,"[{""input_gain"":0.25}]","[{""scope"":""interface"",""parameter"":""input_gain"",""value"":0.25}]",cell_002,17,1,144,48,true,mean,0.25,200,200,0,3990,60,39,nothing,nothing,1,1688327312157973031,10221160784258913491,"[2,32]",recall_accuracy,0.0,0.0,floor,available,,,false,recall_accuracy,0.0,Recall accuracy,fraction,higher
falandays_direct_v1,falandays_direct_v1__cue_gain,cell_002,"[{""input_gain"":0.25}]","[{""scope"":""interface"",""parameter"":""input_gain"",""value"":0.25}]",cell_002,18,1,144,48,true,mean,0.25,200,200,0,3949,62,38,nothing,nothing,1,749010461240991141,12131565372770077396,"[1,32]",recall_accuracy,1.0,1.0,ceiling,available,,,false,recall_accuracy,1.0,Recall accuracy,fraction,higher
falandays_direct_v1,falandays_direct_v1__cue_gain,cell_002,"[{""input_gain"":0.25}]","[{""scope"":""interface"",""parameter"":""input_gain"",""value"":0.25}]",cell_002,19,1,144,144,true,mean,0.25,200,200,0,3908,56,38,nothing,nothing,1,15696681152727596010,3067316268179985911,"[2,128]",recall_accuracy,0.0,0.0,floor,available,,,false,recall_accuracy,0.0,Recall accuracy,fraction,higher
falandays_direct_v1,falandays_direct_v1__cue_gain,cell_002,"[{""input_gain"":0.25}]","[{""scope"":""interface"",""parameter"":""input_gain"",""value"":0.25}]",cell_002,20,1,144,48,true,mean,0.25,200,200,0,3952,60,40,nothing,nothing,1,3887908280811000983,4367688531973349399,"[1,32]",recall_accuracy,1.0,1.0,ceiling,available,,,false,recall_accuracy,1.0,Recall accuracy,fraction,higher
falandays_direct_v1,falandays_direct_v1__cue_gain,cell_002,"[{""input_gain"":0.25}]","[{""scope"":""interface"",""parameter"":""input_gain"",""value"":0.25}]",cell_002,21,1,144,48,true,mean,0.25,200,200,0,3899,66,35,nothing,nothing,1,6348457907726908322,14850400267946205414,"[2,32]",recall_accuracy,0.0,0.0,floor,available,,,false,recall_accuracy,0.0,Recall accuracy,fraction,higher
falandays_direct_v1,falandays_direct_v1__cue_gain,cell_002,"[{""input_gain"":0.25}]","[{""scope"":""interface"",""parameter"":""input_gain"",""value"":0.25}]",cell_002,22,1,144,144,true,mean,0.25,200,200,0,3970,52,43,nothing,nothing,1,12067343499115009084,1305036494483538562,"[2,128]",recall_accuracy,0.0,0.0,floor,available,,,false,recall_accuracy,0.0,Recall accuracy,fraction,higher
falandays_direct_v1,falandays_direct_v1__cue_gain,cell_002,"[{""input_gain"":0.25}]","[{""scope"":""interface"",""parameter"":""input_gain"",""value"":0.25}]",cell_002,23,1,144,48,true,mean,0.25,200,200,0,4003,44,36,nothing,nothing,1,1456088996810007893,9248486385473542497,"[2,32]",recall_accuracy,0.0,0.0,floor,available,,,false,recall_accuracy,0.0,Recall accuracy,fraction,higher
falandays_direct_v1,falandays_direct_v1__cue_gain,cell_002,"[{""input_gain"":0.25}]","[{""scope"":""interface"",""parameter"":""input_gain"",""value"":0.25}]",cell_002,24,1,144,48,true,mean,0.25,200,200,0,4019,62,42,nothing,nothing,1,12296449013820028580,2365857526890167594,"[1,32]",recall_accuracy,1.0,1.0,ceiling,available,,,false,recall_accuracy,1.0,Recall accuracy,fraction,higher
falandays_direct_v1,falandays_direct_v1__cue_gain,cell_002,"[{""input_gain"":0.25}]","[{""scope"":""interface"",""parameter"":""input_gain"",""value"":0.25}]",cell_002,25,1,144,144,true,mean,0.25,200,200,0,3969,55,41,nothing,nothing,1,13242257255797595924,13790341136909193717,"[2,128]",recall_accuracy,0.0,0.0,floor,available,,,false,recall_accuracy,0.0,Recall accuracy,fraction,higher
falandays_direct_v1,falandays_direct_v1__cue_gain,cell_002,"[{""input_gain"":0.25}]","[{""scope"":""interface"",""parameter"":""input_gain"",""value"":0.25}]",cell_002,26,1,144,24,true,mean,0.25,200,200,0,4041,67,38,nothing,nothing,1,15691522525334327019,9018541844550905015,"[2,8]",recall_accuracy,0.0,0.0,floor,available,,,false,recall_accuracy,0.0,Recall accuracy,fraction,higher
falandays_direct_v1,falandays_direct_v1__cue_gain,cell_002,"[{""input_gain"":0.25}]","[{""scope"":""interface"",""parameter"":""input_gain"",""value"":0.25}]",cell_002,27,1,144,144,true,mean,0.25,200,200,0,3959,65,47,nothing,nothing,1,2527375291412315002,16000658053978501663,"[1,128]",recall_accuracy,1.0,1.0,ceiling,available,,,false,recall_accuracy,1.0,Recall accuracy,fraction,higher
falandays_direct_v1,falandays_direct_v1__cue_gain,cell_002,"[{""input_gain"":0.25}]","[{""scope"":""interface"",""parameter"":""input_gain"",""value"":0.25}]",cell_002,28,1,144,48,true,mean,0.25,200,200,0,3999,67,41,nothing,nothing,1,13908397727894472465,7476633210553105177,"[1,32]",recall_accuracy,1.0,1.0,ceiling,available,,,false,recall_accuracy,1.0,Recall accuracy,fraction,higher
falandays_direct_v1,falandays_direct_v1__cue_gain,cell_002,"[{""input_gain"":0.25}]","[{""scope"":""interface"",""parameter"":""input_gain"",""value"":0.25}]",cell_002,29,1,144,48,true,mean,0.25,200,200,0,4027,62,35,nothing,nothing,1,7879620809424902802,5513416892640168739,"[1,32]",recall_accuracy,1.0,1.0,ceiling,available,,,false,recall_accuracy,1.0,Recall accuracy,fraction,higher
falandays_direct_v1,falandays_direct_v1__cue_gain,cell_002,"[{""input_gain"":0.25}]","[{""scope"":""interface"",""parameter"":""input_gain"",""value"":0.25}]",cell_002,30,1,144,144,true,mean,0.25,200,200,0,3976,62,49,nothing,nothing,1,5259748803054981645,2541231920251608604,"[2,128]",recall_accuracy,0.0,0.0,floor,available,,,false,recall_accuracy,0.0,Recall accuracy,fraction,higher
falandays_direct_v1,falandays_direct_v1__cue_gain,cell_002,"[{""input_gain"":0.25}]","[{""scope"":""interface"",""parameter"":""input_gain"",""value"":0.25}]",cell_002,31,1,144,144,true,mean,0.25,200,200,0,3989,75,40,nothing,nothing,1,18365469644567928756,4041610743621828700,"[1,128]",recall_accuracy,1.0,1.0,ceiling,available,,,false,recall_accuracy,1.0,Recall accuracy,fraction,higher
falandays_direct_v1,falandays_direct_v1__cue_gain,cell_002,"[{""input_gain"":0.25}]","[{""scope"":""interface"",""parameter"":""input_gain"",""value"":0.25}]",cell_002,32,1,144,144,true,mean,0.25,200,200,0,3935,54,43,nothing,nothing,1,8575614502913865459,16705439672251359517,"[2,128]",recall_accuracy,0.0,0.0,floor,available,,,false,recall_accuracy,0.0,Recall accuracy,fraction,higher
falandays_direct_v1,falandays_direct_v1__cue_gain,cell_002,"[{""input_gain"":0.25}]","[{""scope"":""interface"",""parameter"":""input_gain"",""value"":0.25}]",cell_002,33,1,144,24,true,mean,0.25,200,200,0,3897,61,42,nothing,nothing,1,14739059881887869130,5559042496469174930,"[1,8]",recall_accuracy,1.0,1.0,ceiling,available,,,false,recall_accuracy,1.0,Recall accuracy,fraction,higher
falandays_direct_v1,falandays_direct_v1__cue_gain,cell_002,"[{""input_gain"":0.25}]","[{""scope"":""interface"",""parameter"":""input_gain"",""value"":0.25}]",cell_002,34,1,144,24,true,mean,0.25,200,200,0,3944,46,38,nothing,nothing,1,1691347055536277651,11622768072155729540,"[1,8]",recall_accuracy,1.0,1.0,ceiling,available,,,false,recall_accuracy,1.0,Recall accuracy,fraction,higher
falandays_direct_v1,falandays_direct_v1__cue_gain,cell_002,"[{""input_gain"":0.25}]","[{""scope"":""interface"",""parameter"":""input_gain"",""value"":0.25}]",cell_002,35,1,144,144,true,mean,0.25,200,200,0,3994,65,41,nothing,nothing,1,12238681826103955801,4642113296036802231,"[1,128]",recall_accuracy,1.0,1.0,ceiling,available,,,false,recall_accuracy,1.0,Recall accuracy,fraction,higher
falandays_direct_v1,falandays_direct_v1__cue_gain,cell_002,"[{""input_gain"":0.25}]","[{""scope"":""interface"",""parameter"":""input_gain"",""value"":0.25}]",cell_002,36,1,144,48,true,mean,0.25,200,200,0,4109,65,32,nothing,nothing,1,13391442460675217735,4759790416418358215,"[2,32]",recall_accuracy,0.0,0.0,floor,available,,,false,recall_accuracy,0.0,Recall accuracy,fraction,higher
falandays_direct_v1,falandays_direct_v1__cue_gain,cell_002,"[{""input_gain"":0.25}]","[{""scope"":""interface"",""parameter"":""input_gain"",""value"":0.25}]",cell_002,37,1,144,48,true,mean,0.25,200,200,0,4044,63,41,nothing,nothing,1,16546253964087852877,12221295028980735749,"[1,32]",recall_accuracy,1.0,1.0,ceiling,available,,,false,recall_accuracy,1.0,Recall accuracy,fraction,higher
falandays_direct_v1,falandays_direct_v1__cue_gain,cell_002,"[{""input_gain"":0.25}]","[{""scope"":""interface"",""parameter"":""input_gain"",""value"":0.25}]",cell_002,38,1,144,48,true,mean,0.25,200,200,0,4018,58,41,nothing,nothing,1,16861330826438584791,4307155270124468204,"[2,32]",recall_accuracy,0.0,0.0,floor,available,,,false,recall_accuracy,0.0,Recall accuracy,fraction,higher
falandays_direct_v1,falandays_direct_v1__cue_gain,cell_002,"[{""input_gain"":0.25}]","[{""scope"":""interface"",""parameter"":""input_gain"",""value"":0.25}]",cell_002,39,1,144,48,true,mean,0.25,200,200,0,3984,59,43,nothing,nothing,1,5619571513751481896,13772695671122785095,"[2,32]",recall_accuracy,0.0,0.0,floor,available,,,false,recall_accuracy,0.0,Recall accuracy,fraction,higher
falandays_direct_v1,falandays_direct_v1__cue_gain,cell_002,"[{""input_gain"":0.25}]","[{""scope"":""interface"",""parameter"":""input_gain"",""value"":0.25}]",cell_002,40,1,144,48,true,mean,0.25,200,200,0,3973,58,48,nothing,nothing,1,4910676185985938041,1827413742199942425,"[2,32]",recall_accuracy,0.0,0.0,floor,available,,,false,recall_accuracy,0.0,Recall accuracy,fraction,higher
falandays_direct_v1,falandays_direct_v1__cue_gain,cell_002,"[{""input_gain"":0.25}]","[{""scope"":""interface"",""parameter"":""input_gain"",""value"":0.25}]",cell_002,41,1,144,144,true,mean,0.25,200,200,0,4029,53,49,nothing,nothing,1,6546389962142919961,1780461504424025134,"[2,128]",recall_accuracy,0.0,0.0,floor,available,,,false,recall_accuracy,0.0,Recall accuracy,fraction,higher
falandays_direct_v1,falandays_direct_v1__cue_gain,cell_002,"[{""input_gain"":0.25}]","[{""scope"":""interface"",""parameter"":""input_gain"",""value"":0.25}]",cell_002,42,1,144,24,true,mean,0.25,200,200,0,4035,53,41,nothing,nothing,1,11349448369167888049,8642874451656507712,"[1,8]",recall_accuracy,1.0,1.0,ceiling,available,,,false,recall_accuracy,1.0,Recall accuracy,fraction,higher
falandays_direct_v1,falandays_direct_v1__cue_gain,cell_002,"[{""input_gain"":0.25}]","[{""scope"":""interface"",""parameter"":""input_gain"",""value"":0.25}]",cell_002,43,1,144,144,true,mean,0.25,200,200,0,4014,56,48,nothing,nothing,1,13845801875421481039,7456934522800937254,"[2,128]",recall_accuracy,0.0,0.0,floor,available,,,false,recall_accuracy,0.0,Recall accuracy,fraction,higher
falandays_direct_v1,falandays_direct_v1__cue_gain,cell_002,"[{""input_gain"":0.25}]","[{""scope"":""interface"",""parameter"":""input_gain"",""value"":0.25}]",cell_002,44,1,144,48,true,mean,0.25,200,200,0,3882,76,41,nothing,nothing,1,17637343676182291106,257703088949437611,"[1,32]",recall_accuracy,1.0,1.0,ceiling,available,,,false,recall_accuracy,1.0,Recall accuracy,fraction,higher
falandays_direct_v1,falandays_direct_v1__cue_gain,cell_002,"[{""input_gain"":0.25}]","[{""scope"":""interface"",""parameter"":""input_gain"",""value"":0.25}]",cell_002,45,1,144,144,true,mean,0.25,200,200,0,4103,60,37,nothing,nothing,1,10695794649270763135,12347181926683009745,"[2,128]",recall_accuracy,0.0,0.0,floor,available,,,false,recall_accuracy,0.0,Recall accuracy,fraction,higher
falandays_direct_v1,falandays_direct_v1__cue_gain,cell_002,"[{""input_gain"":0.25}]","[{""scope"":""interface"",""parameter"":""input_gain"",""value"":0.25}]",cell_002,46,1,144,24,true,mean,0.25,200,200,0,3909,67,40,nothing,nothing,1,11945222342811947661,14451551029179234932,"[2,8]",recall_accuracy,0.0,0.0,floor,available,,,false,recall_accuracy,0.0,Recall accuracy,fraction,higher
falandays_direct_v1,falandays_direct_v1__cue_gain,cell_002,"[{""input_gain"":0.25}]","[{""scope"":""interface"",""parameter"":""input_gain"",""value"":0.25}]",cell_002,47,1,144,24,true,mean,0.25,200,200,0,4068,60,39,nothing,nothing,1,11886869482354147328,12823158141346789681,"[1,8]",recall_accuracy,1.0,1.0,ceiling,available,,,false,recall_accuracy,1.0,Recall accuracy,fraction,higher
falandays_direct_v1,falandays_direct_v1__cue_gain,cell_002,"[{""input_gain"":0.25}]","[{""scope"":""interface"",""parameter"":""input_gain"",""value"":0.25}]",cell_002,48,1,144,24,true,mean,0.25,200,200,0,4026,60,51,nothing,nothing,1,2234593526373743716,18048444690023247949,"[1,8]",recall_accuracy,1.0,1.0,ceiling,available,,,false,recall_accuracy,1.0,Recall accuracy,fraction,higher
falandays_direct_v1,falandays_direct_v1__cue_gain,cell_002,"[{""input_gain"":0.25}]","[{""scope"":""interface"",""parameter"":""input_gain"",""value"":0.25}]",cell_002,49,1,144,144,true,mean,0.25,200,200,0,3956,58,42,nothing,nothing,1,13403011621904115811,1248657061175819954,"[1,128]",recall_accuracy,1.0,1.0,ceiling,available,,,false,recall_accuracy,1.0,Recall accuracy,fraction,higher
falandays_direct_v1,falandays_direct_v1__cue_gain,cell_002,"[{""input_gain"":0.25}]","[{""scope"":""interface"",""parameter"":""input_gain"",""value"":0.25}]",cell_002,50,1,144,48,true,mean,0.25,200,200,0,4088,75,34,nothing,nothing,1,17210097905261720925,8342279397843918002,"[1,32]",recall_accuracy,1.0,1.0,ceiling,available,,,false,recall_accuracy,1.0,Recall accuracy,fraction,higher
falandays_direct_v1,falandays_direct_v1__cue_gain,cell_002,"[{""input_gain"":0.25}]","[{""scope"":""interface"",""parameter"":""input_gain"",""value"":0.25}]",cell_002,51,1,144,24,true,mean,0.25,200,200,0,3958,65,48,nothing,nothing,1,454914120579874133,16475816545815083334,"[2,8]",recall_accuracy,0.0,0.0,floor,available,,,false,recall_accuracy,0.0,Recall accuracy,fraction,higher
falandays_direct_v1,falandays_direct_v1__cue_gain,cell_002,"[{""input_gain"":0.25}]","[{""scope"":""interface"",""parameter"":""input_gain"",""value"":0.25}]",cell_002,52,1,144,144,true,mean,0.25,200,200,0,3972,47,28,nothing,nothing,1,1438281246603355359,12395589511584612683,"[2,128]",recall_accuracy,0.0,0.0,floor,available,,,false,recall_accuracy,0.0,Recall accuracy,fraction,higher
falandays_direct_v1,falandays_direct_v1__cue_gain,cell_002,"[{""input_gain"":0.25}]","[{""scope"":""interface"",""parameter"":""input_gain"",""value"":0.25}]",cell_002,53,1,144,24,true,mean,0.25,200,200,0,4010,60,37,nothing,nothing,1,6241271471225088958,8890533234528554735,"[2,8]",recall_accuracy,0.0,0.0,floor,available,,,false,recall_accuracy,0.0,Recall accuracy,fraction,higher
falandays_direct_v1,falandays_direct_v1__cue_gain,cell_002,"[{""input_gain"":0.25}]","[{""scope"":""interface"",""parameter"":""input_gain"",""value"":0.25}]",cell_002,54,1,144,144,true,mean,0.25,200,200,0,3921,65,41,nothing,nothing,1,14335423250921699584,15373284929577107875,"[2,128]",recall_accuracy,0.0,0.0,floor,available,,,false,recall_accuracy,0.0,Recall accuracy,fraction,higher
falandays_direct_v1,falandays_direct_v1__cue_gain,cell_002,"[{""input_gain"":0.25}]","[{""scope"":""interface"",""parameter"":""input_gain"",""value"":0.25}]",cell_002,55,1,144,48,true,mean,0.25,200,200,0,3949,61,43,nothing,nothing,1,6757410026560355548,11815403074947356053,"[1,32]",recall_accuracy,1.0,1.0,ceiling,available,,,false,recall_accuracy,1.0,Recall accuracy,fraction,higher
falandays_direct_v1,falandays_direct_v1__cue_gain,cell_002,"[{""input_gain"":0.25}]","[{""scope"":""interface"",""parameter"":""input_gain"",""value"":0.25}]",cell_002,56,1,144,144,true,mean,0.25,200,200,0,3986,69,43,nothing,nothing,1,15532406203839688342,13162847327565096646,"[1,128]",recall_accuracy,1.0,1.0,ceiling,available,,,false,recall_accuracy,1.0,Recall accuracy,fraction,higher
falandays_direct_v1,falandays_direct_v1__cue_gain,cell_002,"[{""input_gain"":0.25}]","[{""scope"":""interface"",""parameter"":""input_gain"",""value"":0.25}]",cell_002,57,1,144,48,true,mean,0.25,200,200,0,4098,69,44,nothing,nothing,1,4681648634298740672,7511054878922844313,"[1,32]",recall_accuracy,1.0,1.0,ceiling,available,,,false,recall_accuracy,1.0,Recall accuracy,fraction,higher
falandays_direct_v1,falandays_direct_v1__cue_gain,cell_002,"[{""input_gain"":0.25}]","[{""scope"":""interface"",""parameter"":""input_gain"",""value"":0.25}]",cell_002,58,1,144,144,true,mean,0.25,200,200,0,3981,57,49,nothing,nothing,1,1580537468734461251,8570678930441301800,"[1,128]",recall_accuracy,1.0,1.0,ceiling,available,,,false,recall_accuracy,1.0,Recall accuracy,fraction,higher
falandays_direct_v1,falandays_direct_v1__cue_gain,cell_002,"[{""input_gain"":0.25}]","[{""scope"":""interface"",""parameter"":""input_gain"",""value"":0.25}]",cell_002,59,1,144,48,true,mean,0.25,200,200,0,3982,65,36,nothing,nothing,1,2591394955471149440,5426089333597508761,"[2,32]",recall_accuracy,0.0,0.0,floor,available,,,false,recall_accuracy,0.0,Recall accuracy,fraction,higher
falandays_direct_v1,falandays_direct_v1__cue_gain,cell_002,"[{""input_gain"":0.25}]","[{""scope"":""interface"",""parameter"":""input_gain"",""value"":0.25}]",cell_002,60,1,144,48,true,mean,0.25,200,200,0,3878,58,37,nothing,nothing,1,8085342557278006757,5214327403748666619,"[2,32]",recall_accuracy,0.0,0.0,floor,available,,,false,recall_accuracy,0.0,Recall accuracy,fraction,higher
falandays_direct_v1,falandays_direct_v1__cue_gain,cell_002,"[{""input_gain"":0.25}]","[{""scope"":""interface"",""parameter"":""input_gain"",""value"":0.25}]",cell_002,61,1,144,48,true,mean,0.25,200,200,0,3986,62,30,nothing,nothing,1,4172587101430188940,8002679564930726200,"[2,32]",recall_accuracy,0.0,0.0,floor,available,,,false,recall_accuracy,0.0,Recall accuracy,fraction,higher
falandays_direct_v1,falandays_direct_v1__cue_gain,cell_002,"[{""input_gain"":0.25}]","[{""scope"":""interface"",""parameter"":""input_gain"",""value"":0.25}]",cell_002,62,1,144,48,true,mean,0.25,200,200,0,4020,60,40,nothing,nothing,1,14794377271049026763,17228052206586944633,"[1,32]",recall_accuracy,1.0,1.0,ceiling,available,,,false,recall_accuracy,1.0,Recall accuracy,fraction,higher
falandays_direct_v1,falandays_direct_v1__cue_gain,cell_002,"[{""input_gain"":0.25}]","[{""scope"":""interface"",""parameter"":""input_gain"",""value"":0.25}]",cell_002,63,1,144,48,true,mean,0.25,200,200,0,4006,68,43,nothing,nothing,1,678527023195682622,2441450863927944530,"[1,32]",recall_accuracy,1.0,1.0,ceiling,available,,,false,recall_accuracy,1.0,Recall accuracy,fraction,higher
falandays_direct_v1,falandays_direct_v1__cue_gain,cell_002,"[{""input_gain"":0.25}]","[{""scope"":""interface"",""parameter"":""input_gain"",""value"":0.25}]",cell_002,64,1,144,24,true,mean,0.25,200,200,0,3985,56,31,nothing,nothing,1,15062871301358266762,10959836952691641193,"[2,8]",recall_accuracy,0.0,0.0,floor,available,,,false,recall_accuracy,0.0,Recall accuracy,fraction,higher
falandays_direct_v1,falandays_direct_v1__cue_gain,cell_003,"[{""input_gain"":0.5}]","[{""scope"":""interface"",""parameter"":""input_gain"",""value"":0.5}]",cell_003,1,1,144,24,true,mean,0.5,200,200,0,4116,68,41,nothing,nothing,1,12594128219311072171,8092595526124825526,"[1,8]",recall_accuracy,0.0,0.0,floor,available,,,true,recall_accuracy,0.0,Recall accuracy,fraction,higher
falandays_direct_v1,falandays_direct_v1__cue_gain,cell_003,"[{""input_gain"":0.5}]","[{""scope"":""interface"",""parameter"":""input_gain"",""value"":0.5}]",cell_003,2,1,144,24,true,mean,0.5,200,200,0,4050,64,35,nothing,nothing,1,3112638069852970545,6701411026981952686,"[1,8]",recall_accuracy,0.0,0.0,floor,available,,,true,recall_accuracy,0.0,Recall accuracy,fraction,higher
falandays_direct_v1,falandays_direct_v1__cue_gain,cell_003,"[{""input_gain"":0.5}]","[{""scope"":""interface"",""parameter"":""input_gain"",""value"":0.5}]",cell_003,3,1,144,48,true,mean,0.5,200,200,0,3921,59,46,nothing,nothing,1,3252372254226619730,9335131981025201213,"[1,32]",recall_accuracy,1.0,1.0,ceiling,available,,,true,recall_accuracy,1.0,Recall accuracy,fraction,higher
falandays_direct_v1,falandays_direct_v1__cue_gain,cell_003,"[{""input_gain"":0.5}]","[{""scope"":""interface"",""parameter"":""input_gain"",""value"":0.5}]",cell_003,4,1,144,24,true,mean,0.5,200,200,0,4003,71,43,nothing,nothing,1,5194087443396628577,9699077174267993794,"[1,8]",recall_accuracy,1.0,1.0,ceiling,available,,,true,recall_accuracy,1.0,Recall accuracy,fraction,higher
falandays_direct_v1,falandays_direct_v1__cue_gain,cell_003,"[{""input_gain"":0.5}]","[{""scope"":""interface"",""parameter"":""input_gain"",""value"":0.5}]",cell_003,5,1,144,24,true,mean,0.5,200,200,0,4019,57,53,nothing,nothing,1,4334358284774126499,15316878938203924676,"[1,8]",recall_accuracy,0.0,0.0,floor,available,,,true,recall_accuracy,0.0,Recall accuracy,fraction,higher
falandays_direct_v1,falandays_direct_v1__cue_gain,cell_003,"[{""input_gain"":0.5}]","[{""scope"":""interface"",""parameter"":""input_gain"",""value"":0.5}]",cell_003,6,1,144,144,true,mean,0.5,200,200,0,4033,70,43,nothing,nothing,1,13951672084048746250,17465024622011189119,"[1,128]",recall_accuracy,0.0,0.0,floor,available,,,true,recall_accuracy,0.0,Recall accuracy,fraction,higher
falandays_direct_v1,falandays_direct_v1__cue_gain,cell_003,"[{""input_gain"":0.5}]","[{""scope"":""interface"",""parameter"":""input_gain"",""value"":0.5}]",cell_003,7,1,144,144,true,mean,0.5,200,200,0,3987,52,44,nothing,nothing,1,16761261485954868533,16015605207609979784,"[2,128]",recall_accuracy,0.0,0.0,floor,available,,,true,recall_accuracy,0.0,Recall accuracy,fraction,higher
falandays_direct_v1,falandays_direct_v1__cue_gain,cell_003,"[{""input_gain"":0.5}]","[{""scope"":""interface"",""parameter"":""input_gain"",""value"":0.5}]",cell_003,8,1,144,48,true,mean,0.5,200,200,0,3889,60,45,nothing,nothing,1,2137829287241869961,439802552602527111,"[1,32]",recall_accuracy,0.0,0.0,floor,available,,,true,recall_accuracy,0.0,Recall accuracy,fraction,higher
falandays_direct_v1,falandays_direct_v1__cue_gain,cell_003,"[{""input_gain"":0.5}]","[{""scope"":""interface"",""parameter"":""input_gain"",""value"":0.5}]",cell_003,9,1,144,48,true,mean,0.5,200,200,0,4013,50,37,nothing,nothing,1,8709559762848532333,16815393164913437588,"[1,32]",recall_accuracy,0.0,0.0,floor,available,,,true,recall_accuracy,0.0,Recall accuracy,fraction,higher
falandays_direct_v1,falandays_direct_v1__cue_gain,cell_003,"[{""input_gain"":0.5}]","[{""scope"":""interface"",""parameter"":""input_gain"",""value"":0.5}]",cell_003,10,1,144,144,true,mean,0.5,200,200,0,3927,60,45,nothing,nothing,1,8097260807977524711,4643994514494534576,"[1,128]",recall_accuracy,1.0,1.0,ceiling,available,,,true,recall_accuracy,1.0,Recall accuracy,fraction,higher
falandays_direct_v1,falandays_direct_v1__cue_gain,cell_003,"[{""input_gain"":0.5}]","[{""scope"":""interface"",""parameter"":""input_gain"",""value"":0.5}]",cell_003,11,1,144,48,true,mean,0.5,200,200,0,3985,63,38,nothing,nothing,1,6354404988444614712,1264918944922948723,"[2,32]",recall_accuracy,1.0,1.0,ceiling,available,,,true,recall_accuracy,1.0,Recall accuracy,fraction,higher
falandays_direct_v1,falandays_direct_v1__cue_gain,cell_003,"[{""input_gain"":0.5}]","[{""scope"":""interface"",""parameter"":""input_gain"",""value"":0.5}]",cell_003,12,1,144,144,true,mean,0.5,200,200,0,3979,71,50,nothing,nothing,1,7992910848564633563,3411290568062191086,"[1,128]",recall_accuracy,1.0,1.0,ceiling,available,,,true,recall_accuracy,1.0,Recall accuracy,fraction,higher
falandays_direct_v1,falandays_direct_v1__cue_gain,cell_003,"[{""input_gain"":0.5}]","[{""scope"":""interface"",""parameter"":""input_gain"",""value"":0.5}]",cell_003,13,1,144,24,true,mean,0.5,200,200,0,4003,61,45,nothing,nothing,1,15132623001949554602,3160238541710195767,"[2,8]",recall_accuracy,1.0,1.0,ceiling,available,,,true,recall_accuracy,1.0,Recall accuracy,fraction,higher
falandays_direct_v1,falandays_direct_v1__cue_gain,cell_003,"[{""input_gain"":0.5}]","[{""scope"":""interface"",""parameter"":""input_gain"",""value"":0.5}]",cell_003,14,1,144,24,true,mean,0.5,200,200,0,3979,53,38,nothing,nothing,1,690069523023100410,2475738350341787459,"[2,8]",recall_accuracy,0.0,0.0,floor,available,,,true,recall_accuracy,0.0,Recall accuracy,fraction,higher
falandays_direct_v1,falandays_direct_v1__cue_gain,cell_003,"[{""input_gain"":0.5}]","[{""scope"":""interface"",""parameter"":""input_gain"",""value"":0.5}]",cell_003,15,1,144,24,true,mean,0.5,200,200,0,3935,65,31,nothing,nothing,1,12250122898661847943,9173535536611603934,"[1,8]",recall_accuracy,1.0,1.0,ceiling,available,,,true,recall_accuracy,1.0,Recall accuracy,fraction,higher
falandays_direct_v1,falandays_direct_v1__cue_gain,cell_003,"[{""input_gain"":0.5}]","[{""scope"":""interface"",""parameter"":""input_gain"",""value"":0.5}]",cell_003,16,1,144,144,true,mean,0.5,200,200,0,4055,57,34,nothing,nothing,1,5728837636757173799,17882706362734959438,"[1,128]",recall_accuracy,0.0,0.0,floor,available,,,true,recall_accuracy,0.0,Recall accuracy,fraction,higher
falandays_direct_v1,falandays_direct_v1__cue_gain,cell_003,"[{""input_gain"":0.5}]","[{""scope"":""interface"",""parameter"":""input_gain"",""value"":0.5}]",cell_003,17,1,144,48,true,mean,0.5,200,200,0,3990,60,39,nothing,nothing,1,1688327312157973031,10221160784258913491,"[2,32]",recall_accuracy,0.0,0.0,floor,available,,,true,recall_accuracy,0.0,Recall accuracy,fraction,higher
falandays_direct_v1,falandays_direct_v1__cue_gain,cell_003,"[{""input_gain"":0.5}]","[{""scope"":""interface"",""parameter"":""input_gain"",""value"":0.5}]",cell_003,18,1,144,48,true,mean,0.5,200,200,0,3949,62,38,nothing,nothing,1,749010461240991141,12131565372770077396,"[1,32]",recall_accuracy,0.0,0.0,floor,available,,,true,recall_accuracy,0.0,Recall accuracy,fraction,higher
falandays_direct_v1,falandays_direct_v1__cue_gain,cell_003,"[{""input_gain"":0.5}]","[{""scope"":""interface"",""parameter"":""input_gain"",""value"":0.5}]",cell_003,19,1,144,144,true,mean,0.5,200,200,0,3908,56,38,nothing,nothing,1,15696681152727596010,3067316268179985911,"[2,128]",recall_accuracy,0.0,0.0,floor,available,,,true,recall_accuracy,0.0,Recall accuracy,fraction,higher
falandays_direct_v1,falandays_direct_v1__cue_gain,cell_003,"[{""input_gain"":0.5}]","[{""scope"":""interface"",""parameter"":""input_gain"",""value"":0.5}]",cell_003,20,1,144,48,true,mean,0.5,200,200,0,3952,60,40,nothing,nothing,1,3887908280811000983,4367688531973349399,"[1,32]",recall_accuracy,0.0,0.0,floor,available,,,true,recall_accuracy,0.0,Recall accuracy,fraction,higher
falandays_direct_v1,falandays_direct_v1__cue_gain,cell_003,"[{""input_gain"":0.5}]","[{""scope"":""interface"",""parameter"":""input_gain"",""value"":0.5}]",cell_003,21,1,144,48,true,mean,0.5,200,200,0,3899,66,35,nothing,nothing,1,6348457907726908322,14850400267946205414,"[2,32]",recall_accuracy,0.0,0.0,floor,available,,,true,recall_accuracy,0.0,Recall accuracy,fraction,higher
falandays_direct_v1,falandays_direct_v1__cue_gain,cell_003,"[{""input_gain"":0.5}]","[{""scope"":""interface"",""parameter"":""input_gain"",""value"":0.5}]",cell_003,22,1,144,144,true,mean,0.5,200,200,0,3970,52,43,nothing,nothing,1,12067343499115009084,1305036494483538562,"[2,128]",recall_accuracy,1.0,1.0,ceiling,available,,,true,recall_accuracy,1.0,Recall accuracy,fraction,higher
falandays_direct_v1,falandays_direct_v1__cue_gain,cell_003,"[{""input_gain"":0.5}]","[{""scope"":""interface"",""parameter"":""input_gain"",""value"":0.5}]",cell_003,23,1,144,48,true,mean,0.5,200,200,0,4003,44,36,nothing,nothing,1,1456088996810007893,9248486385473542497,"[2,32]",recall_accuracy,0.0,0.0,floor,available,,,true,recall_accuracy,0.0,Recall accuracy,fraction,higher
falandays_direct_v1,falandays_direct_v1__cue_gain,cell_003,"[{""input_gain"":0.5}]","[{""scope"":""interface"",""parameter"":""input_gain"",""value"":0.5}]",cell_003,24,1,144,48,true,mean,0.5,200,200,0,4019,62,42,nothing,nothing,1,12296449013820028580,2365857526890167594,"[1,32]",recall_accuracy,0.0,0.0,floor,available,,,true,recall_accuracy,0.0,Recall accuracy,fraction,higher
falandays_direct_v1,falandays_direct_v1__cue_gain,cell_003,"[{""input_gain"":0.5}]","[{""scope"":""interface"",""parameter"":""input_gain"",""value"":0.5}]",cell_003,25,1,144,144,true,mean,0.5,200,200,0,3969,55,41,nothing,nothing,1,13242257255797595924,13790341136909193717,"[2,128]",recall_accuracy,0.0,0.0,floor,available,,,true,recall_accuracy,0.0,Recall accuracy,fraction,higher
falandays_direct_v1,falandays_direct_v1__cue_gain,cell_003,"[{""input_gain"":0.5}]","[{""scope"":""interface"",""parameter"":""input_gain"",""value"":0.5}]",cell_003,26,1,144,24,true,mean,0.5,200,200,0,4041,67,38,nothing,nothing,1,15691522525334327019,9018541844550905015,"[2,8]",recall_accuracy,0.0,0.0,floor,available,,,true,recall_accuracy,0.0,Recall accuracy,fraction,higher
falandays_direct_v1,falandays_direct_v1__cue_gain,cell_003,"[{""input_gain"":0.5}]","[{""scope"":""interface"",""parameter"":""input_gain"",""value"":0.5}]",cell_003,27,1,144,144,true,mean,0.5,200,200,0,3959,65,47,nothing,nothing,1,2527375291412315002,16000658053978501663,"[1,128]",recall_accuracy,1.0,1.0,ceiling,available,,,true,recall_accuracy,1.0,Recall accuracy,fraction,higher
falandays_direct_v1,falandays_direct_v1__cue_gain,cell_003,"[{""input_gain"":0.5}]","[{""scope"":""interface"",""parameter"":""input_gain"",""value"":0.5}]",cell_003,28,1,144,48,true,mean,0.5,200,200,0,3999,67,41,nothing,nothing,1,13908397727894472465,7476633210553105177,"[1,32]",recall_accuracy,0.0,0.0,floor,available,,,true,recall_accuracy,0.0,Recall accuracy,fraction,higher
falandays_direct_v1,falandays_direct_v1__cue_gain,cell_003,"[{""input_gain"":0.5}]","[{""scope"":""interface"",""parameter"":""input_gain"",""value"":0.5}]",cell_003,29,1,144,48,true,mean,0.5,200,200,0,4027,62,35,nothing,nothing,1,7879620809424902802,5513416892640168739,"[1,32]",recall_accuracy,1.0,1.0,ceiling,available,,,true,recall_accuracy,1.0,Recall accuracy,fraction,higher
falandays_direct_v1,falandays_direct_v1__cue_gain,cell_003,"[{""input_gain"":0.5}]","[{""scope"":""interface"",""parameter"":""input_gain"",""value"":0.5}]",cell_003,30,1,144,144,true,mean,0.5,200,200,0,3976,62,49,nothing,nothing,1,5259748803054981645,2541231920251608604,"[2,128]",recall_accuracy,0.0,0.0,floor,available,,,true,recall_accuracy,0.0,Recall accuracy,fraction,higher
falandays_direct_v1,falandays_direct_v1__cue_gain,cell_003,"[{""input_gain"":0.5}]","[{""scope"":""interface"",""parameter"":""input_gain"",""value"":0.5}]",cell_003,31,1,144,144,true,mean,0.5,200,200,0,3989,75,40,nothing,nothing,1,18365469644567928756,4041610743621828700,"[1,128]",recall_accuracy,1.0,1.0,ceiling,available,,,true,recall_accuracy,1.0,Recall accuracy,fraction,higher
falandays_direct_v1,falandays_direct_v1__cue_gain,cell_003,"[{""input_gain"":0.5}]","[{""scope"":""interface"",""parameter"":""input_gain"",""value"":0.5}]",cell_003,32,1,144,144,true,mean,0.5,200,200,0,3935,54,43,nothing,nothing,1,8575614502913865459,16705439672251359517,"[2,128]",recall_accuracy,1.0,1.0,ceiling,available,,,true,recall_accuracy,1.0,Recall accuracy,fraction,higher
falandays_direct_v1,falandays_direct_v1__cue_gain,cell_003,"[{""input_gain"":0.5}]","[{""scope"":""interface"",""parameter"":""input_gain"",""value"":0.5}]",cell_003,33,1,144,24,true,mean,0.5,200,200,0,3897,61,42,nothing,nothing,1,14739059881887869130,5559042496469174930,"[1,8]",recall_accuracy,0.0,0.0,floor,available,,,true,recall_accuracy,0.0,Recall accuracy,fraction,higher
falandays_direct_v1,falandays_direct_v1__cue_gain,cell_003,"[{""input_gain"":0.5}]","[{""scope"":""interface"",""parameter"":""input_gain"",""value"":0.5}]",cell_003,34,1,144,24,true,mean,0.5,200,200,0,3944,46,38,nothing,nothing,1,1691347055536277651,11622768072155729540,"[1,8]",recall_accuracy,1.0,1.0,ceiling,available,,,true,recall_accuracy,1.0,Recall accuracy,fraction,higher
falandays_direct_v1,falandays_direct_v1__cue_gain,cell_003,"[{""input_gain"":0.5}]","[{""scope"":""interface"",""parameter"":""input_gain"",""value"":0.5}]",cell_003,35,1,144,144,true,mean,0.5,200,200,0,3994,65,41,nothing,nothing,1,12238681826103955801,4642113296036802231,"[1,128]",recall_accuracy,1.0,1.0,ceiling,available,,,true,recall_accuracy,1.0,Recall accuracy,fraction,higher
falandays_direct_v1,falandays_direct_v1__cue_gain,cell_003,"[{""input_gain"":0.5}]","[{""scope"":""interface"",""parameter"":""input_gain"",""value"":0.5}]",cell_003,36,1,144,48,true,mean,0.5,200,200,0,4109,65,32,nothing,nothing,1,13391442460675217735,4759790416418358215,"[2,32]",recall_accuracy,1.0,1.0,ceiling,available,,,true,recall_accuracy,1.0,Recall accuracy,fraction,higher
falandays_direct_v1,falandays_direct_v1__cue_gain,cell_003,"[{""input_gain"":0.5}]","[{""scope"":""interface"",""parameter"":""input_gain"",""value"":0.5}]",cell_003,37,1,144,48,true,mean,0.5,200,200,0,4044,63,41,nothing,nothing,1,16546253964087852877,12221295028980735749,"[1,32]",recall_accuracy,0.0,0.0,floor,available,,,true,recall_accuracy,0.0,Recall accuracy,fraction,higher
falandays_direct_v1,falandays_direct_v1__cue_gain,cell_003,"[{""input_gain"":0.5}]","[{""scope"":""interface"",""parameter"":""input_gain"",""value"":0.5}]",cell_003,38,1,144,48,true,mean,0.5,200,200,0,4018,58,41,nothing,nothing,1,16861330826438584791,4307155270124468204,"[2,32]",recall_accuracy,1.0,1.0,ceiling,available,,,true,recall_accuracy,1.0,Recall accuracy,fraction,higher
falandays_direct_v1,falandays_direct_v1__cue_gain,cell_003,"[{""input_gain"":0.5}]","[{""scope"":""interface"",""parameter"":""input_gain"",""value"":0.5}]",cell_003,39,1,144,48,true,mean,0.5,200,200,0,3984,59,43,nothing,nothing,1,5619571513751481896,13772695671122785095,"[2,32]",recall_accuracy,0.0,0.0,floor,available,,,true,recall_accuracy,0.0,Recall accuracy,fraction,higher
falandays_direct_v1,falandays_direct_v1__cue_gain,cell_003,"[{""input_gain"":0.5}]","[{""scope"":""interface"",""parameter"":""input_gain"",""value"":0.5}]",cell_003,40,1,144,48,true,mean,0.5,200,200,0,3973,58,48,nothing,nothing,1,4910676185985938041,1827413742199942425,"[2,32]",recall_accuracy,0.0,0.0,floor,available,,,true,recall_accuracy,0.0,Recall accuracy,fraction,higher
falandays_direct_v1,falandays_direct_v1__cue_gain,cell_003,"[{""input_gain"":0.5}]","[{""scope"":""interface"",""parameter"":""input_gain"",""value"":0.5}]",cell_003,41,1,144,144,true,mean,0.5,200,200,0,4029,53,49,nothing,nothing,1,6546389962142919961,1780461504424025134,"[2,128]",recall_accuracy,1.0,1.0,ceiling,available,,,true,recall_accuracy,1.0,Recall accuracy,fraction,higher
falandays_direct_v1,falandays_direct_v1__cue_gain,cell_003,"[{""input_gain"":0.5}]","[{""scope"":""interface"",""parameter"":""input_gain"",""value"":0.5}]",cell_003,42,1,144,24,true,mean,0.5,200,200,0,4035,53,41,nothing,nothing,1,11349448369167888049,8642874451656507712,"[1,8]",recall_accuracy,0.0,0.0,floor,available,,,true,recall_accuracy,0.0,Recall accuracy,fraction,higher
falandays_direct_v1,falandays_direct_v1__cue_gain,cell_003,"[{""input_gain"":0.5}]","[{""scope"":""interface"",""parameter"":""input_gain"",""value"":0.5}]",cell_003,43,1,144,144,true,mean,0.5,200,200,0,4014,56,48,nothing,nothing,1,13845801875421481039,7456934522800937254,"[2,128]",recall_accuracy,0.0,0.0,floor,available,,,true,recall_accuracy,0.0,Recall accuracy,fraction,higher
falandays_direct_v1,falandays_direct_v1__cue_gain,cell_003,"[{""input_gain"":0.5}]","[{""scope"":""interface"",""parameter"":""input_gain"",""value"":0.5}]",cell_003,44,1,144,48,true,mean,0.5,200,200,0,3882,76,41,nothing,nothing,1,17637343676182291106,257703088949437611,"[1,32]",recall_accuracy,1.0,1.0,ceiling,available,,,true,recall_accuracy,1.0,Recall accuracy,fraction,higher
falandays_direct_v1,falandays_direct_v1__cue_gain,cell_003,"[{""input_gain"":0.5}]","[{""scope"":""interface"",""parameter"":""input_gain"",""value"":0.5}]",cell_003,45,1,144,144,true,mean,0.5,200,200,0,4103,60,37,nothing,nothing,1,10695794649270763135,12347181926683009745,"[2,128]",recall_accuracy,0.0,0.0,floor,available,,,true,recall_accuracy,0.0,Recall accuracy,fraction,higher
falandays_direct_v1,falandays_direct_v1__cue_gain,cell_003,"[{""input_gain"":0.5}]","[{""scope"":""interface"",""parameter"":""input_gain"",""value"":0.5}]",cell_003,46,1,144,24,true,mean,0.5,200,200,0,3909,67,40,nothing,nothing,1,11945222342811947661,14451551029179234932,"[2,8]",recall_accuracy,0.0,0.0,floor,available,,,true,recall_accuracy,0.0,Recall accuracy,fraction,higher
falandays_direct_v1,falandays_direct_v1__cue_gain,cell_003,"[{""input_gain"":0.5}]","[{""scope"":""interface"",""parameter"":""input_gain"",""value"":0.5}]",cell_003,47,1,144,24,true,mean,0.5,200,200,0,4068,60,39,nothing,nothing,1,11886869482354147328,12823158141346789681,"[1,8]",recall_accuracy,0.0,0.0,floor,available,,,true,recall_accuracy,0.0,Recall accuracy,fraction,higher
falandays_direct_v1,falandays_direct_v1__cue_gain,cell_003,"[{""input_gain"":0.5}]","[{""scope"":""interface"",""parameter"":""input_gain"",""value"":0.5}]",cell_003,48,1,144,24,true,mean,0.5,200,200,0,4026,60,51,nothing,nothing,1,2234593526373743716,18048444690023247949,"[1,8]",recall_accuracy,0.0,0.0,floor,available,,,true,recall_accuracy,0.0,Recall accuracy,fraction,higher
falandays_direct_v1,falandays_direct_v1__cue_gain,cell_003,"[{""input_gain"":0.5}]","[{""scope"":""interface"",""parameter"":""input_gain"",""value"":0.5}]",cell_003,49,1,144,144,true,mean,0.5,200,200,0,3956,58,42,nothing,nothing,1,13403011621904115811,1248657061175819954,"[1,128]",recall_accuracy,1.0,1.0,ceiling,available,,,true,recall_accuracy,1.0,Recall accuracy,fraction,higher
falandays_direct_v1,falandays_direct_v1__cue_gain,cell_003,"[{""input_gain"":0.5}]","[{""scope"":""interface"",""parameter"":""input_gain"",""value"":0.5}]",cell_003,50,1,144,48,true,mean,0.5,200,200,0,4088,75,34,nothing,nothing,1,17210097905261720925,8342279397843918002,"[1,32]",recall_accuracy,1.0,1.0,ceiling,available,,,true,recall_accuracy,1.0,Recall accuracy,fraction,higher
falandays_direct_v1,falandays_direct_v1__cue_gain,cell_003,"[{""input_gain"":0.5}]","[{""scope"":""interface"",""parameter"":""input_gain"",""value"":0.5}]",cell_003,51,1,144,24,true,mean,0.5,200,200,0,3958,65,48,nothing,nothing,1,454914120579874133,16475816545815083334,"[2,8]",recall_accuracy,0.0,0.0,floor,available,,,true,recall_accuracy,0.0,Recall accuracy,fraction,higher
falandays_direct_v1,falandays_direct_v1__cue_gain,cell_003,"[{""input_gain"":0.5}]","[{""scope"":""interface"",""parameter"":""input_gain"",""value"":0.5}]",cell_003,52,1,144,144,true,mean,0.5,200,200,0,3972,47,28,nothing,nothing,1,1438281246603355359,12395589511584612683,"[2,128]",recall_accuracy,1.0,1.0,ceiling,available,,,true,recall_accuracy,1.0,Recall accuracy,fraction,higher
falandays_direct_v1,falandays_direct_v1__cue_gain,cell_003,"[{""input_gain"":0.5}]","[{""scope"":""interface"",""parameter"":""input_gain"",""value"":0.5}]",cell_003,53,1,144,24,true,mean,0.5,200,200,0,4010,60,37,nothing,nothing,1,6241271471225088958,8890533234528554735,"[2,8]",recall_accuracy,1.0,1.0,ceiling,available,,,true,recall_accuracy,1.0,Recall accuracy,fraction,higher
falandays_direct_v1,falandays_direct_v1__cue_gain,cell_003,"[{""input_gain"":0.5}]","[{""scope"":""interface"",""parameter"":""input_gain"",""value"":0.5}]",cell_003,54,1,144,144,true,mean,0.5,200,200,0,3921,65,41,nothing,nothing,1,14335423250921699584,15373284929577107875,"[2,128]",recall_accuracy,0.0,0.0,floor,available,,,true,recall_accuracy,0.0,Recall accuracy,fraction,higher
falandays_direct_v1,falandays_direct_v1__cue_gain,cell_003,"[{""input_gain"":0.5}]","[{""scope"":""interface"",""parameter"":""input_gain"",""value"":0.5}]",cell_003,55,1,144,48,true,mean,0.5,200,200,0,3949,61,43,nothing,nothing,1,6757410026560355548,11815403074947356053,"[1,32]",recall_accuracy,1.0,1.0,ceiling,available,,,true,recall_accuracy,1.0,Recall accuracy,fraction,higher
falandays_direct_v1,falandays_direct_v1__cue_gain,cell_003,"[{""input_gain"":0.5}]","[{""scope"":""interface"",""parameter"":""input_gain"",""value"":0.5}]",cell_003,56,1,144,144,true,mean,0.5,200,200,0,3986,69,43,nothing,nothing,1,15532406203839688342,13162847327565096646,"[1,128]",recall_accuracy,0.0,0.0,floor,available,,,true,recall_accuracy,0.0,Recall accuracy,fraction,higher
falandays_direct_v1,falandays_direct_v1__cue_gain,cell_003,"[{""input_gain"":0.5}]","[{""scope"":""interface"",""parameter"":""input_gain"",""value"":0.5}]",cell_003,57,1,144,48,true,mean,0.5,200,200,0,4098,69,44,nothing,nothing,1,4681648634298740672,7511054878922844313,"[1,32]",recall_accuracy,1.0,1.0,ceiling,available,,,true,recall_accuracy,1.0,Recall accuracy,fraction,higher
falandays_direct_v1,falandays_direct_v1__cue_gain,cell_003,"[{""input_gain"":0.5}]","[{""scope"":""interface"",""parameter"":""input_gain"",""value"":0.5}]",cell_003,58,1,144,144,true,mean,0.5,200,200,0,3981,57,49,nothing,nothing,1,1580537468734461251,8570678930441301800,"[1,128]",recall_accuracy,1.0,1.0,ceiling,available,,,true,recall_accuracy,1.0,Recall accuracy,fraction,higher
falandays_direct_v1,falandays_direct_v1__cue_gain,cell_003,"[{""input_gain"":0.5}]","[{""scope"":""interface"",""parameter"":""input_gain"",""value"":0.5}]",cell_003,59,1,144,48,true,mean,0.5,200,200,0,3982,65,36,nothing,nothing,1,2591394955471149440,5426089333597508761,"[2,32]",recall_accuracy,0.0,0.0,floor,available,,,true,recall_accuracy,0.0,Recall accuracy,fraction,higher
falandays_direct_v1,falandays_direct_v1__cue_gain,cell_003,"[{""input_gain"":0.5}]","[{""scope"":""interface"",""parameter"":""input_gain"",""value"":0.5}]",cell_003,60,1,144,48,true,mean,0.5,200,200,0,3878,58,37,nothing,nothing,1,8085342557278006757,5214327403748666619,"[2,32]",recall_accuracy,0.0,0.0,floor,available,,,true,recall_accuracy,0.0,Recall accuracy,fraction,higher
falandays_direct_v1,falandays_direct_v1__cue_gain,cell_003,"[{""input_gain"":0.5}]","[{""scope"":""interface"",""parameter"":""input_gain"",""value"":0.5}]",cell_003,61,1,144,48,true,mean,0.5,200,200,0,3986,62,30,nothing,nothing,1,4172587101430188940,8002679564930726200,"[2,32]",recall_accuracy,1.0,1.0,ceiling,available,,,true,recall_accuracy,1.0,Recall accuracy,fraction,higher
falandays_direct_v1,falandays_direct_v1__cue_gain,cell_003,"[{""input_gain"":0.5}]","[{""scope"":""interface"",""parameter"":""input_gain"",""value"":0.5}]",cell_003,62,1,144,48,true,mean,0.5,200,200,0,4020,60,40,nothing,nothing,1,14794377271049026763,17228052206586944633,"[1,32]",recall_accuracy,1.0,1.0,ceiling,available,,,true,recall_accuracy,1.0,Recall accuracy,fraction,higher
falandays_direct_v1,falandays_direct_v1__cue_gain,cell_003,"[{""input_gain"":0.5}]","[{""scope"":""interface"",""parameter"":""input_gain"",""value"":0.5}]",cell_003,63,1,144,48,true,mean,0.5,200,200,0,4006,68,43,nothing,nothing,1,678527023195682622,2441450863927944530,"[1,32]",recall_accuracy,1.0,1.0,ceiling,available,,,true,recall_accuracy,1.0,Recall accuracy,fraction,higher
falandays_direct_v1,falandays_direct_v1__cue_gain,cell_003,"[{""input_gain"":0.5}]","[{""scope"":""interface"",""parameter"":""input_gain"",""value"":0.5}]",cell_003,64,1,144,24,true,mean,0.5,200,200,0,3985,56,31,nothing,nothing,1,15062871301358266762,10959836952691641193,"[2,8]",recall_accuracy,1.0,1.0,ceiling,available,,,true,recall_accuracy,1.0,Recall accuracy,fraction,higher
falandays_direct_v1,falandays_direct_v1__cue_gain,cell_004,"[{""input_gain"":1.0}]","[{""scope"":""interface"",""parameter"":""input_gain"",""value"":1.0}]",cell_004,1,1,144,24,true,mean,1.0,200,200,0,4116,68,41,nothing,nothing,1,12594128219311072171,8092595526124825526,"[1,8]",recall_accuracy,1.0,1.0,ceiling,available,,,true,recall_accuracy,1.0,Recall accuracy,fraction,higher
falandays_direct_v1,falandays_direct_v1__cue_gain,cell_004,"[{""input_gain"":1.0}]","[{""scope"":""interface"",""parameter"":""input_gain"",""value"":1.0}]",cell_004,2,1,144,24,true,mean,1.0,200,200,0,4050,64,35,nothing,nothing,1,3112638069852970545,6701411026981952686,"[1,8]",recall_accuracy,1.0,1.0,ceiling,available,,,true,recall_accuracy,1.0,Recall accuracy,fraction,higher
falandays_direct_v1,falandays_direct_v1__cue_gain,cell_004,"[{""input_gain"":1.0}]","[{""scope"":""interface"",""parameter"":""input_gain"",""value"":1.0}]",cell_004,3,1,144,48,true,mean,1.0,200,200,0,3921,59,46,nothing,nothing,1,3252372254226619730,9335131981025201213,"[1,32]",recall_accuracy,1.0,1.0,ceiling,available,,,true,recall_accuracy,1.0,Recall accuracy,fraction,higher
falandays_direct_v1,falandays_direct_v1__cue_gain,cell_004,"[{""input_gain"":1.0}]","[{""scope"":""interface"",""parameter"":""input_gain"",""value"":1.0}]",cell_004,4,1,144,24,true,mean,1.0,200,200,0,4003,71,43,nothing,nothing,1,5194087443396628577,9699077174267993794,"[1,8]",recall_accuracy,0.0,0.0,floor,available,,,true,recall_accuracy,0.0,Recall accuracy,fraction,higher
falandays_direct_v1,falandays_direct_v1__cue_gain,cell_004,"[{""input_gain"":1.0}]","[{""scope"":""interface"",""parameter"":""input_gain"",""value"":1.0}]",cell_004,5,1,144,24,true,mean,1.0,200,200,0,4019,57,53,nothing,nothing,1,4334358284774126499,15316878938203924676,"[1,8]",recall_accuracy,0.0,0.0,floor,available,,,true,recall_accuracy,0.0,Recall accuracy,fraction,higher
falandays_direct_v1,falandays_direct_v1__cue_gain,cell_004,"[{""input_gain"":1.0}]","[{""scope"":""interface"",""parameter"":""input_gain"",""value"":1.0}]",cell_004,6,1,144,144,true,mean,1.0,200,200,0,4033,70,43,nothing,nothing,1,13951672084048746250,17465024622011189119,"[1,128]",recall_accuracy,0.0,0.0,floor,available,,,true,recall_accuracy,0.0,Recall accuracy,fraction,higher
falandays_direct_v1,falandays_direct_v1__cue_gain,cell_004,"[{""input_gain"":1.0}]","[{""scope"":""interface"",""parameter"":""input_gain"",""value"":1.0}]",cell_004,7,1,144,144,true,mean,1.0,200,200,0,3987,52,44,nothing,nothing,1,16761261485954868533,16015605207609979784,"[2,128]",recall_accuracy,0.0,0.0,floor,available,,,true,recall_accuracy,0.0,Recall accuracy,fraction,higher
falandays_direct_v1,falandays_direct_v1__cue_gain,cell_004,"[{""input_gain"":1.0}]","[{""scope"":""interface"",""parameter"":""input_gain"",""value"":1.0}]",cell_004,8,1,144,48,true,mean,1.0,200,200,0,3889,60,45,nothing,nothing,1,2137829287241869961,439802552602527111,"[1,32]",recall_accuracy,0.0,0.0,floor,available,,,true,recall_accuracy,0.0,Recall accuracy,fraction,higher
falandays_direct_v1,falandays_direct_v1__cue_gain,cell_004,"[{""input_gain"":1.0}]","[{""scope"":""interface"",""parameter"":""input_gain"",""value"":1.0}]",cell_004,9,1,144,48,true,mean,1.0,200,200,0,4013,50,37,nothing,nothing,1,8709559762848532333,16815393164913437588,"[1,32]",recall_accuracy,1.0,1.0,ceiling,available,,,true,recall_accuracy,1.0,Recall accuracy,fraction,higher
falandays_direct_v1,falandays_direct_v1__cue_gain,cell_004,"[{""input_gain"":1.0}]","[{""scope"":""interface"",""parameter"":""input_gain"",""value"":1.0}]",cell_004,10,1,144,144,true,mean,1.0,200,200,0,3927,60,45,nothing,nothing,1,8097260807977524711,4643994514494534576,"[1,128]",recall_accuracy,1.0,1.0,ceiling,available,,,true,recall_accuracy,1.0,Recall accuracy,fraction,higher
falandays_direct_v1,falandays_direct_v1__cue_gain,cell_004,"[{""input_gain"":1.0}]","[{""scope"":""interface"",""parameter"":""input_gain"",""value"":1.0}]",cell_004,11,1,144,48,true,mean,1.0,200,200,0,3985,63,38,nothing,nothing,1,6354404988444614712,1264918944922948723,"[2,32]",recall_accuracy,0.0,0.0,floor,available,,,true,recall_accuracy,0.0,Recall accuracy,fraction,higher
falandays_direct_v1,falandays_direct_v1__cue_gain,cell_004,"[{""input_gain"":1.0}]","[{""scope"":""interface"",""parameter"":""input_gain"",""value"":1.0}]",cell_004,12,1,144,144,true,mean,1.0,200,200,0,3979,71,50,nothing,nothing,1,7992910848564633563,3411290568062191086,"[1,128]",recall_accuracy,0.0,0.0,floor,available,,,true,recall_accuracy,0.0,Recall accuracy,fraction,higher
falandays_direct_v1,falandays_direct_v1__cue_gain,cell_004,"[{""input_gain"":1.0}]","[{""scope"":""interface"",""parameter"":""input_gain"",""value"":1.0}]",cell_004,13,1,144,24,true,mean,1.0,200,200,0,4003,61,45,nothing,nothing,1,15132623001949554602,3160238541710195767,"[2,8]",recall_accuracy,1.0,1.0,ceiling,available,,,true,recall_accuracy,1.0,Recall accuracy,fraction,higher
falandays_direct_v1,falandays_direct_v1__cue_gain,cell_004,"[{""input_gain"":1.0}]","[{""scope"":""interface"",""parameter"":""input_gain"",""value"":1.0}]",cell_004,14,1,144,24,true,mean,1.0,200,200,0,3979,53,38,nothing,nothing,1,690069523023100410,2475738350341787459,"[2,8]",recall_accuracy,0.0,0.0,floor,available,,,true,recall_accuracy,0.0,Recall accuracy,fraction,higher
falandays_direct_v1,falandays_direct_v1__cue_gain,cell_004,"[{""input_gain"":1.0}]","[{""scope"":""interface"",""parameter"":""input_gain"",""value"":1.0}]",cell_004,15,1,144,24,true,mean,1.0,200,200,0,3935,65,31,nothing,nothing,1,12250122898661847943,9173535536611603934,"[1,8]",recall_accuracy,1.0,1.0,ceiling,available,,,true,recall_accuracy,1.0,Recall accuracy,fraction,higher
falandays_direct_v1,falandays_direct_v1__cue_gain,cell_004,"[{""input_gain"":1.0}]","[{""scope"":""interface"",""parameter"":""input_gain"",""value"":1.0}]",cell_004,16,1,144,144,true,mean,1.0,200,200,0,4055,57,34,nothing,nothing,1,5728837636757173799,17882706362734959438,"[1,128]",recall_accuracy,0.0,0.0,floor,available,,,true,recall_accuracy,0.0,Recall accuracy,fraction,higher
falandays_direct_v1,falandays_direct_v1__cue_gain,cell_004,"[{""input_gain"":1.0}]","[{""scope"":""interface"",""parameter"":""input_gain"",""value"":1.0}]",cell_004,17,1,144,48,true,mean,1.0,200,200,0,3990,60,39,nothing,nothing,1,1688327312157973031,10221160784258913491,"[2,32]",recall_accuracy,0.0,0.0,floor,available,,,true,recall_accuracy,0.0,Recall accuracy,fraction,higher
falandays_direct_v1,falandays_direct_v1__cue_gain,cell_004,"[{""input_gain"":1.0}]","[{""scope"":""interface"",""parameter"":""input_gain"",""value"":1.0}]",cell_004,18,1,144,48,true,mean,1.0,200,200,0,3949,62,38,nothing,nothing,1,749010461240991141,12131565372770077396,"[1,32]",recall_accuracy,0.0,0.0,floor,available,,,true,recall_accuracy,0.0,Recall accuracy,fraction,higher
falandays_direct_v1,falandays_direct_v1__cue_gain,cell_004,"[{""input_gain"":1.0}]","[{""scope"":""interface"",""parameter"":""input_gain"",""value"":1.0}]",cell_004,19,1,144,144,true,mean,1.0,200,200,0,3908,56,38,nothing,nothing,1,15696681152727596010,3067316268179985911,"[2,128]",recall_accuracy,1.0,1.0,ceiling,available,,,true,recall_accuracy,1.0,Recall accuracy,fraction,higher
falandays_direct_v1,falandays_direct_v1__cue_gain,cell_004,"[{""input_gain"":1.0}]","[{""scope"":""interface"",""parameter"":""input_gain"",""value"":1.0}]",cell_004,20,1,144,48,true,mean,1.0,200,200,0,3952,60,40,nothing,nothing,1,3887908280811000983,4367688531973349399,"[1,32]",recall_accuracy,0.0,0.0,floor,available,,,true,recall_accuracy,0.0,Recall accuracy,fraction,higher
falandays_direct_v1,falandays_direct_v1__cue_gain,cell_004,"[{""input_gain"":1.0}]","[{""scope"":""interface"",""parameter"":""input_gain"",""value"":1.0}]",cell_004,21,1,144,48,true,mean,1.0,200,200,0,3899,66,35,nothing,nothing,1,6348457907726908322,14850400267946205414,"[2,32]",recall_accuracy,0.0,0.0,floor,available,,,true,recall_accuracy,0.0,Recall accuracy,fraction,higher
falandays_direct_v1,falandays_direct_v1__cue_gain,cell_004,"[{""input_gain"":1.0}]","[{""scope"":""interface"",""parameter"":""input_gain"",""value"":1.0}]",cell_004,22,1,144,144,true,mean,1.0,200,200,0,3970,52,43,nothing,nothing,1,12067343499115009084,1305036494483538562,"[2,128]",recall_accuracy,1.0,1.0,ceiling,available,,,true,recall_accuracy,1.0,Recall accuracy,fraction,higher
falandays_direct_v1,falandays_direct_v1__cue_gain,cell_004,"[{""input_gain"":1.0}]","[{""scope"":""interface"",""parameter"":""input_gain"",""value"":1.0}]",cell_004,23,1,144,48,true,mean,1.0,200,200,0,4003,44,36,nothing,nothing,1,1456088996810007893,9248486385473542497,"[2,32]",recall_accuracy,1.0,1.0,ceiling,available,,,true,recall_accuracy,1.0,Recall accuracy,fraction,higher
falandays_direct_v1,falandays_direct_v1__cue_gain,cell_004,"[{""input_gain"":1.0}]","[{""scope"":""interface"",""parameter"":""input_gain"",""value"":1.0}]",cell_004,24,1,144,48,true,mean,1.0,200,200,0,4019,62,42,nothing,nothing,1,12296449013820028580,2365857526890167594,"[1,32]",recall_accuracy,1.0,1.0,ceiling,available,,,true,recall_accuracy,1.0,Recall accuracy,fraction,higher
falandays_direct_v1,falandays_direct_v1__cue_gain,cell_004,"[{""input_gain"":1.0}]","[{""scope"":""interface"",""parameter"":""input_gain"",""value"":1.0}]",cell_004,25,1,144,144,true,mean,1.0,200,200,0,3969,55,41,nothing,nothing,1,13242257255797595924,13790341136909193717,"[2,128]",recall_accuracy,1.0,1.0,ceiling,available,,,true,recall_accuracy,1.0,Recall accuracy,fraction,higher
falandays_direct_v1,falandays_direct_v1__cue_gain,cell_004,"[{""input_gain"":1.0}]","[{""scope"":""interface"",""parameter"":""input_gain"",""value"":1.0}]",cell_004,26,1,144,24,true,mean,1.0,200,200,0,4041,67,38,nothing,nothing,1,15691522525334327019,9018541844550905015,"[2,8]",recall_accuracy,0.0,0.0,floor,available,,,true,recall_accuracy,0.0,Recall accuracy,fraction,higher
falandays_direct_v1,falandays_direct_v1__cue_gain,cell_004,"[{""input_gain"":1.0}]","[{""scope"":""interface"",""parameter"":""input_gain"",""value"":1.0}]",cell_004,27,1,144,144,true,mean,1.0,200,200,0,3959,65,47,nothing,nothing,1,2527375291412315002,16000658053978501663,"[1,128]",recall_accuracy,1.0,1.0,ceiling,available,,,true,recall_accuracy,1.0,Recall accuracy,fraction,higher
falandays_direct_v1,falandays_direct_v1__cue_gain,cell_004,"[{""input_gain"":1.0}]","[{""scope"":""interface"",""parameter"":""input_gain"",""value"":1.0}]",cell_004,28,1,144,48,true,mean,1.0,200,200,0,3999,67,41,nothing,nothing,1,13908397727894472465,7476633210553105177,"[1,32]",recall_accuracy,1.0,1.0,ceiling,available,,,true,recall_accuracy,1.0,Recall accuracy,fraction,higher
falandays_direct_v1,falandays_direct_v1__cue_gain,cell_004,"[{""input_gain"":1.0}]","[{""scope"":""interface"",""parameter"":""input_gain"",""value"":1.0}]",cell_004,29,1,144,48,true,mean,1.0,200,200,0,4027,62,35,nothing,nothing,1,7879620809424902802,5513416892640168739,"[1,32]",recall_accuracy,0.0,0.0,floor,available,,,true,recall_accuracy,0.0,Recall accuracy,fraction,higher
falandays_direct_v1,falandays_direct_v1__cue_gain,cell_004,"[{""input_gain"":1.0}]","[{""scope"":""interface"",""parameter"":""input_gain"",""value"":1.0}]",cell_004,30,1,144,144,true,mean,1.0,200,200,0,3976,62,49,nothing,nothing,1,5259748803054981645,2541231920251608604,"[2,128]",recall_accuracy,1.0,1.0,ceiling,available,,,true,recall_accuracy,1.0,Recall accuracy,fraction,higher
falandays_direct_v1,falandays_direct_v1__cue_gain,cell_004,"[{""input_gain"":1.0}]","[{""scope"":""interface"",""parameter"":""input_gain"",""value"":1.0}]",cell_004,31,1,144,144,true,mean,1.0,200,200,0,3989,75,40,nothing,nothing,1,18365469644567928756,4041610743621828700,"[1,128]",recall_accuracy,1.0,1.0,ceiling,available,,,true,recall_accuracy,1.0,Recall accuracy,fraction,higher
falandays_direct_v1,falandays_direct_v1__cue_gain,cell_004,"[{""input_gain"":1.0}]","[{""scope"":""interface"",""parameter"":""input_gain"",""value"":1.0}]",cell_004,32,1,144,144,true,mean,1.0,200,200,0,3935,54,43,nothing,nothing,1,8575614502913865459,16705439672251359517,"[2,128]",recall_accuracy,0.0,0.0,floor,available,,,true,recall_accuracy,0.0,Recall accuracy,fraction,higher
falandays_direct_v1,falandays_direct_v1__cue_gain,cell_004,"[{""input_gain"":1.0}]","[{""scope"":""interface"",""parameter"":""input_gain"",""value"":1.0}]",cell_004,33,1,144,24,true,mean,1.0,200,200,0,3897,61,42,nothing,nothing,1,14739059881887869130,5559042496469174930,"[1,8]",recall_accuracy,0.0,0.0,floor,available,,,true,recall_accuracy,0.0,Recall accuracy,fraction,higher
falandays_direct_v1,falandays_direct_v1__cue_gain,cell_004,"[{""input_gain"":1.0}]","[{""scope"":""interface"",""parameter"":""input_gain"",""value"":1.0}]",cell_004,34,1,144,24,true,mean,1.0,200,200,0,3944,46,38,nothing,nothing,1,1691347055536277651,11622768072155729540,"[1,8]",recall_accuracy,0.0,0.0,floor,available,,,true,recall_accuracy,0.0,Recall accuracy,fraction,higher
falandays_direct_v1,falandays_direct_v1__cue_gain,cell_004,"[{""input_gain"":1.0}]","[{""scope"":""interface"",""parameter"":""input_gain"",""value"":1.0}]",cell_004,35,1,144,144,true,mean,1.0,200,200,0,3994,65,41,nothing,nothing,1,12238681826103955801,4642113296036802231,"[1,128]",recall_accuracy,0.0,0.0,floor,available,,,true,recall_accuracy,0.0,Recall accuracy,fraction,higher
falandays_direct_v1,falandays_direct_v1__cue_gain,cell_004,"[{""input_gain"":1.0}]","[{""scope"":""interface"",""parameter"":""input_gain"",""value"":1.0}]",cell_004,36,1,144,48,true,mean,1.0,200,200,0,4109,65,32,nothing,nothing,1,13391442460675217735,4759790416418358215,"[2,32]",recall_accuracy,1.0,1.0,ceiling,available,,,true,recall_accuracy,1.0,Recall accuracy,fraction,higher
falandays_direct_v1,falandays_direct_v1__cue_gain,cell_004,"[{""input_gain"":1.0}]","[{""scope"":""interface"",""parameter"":""input_gain"",""value"":1.0}]",cell_004,37,1,144,48,true,mean,1.0,200,200,0,4044,63,41,nothing,nothing,1,16546253964087852877,12221295028980735749,"[1,32]",recall_accuracy,0.0,0.0,floor,available,,,true,recall_accuracy,0.0,Recall accuracy,fraction,higher
falandays_direct_v1,falandays_direct_v1__cue_gain,cell_004,"[{""input_gain"":1.0}]","[{""scope"":""interface"",""parameter"":""input_gain"",""value"":1.0}]",cell_004,38,1,144,48,true,mean,1.0,200,200,0,4018,58,41,nothing,nothing,1,16861330826438584791,4307155270124468204,"[2,32]",recall_accuracy,1.0,1.0,ceiling,available,,,true,recall_accuracy,1.0,Recall accuracy,fraction,higher
falandays_direct_v1,falandays_direct_v1__cue_gain,cell_004,"[{""input_gain"":1.0}]","[{""scope"":""interface"",""parameter"":""input_gain"",""value"":1.0}]",cell_004,39,1,144,48,true,mean,1.0,200,200,0,3984,59,43,nothing,nothing,1,5619571513751481896,13772695671122785095,"[2,32]",recall_accuracy,0.0,0.0,floor,available,,,true,recall_accuracy,0.0,Recall accuracy,fraction,higher
falandays_direct_v1,falandays_direct_v1__cue_gain,cell_004,"[{""input_gain"":1.0}]","[{""scope"":""interface"",""parameter"":""input_gain"",""value"":1.0}]",cell_004,40,1,144,48,true,mean,1.0,200,200,0,3973,58,48,nothing,nothing,1,4910676185985938041,1827413742199942425,"[2,32]",recall_accuracy,1.0,1.0,ceiling,available,,,true,recall_accuracy,1.0,Recall accuracy,fraction,higher
falandays_direct_v1,falandays_direct_v1__cue_gain,cell_004,"[{""input_gain"":1.0}]","[{""scope"":""interface"",""parameter"":""input_gain"",""value"":1.0}]",cell_004,41,1,144,144,true,mean,1.0,200,200,0,4029,53,49,nothing,nothing,1,6546389962142919961,1780461504424025134,"[2,128]",recall_accuracy,1.0,1.0,ceiling,available,,,true,recall_accuracy,1.0,Recall accuracy,fraction,higher
falandays_direct_v1,falandays_direct_v1__cue_gain,cell_004,"[{""input_gain"":1.0}]","[{""scope"":""interface"",""parameter"":""input_gain"",""value"":1.0}]",cell_004,42,1,144,24,true,mean,1.0,200,200,0,4035,53,41,nothing,nothing,1,11349448369167888049,8642874451656507712,"[1,8]",recall_accuracy,1.0,1.0,ceiling,available,,,true,recall_accuracy,1.0,Recall accuracy,fraction,higher
falandays_direct_v1,falandays_direct_v1__cue_gain,cell_004,"[{""input_gain"":1.0}]","[{""scope"":""interface"",""parameter"":""input_gain"",""value"":1.0}]",cell_004,43,1,144,144,true,mean,1.0,200,200,0,4014,56,48,nothing,nothing,1,13845801875421481039,7456934522800937254,"[2,128]",recall_accuracy,1.0,1.0,ceiling,available,,,true,recall_accuracy,1.0,Recall accuracy,fraction,higher
falandays_direct_v1,falandays_direct_v1__cue_gain,cell_004,"[{""input_gain"":1.0}]","[{""scope"":""interface"",""parameter"":""input_gain"",""value"":1.0}]",cell_004,44,1,144,48,true,mean,1.0,200,200,0,3882,76,41,nothing,nothing,1,17637343676182291106,257703088949437611,"[1,32]",recall_accuracy,0.0,0.0,floor,available,,,true,recall_accuracy,0.0,Recall accuracy,fraction,higher
falandays_direct_v1,falandays_direct_v1__cue_gain,cell_004,"[{""input_gain"":1.0}]","[{""scope"":""interface"",""parameter"":""input_gain"",""value"":1.0}]",cell_004,45,1,144,144,true,mean,1.0,200,200,0,4103,60,37,nothing,nothing,1,10695794649270763135,12347181926683009745,"[2,128]",recall_accuracy,0.0,0.0,floor,available,,,true,recall_accuracy,0.0,Recall accuracy,fraction,higher
falandays_direct_v1,falandays_direct_v1__cue_gain,cell_004,"[{""input_gain"":1.0}]","[{""scope"":""interface"",""parameter"":""input_gain"",""value"":1.0}]",cell_004,46,1,144,24,true,mean,1.0,200,200,0,3909,67,40,nothing,nothing,1,11945222342811947661,14451551029179234932,"[2,8]",recall_accuracy,0.0,0.0,floor,available,,,true,recall_accuracy,0.0,Recall accuracy,fraction,higher
falandays_direct_v1,falandays_direct_v1__cue_gain,cell_004,"[{""input_gain"":1.0}]","[{""scope"":""interface"",""parameter"":""input_gain"",""value"":1.0}]",cell_004,47,1,144,24,true,mean,1.0,200,200,0,4068,60,39,nothing,nothing,1,11886869482354147328,12823158141346789681,"[1,8]",recall_accuracy,0.0,0.0,floor,available,,,true,recall_accuracy,0.0,Recall accuracy,fraction,higher
falandays_direct_v1,falandays_direct_v1__cue_gain,cell_004,"[{""input_gain"":1.0}]","[{""scope"":""interface"",""parameter"":""input_gain"",""value"":1.0}]",cell_004,48,1,144,24,true,mean,1.0,200,200,0,4026,60,51,nothing,nothing,1,2234593526373743716,18048444690023247949,"[1,8]",recall_accuracy,0.0,0.0,floor,available,,,true,recall_accuracy,0.0,Recall accuracy,fraction,higher
falandays_direct_v1,falandays_direct_v1__cue_gain,cell_004,"[{""input_gain"":1.0}]","[{""scope"":""interface"",""parameter"":""input_gain"",""value"":1.0}]",cell_004,49,1,144,144,true,mean,1.0,200,200,0,3956,58,42,nothing,nothing,1,13403011621904115811,1248657061175819954,"[1,128]",recall_accuracy,1.0,1.0,ceiling,available,,,true,recall_accuracy,1.0,Recall accuracy,fraction,higher
falandays_direct_v1,falandays_direct_v1__cue_gain,cell_004,"[{""input_gain"":1.0}]","[{""scope"":""interface"",""parameter"":""input_gain"",""value"":1.0}]",cell_004,50,1,144,48,true,mean,1.0,200,200,0,4088,75,34,nothing,nothing,1,17210097905261720925,8342279397843918002,"[1,32]",recall_accuracy,1.0,1.0,ceiling,available,,,true,recall_accuracy,1.0,Recall accuracy,fraction,higher
falandays_direct_v1,falandays_direct_v1__cue_gain,cell_004,"[{""input_gain"":1.0}]","[{""scope"":""interface"",""parameter"":""input_gain"",""value"":1.0}]",cell_004,51,1,144,24,true,mean,1.0,200,200,0,3958,65,48,nothing,nothing,1,454914120579874133,16475816545815083334,"[2,8]",recall_accuracy,0.0,0.0,floor,available,,,true,recall_accuracy,0.0,Recall accuracy,fraction,higher
falandays_direct_v1,falandays_direct_v1__cue_gain,cell_004,"[{""input_gain"":1.0}]","[{""scope"":""interface"",""parameter"":""input_gain"",""value"":1.0}]",cell_004,52,1,144,144,true,mean,1.0,200,200,0,3972,47,28,nothing,nothing,1,1438281246603355359,12395589511584612683,"[2,128]",recall_accuracy,1.0,1.0,ceiling,available,,,true,recall_accuracy,1.0,Recall accuracy,fraction,higher
falandays_direct_v1,falandays_direct_v1__cue_gain,cell_004,"[{""input_gain"":1.0}]","[{""scope"":""interface"",""parameter"":""input_gain"",""value"":1.0}]",cell_004,53,1,144,24,true,mean,1.0,200,200,0,4010,60,37,nothing,nothing,1,6241271471225088958,8890533234528554735,"[2,8]",recall_accuracy,1.0,1.0,ceiling,available,,,true,recall_accuracy,1.0,Recall accuracy,fraction,higher
falandays_direct_v1,falandays_direct_v1__cue_gain,cell_004,"[{""input_gain"":1.0}]","[{""scope"":""interface"",""parameter"":""input_gain"",""value"":1.0}]",cell_004,54,1,144,144,true,mean,1.0,200,200,0,3921,65,41,nothing,nothing,1,14335423250921699584,15373284929577107875,"[2,128]",recall_accuracy,0.0,0.0,floor,available,,,true,recall_accuracy,0.0,Recall accuracy,fraction,higher
falandays_direct_v1,falandays_direct_v1__cue_gain,cell_004,"[{""input_gain"":1.0}]","[{""scope"":""interface"",""parameter"":""input_gain"",""value"":1.0}]",cell_004,55,1,144,48,true,mean,1.0,200,200,0,3949,61,43,nothing,nothing,1,6757410026560355548,11815403074947356053,"[1,32]",recall_accuracy,0.0,0.0,floor,available,,,true,recall_accuracy,0.0,Recall accuracy,fraction,higher
falandays_direct_v1,falandays_direct_v1__cue_gain,cell_004,"[{""input_gain"":1.0}]","[{""scope"":""interface"",""parameter"":""input_gain"",""value"":1.0}]",cell_004,56,1,144,144,true,mean,1.0,200,200,0,3986,69,43,nothing,nothing,1,15532406203839688342,13162847327565096646,"[1,128]",recall_accuracy,0.0,0.0,floor,available,,,true,recall_accuracy,0.0,Recall accuracy,fraction,higher
falandays_direct_v1,falandays_direct_v1__cue_gain,cell_004,"[{""input_gain"":1.0}]","[{""scope"":""interface"",""parameter"":""input_gain"",""value"":1.0}]",cell_004,57,1,144,48,true,mean,1.0,200,200,0,4098,69,44,nothing,nothing,1,4681648634298740672,7511054878922844313,"[1,32]",recall_accuracy,1.0,1.0,ceiling,available,,,true,recall_accuracy,1.0,Recall accuracy,fraction,higher
falandays_direct_v1,falandays_direct_v1__cue_gain,cell_004,"[{""input_gain"":1.0}]","[{""scope"":""interface"",""parameter"":""input_gain"",""value"":1.0}]",cell_004,58,1,144,144,true,mean,1.0,200,200,0,3981,57,49,nothing,nothing,1,1580537468734461251,8570678930441301800,"[1,128]",recall_accuracy,0.0,0.0,floor,available,,,true,recall_accuracy,0.0,Recall accuracy,fraction,higher
falandays_direct_v1,falandays_direct_v1__cue_gain,cell_004,"[{""input_gain"":1.0}]","[{""scope"":""interface"",""parameter"":""input_gain"",""value"":1.0}]",cell_004,59,1,144,48,true,mean,1.0,200,200,0,3982,65,36,nothing,nothing,1,2591394955471149440,5426089333597508761,"[2,32]",recall_accuracy,0.0,0.0,floor,available,,,true,recall_accuracy,0.0,Recall accuracy,fraction,higher
falandays_direct_v1,falandays_direct_v1__cue_gain,cell_004,"[{""input_gain"":1.0}]","[{""scope"":""interface"",""parameter"":""input_gain"",""value"":1.0}]",cell_004,60,1,144,48,true,mean,1.0,200,200,0,3878,58,37,nothing,nothing,1,8085342557278006757,5214327403748666619,"[2,32]",recall_accuracy,0.0,0.0,floor,available,,,true,recall_accuracy,0.0,Recall accuracy,fraction,higher
falandays_direct_v1,falandays_direct_v1__cue_gain,cell_004,"[{""input_gain"":1.0}]","[{""scope"":""interface"",""parameter"":""input_gain"",""value"":1.0}]",cell_004,61,1,144,48,true,mean,1.0,200,200,0,3986,62,30,nothing,nothing,1,4172587101430188940,8002679564930726200,"[2,32]",recall_accuracy,1.0,1.0,ceiling,available,,,true,recall_accuracy,1.0,Recall accuracy,fraction,higher
falandays_direct_v1,falandays_direct_v1__cue_gain,cell_004,"[{""input_gain"":1.0}]","[{""scope"":""interface"",""parameter"":""input_gain"",""value"":1.0}]",cell_004,62,1,144,48,true,mean,1.0,200,200,0,4020,60,40,nothing,nothing,1,14794377271049026763,17228052206586944633,"[1,32]",recall_accuracy,0.0,0.0,floor,available,,,true,recall_accuracy,0.0,Recall accuracy,fraction,higher
falandays_direct_v1,falandays_direct_v1__cue_gain,cell_004,"[{""input_gain"":1.0}]","[{""scope"":""interface"",""parameter"":""input_gain"",""value"":1.0}]",cell_004,63,1,144,48,true,mean,1.0,200,200,0,4006,68,43,nothing,nothing,1,678527023195682622,2441450863927944530,"[1,32]",recall_accuracy,1.0,1.0,ceiling,available,,,true,recall_accuracy,1.0,Recall accuracy,fraction,higher
falandays_direct_v1,falandays_direct_v1__cue_gain,cell_004,"[{""input_gain"":1.0}]","[{""scope"":""interface"",""parameter"":""input_gain"",""value"":1.0}]",cell_004,64,1,144,24,true,mean,1.0,200,200,0,3985,56,31,nothing,nothing,1,15062871301358266762,10959836952691641193,"[2,8]",recall_accuracy,1.0,1.0,ceiling,available,,,true,recall_accuracy,1.0,Recall accuracy,fraction,higher
falandays_direct_v1,falandays_direct_v1__cue_gain,cell_005,"[{""input_gain"":2.0}]","[{""scope"":""interface"",""parameter"":""input_gain"",""value"":2.0}]",cell_005,1,1,144,24,true,mean,2.0,200,200,0,4116,68,41,nothing,nothing,1,12594128219311072171,8092595526124825526,"[1,8]",recall_accuracy,0.0,0.0,floor,available,,,true,recall_accuracy,0.0,Recall accuracy,fraction,higher
falandays_direct_v1,falandays_direct_v1__cue_gain,cell_005,"[{""input_gain"":2.0}]","[{""scope"":""interface"",""parameter"":""input_gain"",""value"":2.0}]",cell_005,2,1,144,24,true,mean,2.0,200,200,0,4050,64,35,nothing,nothing,1,3112638069852970545,6701411026981952686,"[1,8]",recall_accuracy,0.0,0.0,floor,available,,,true,recall_accuracy,0.0,Recall accuracy,fraction,higher
falandays_direct_v1,falandays_direct_v1__cue_gain,cell_005,"[{""input_gain"":2.0}]","[{""scope"":""interface"",""parameter"":""input_gain"",""value"":2.0}]",cell_005,3,1,144,48,true,mean,2.0,200,200,0,3921,59,46,nothing,nothing,1,3252372254226619730,9335131981025201213,"[1,32]",recall_accuracy,1.0,1.0,ceiling,available,,,true,recall_accuracy,1.0,Recall accuracy,fraction,higher
falandays_direct_v1,falandays_direct_v1__cue_gain,cell_005,"[{""input_gain"":2.0}]","[{""scope"":""interface"",""parameter"":""input_gain"",""value"":2.0}]",cell_005,4,1,144,24,true,mean,2.0,200,200,0,4003,71,43,nothing,nothing,1,5194087443396628577,9699077174267993794,"[1,8]",recall_accuracy,1.0,1.0,ceiling,available,,,true,recall_accuracy,1.0,Recall accuracy,fraction,higher
falandays_direct_v1,falandays_direct_v1__cue_gain,cell_005,"[{""input_gain"":2.0}]","[{""scope"":""interface"",""parameter"":""input_gain"",""value"":2.0}]",cell_005,5,1,144,24,true,mean,2.0,200,200,0,4019,57,53,nothing,nothing,1,4334358284774126499,15316878938203924676,"[1,8]",recall_accuracy,0.0,0.0,floor,available,,,true,recall_accuracy,0.0,Recall accuracy,fraction,higher
falandays_direct_v1,falandays_direct_v1__cue_gain,cell_005,"[{""input_gain"":2.0}]","[{""scope"":""interface"",""parameter"":""input_gain"",""value"":2.0}]",cell_005,6,1,144,144,true,mean,2.0,200,200,0,4033,70,43,nothing,nothing,1,13951672084048746250,17465024622011189119,"[1,128]",recall_accuracy,0.0,0.0,floor,available,,,true,recall_accuracy,0.0,Recall accuracy,fraction,higher
falandays_direct_v1,falandays_direct_v1__cue_gain,cell_005,"[{""input_gain"":2.0}]","[{""scope"":""interface"",""parameter"":""input_gain"",""value"":2.0}]",cell_005,7,1,144,144,true,mean,2.0,200,200,0,3987,52,44,nothing,nothing,1,16761261485954868533,16015605207609979784,"[2,128]",recall_accuracy,0.0,0.0,floor,available,,,true,recall_accuracy,0.0,Recall accuracy,fraction,higher
falandays_direct_v1,falandays_direct_v1__cue_gain,cell_005,"[{""input_gain"":2.0}]","[{""scope"":""interface"",""parameter"":""input_gain"",""value"":2.0}]",cell_005,8,1,144,48,true,mean,2.0,200,200,0,3889,60,45,nothing,nothing,1,2137829287241869961,439802552602527111,"[1,32]",recall_accuracy,1.0,1.0,ceiling,available,,,true,recall_accuracy,1.0,Recall accuracy,fraction,higher
falandays_direct_v1,falandays_direct_v1__cue_gain,cell_005,"[{""input_gain"":2.0}]","[{""scope"":""interface"",""parameter"":""input_gain"",""value"":2.0}]",cell_005,9,1,144,48,true,mean,2.0,200,200,0,4013,50,37,nothing,nothing,1,8709559762848532333,16815393164913437588,"[1,32]",recall_accuracy,0.0,0.0,floor,available,,,true,recall_accuracy,0.0,Recall accuracy,fraction,higher
falandays_direct_v1,falandays_direct_v1__cue_gain,cell_005,"[{""input_gain"":2.0}]","[{""scope"":""interface"",""parameter"":""input_gain"",""value"":2.0}]",cell_005,10,1,144,144,true,mean,2.0,200,200,0,3927,60,45,nothing,nothing,1,8097260807977524711,4643994514494534576,"[1,128]",recall_accuracy,1.0,1.0,ceiling,available,,,true,recall_accuracy,1.0,Recall accuracy,fraction,higher
falandays_direct_v1,falandays_direct_v1__cue_gain,cell_005,"[{""input_gain"":2.0}]","[{""scope"":""interface"",""parameter"":""input_gain"",""value"":2.0}]",cell_005,11,1,144,48,true,mean,2.0,200,200,0,3985,63,38,nothing,nothing,1,6354404988444614712,1264918944922948723,"[2,32]",recall_accuracy,0.0,0.0,floor,available,,,true,recall_accuracy,0.0,Recall accuracy,fraction,higher
falandays_direct_v1,falandays_direct_v1__cue_gain,cell_005,"[{""input_gain"":2.0}]","[{""scope"":""interface"",""parameter"":""input_gain"",""value"":2.0}]",cell_005,12,1,144,144,true,mean,2.0,200,200,0,3979,71,50,nothing,nothing,1,7992910848564633563,3411290568062191086,"[1,128]",recall_accuracy,1.0,1.0,ceiling,available,,,true,recall_accuracy,1.0,Recall accuracy,fraction,higher
falandays_direct_v1,falandays_direct_v1__cue_gain,cell_005,"[{""input_gain"":2.0}]","[{""scope"":""interface"",""parameter"":""input_gain"",""value"":2.0}]",cell_005,13,1,144,24,true,mean,2.0,200,200,0,4003,61,45,nothing,nothing,1,15132623001949554602,3160238541710195767,"[2,8]",recall_accuracy,1.0,1.0,ceiling,available,,,true,recall_accuracy,1.0,Recall accuracy,fraction,higher
falandays_direct_v1,falandays_direct_v1__cue_gain,cell_005,"[{""input_gain"":2.0}]","[{""scope"":""interface"",""parameter"":""input_gain"",""value"":2.0}]",cell_005,14,1,144,24,true,mean,2.0,200,200,0,3979,53,38,nothing,nothing,1,690069523023100410,2475738350341787459,"[2,8]",recall_accuracy,1.0,1.0,ceiling,available,,,true,recall_accuracy,1.0,Recall accuracy,fraction,higher
falandays_direct_v1,falandays_direct_v1__cue_gain,cell_005,"[{""input_gain"":2.0}]","[{""scope"":""interface"",""parameter"":""input_gain"",""value"":2.0}]",cell_005,15,1,144,24,true,mean,2.0,200,200,0,3935,65,31,nothing,nothing,1,12250122898661847943,9173535536611603934,"[1,8]",recall_accuracy,1.0,1.0,ceiling,available,,,true,recall_accuracy,1.0,Recall accuracy,fraction,higher
falandays_direct_v1,falandays_direct_v1__cue_gain,cell_005,"[{""input_gain"":2.0}]","[{""scope"":""interface"",""parameter"":""input_gain"",""value"":2.0}]",cell_005,16,1,144,144,true,mean,2.0,200,200,0,4055,57,34,nothing,nothing,1,5728837636757173799,17882706362734959438,"[1,128]",recall_accuracy,0.0,0.0,floor,available,,,true,recall_accuracy,0.0,Recall accuracy,fraction,higher
falandays_direct_v1,falandays_direct_v1__cue_gain,cell_005,"[{""input_gain"":2.0}]","[{""scope"":""interface"",""parameter"":""input_gain"",""value"":2.0}]",cell_005,17,1,144,48,true,mean,2.0,200,200,0,3990,60,39,nothing,nothing,1,1688327312157973031,10221160784258913491,"[2,32]",recall_accuracy,0.0,0.0,floor,available,,,true,recall_accuracy,0.0,Recall accuracy,fraction,higher
falandays_direct_v1,falandays_direct_v1__cue_gain,cell_005,"[{""input_gain"":2.0}]","[{""scope"":""interface"",""parameter"":""input_gain"",""value"":2.0}]",cell_005,18,1,144,48,true,mean,2.0,200,200,0,3949,62,38,nothing,nothing,1,749010461240991141,12131565372770077396,"[1,32]",recall_accuracy,1.0,1.0,ceiling,available,,,true,recall_accuracy,1.0,Recall accuracy,fraction,higher
falandays_direct_v1,falandays_direct_v1__cue_gain,cell_005,"[{""input_gain"":2.0}]","[{""scope"":""interface"",""parameter"":""input_gain"",""value"":2.0}]",cell_005,19,1,144,144,true,mean,2.0,200,200,0,3908,56,38,nothing,nothing,1,15696681152727596010,3067316268179985911,"[2,128]",recall_accuracy,1.0,1.0,ceiling,available,,,true,recall_accuracy,1.0,Recall accuracy,fraction,higher
falandays_direct_v1,falandays_direct_v1__cue_gain,cell_005,"[{""input_gain"":2.0}]","[{""scope"":""interface"",""parameter"":""input_gain"",""value"":2.0}]",cell_005,20,1,144,48,true,mean,2.0,200,200,0,3952,60,40,nothing,nothing,1,3887908280811000983,4367688531973349399,"[1,32]",recall_accuracy,0.0,0.0,floor,available,,,true,recall_accuracy,0.0,Recall accuracy,fraction,higher
falandays_direct_v1,falandays_direct_v1__cue_gain,cell_005,"[{""input_gain"":2.0}]","[{""scope"":""interface"",""parameter"":""input_gain"",""value"":2.0}]",cell_005,21,1,144,48,true,mean,2.0,200,200,0,3899,66,35,nothing,nothing,1,6348457907726908322,14850400267946205414,"[2,32]",recall_accuracy,0.0,0.0,floor,available,,,true,recall_accuracy,0.0,Recall accuracy,fraction,higher
falandays_direct_v1,falandays_direct_v1__cue_gain,cell_005,"[{""input_gain"":2.0}]","[{""scope"":""interface"",""parameter"":""input_gain"",""value"":2.0}]",cell_005,22,1,144,144,true,mean,2.0,200,200,0,3970,52,43,nothing,nothing,1,12067343499115009084,1305036494483538562,"[2,128]",recall_accuracy,1.0,1.0,ceiling,available,,,true,recall_accuracy,1.0,Recall accuracy,fraction,higher
falandays_direct_v1,falandays_direct_v1__cue_gain,cell_005,"[{""input_gain"":2.0}]","[{""scope"":""interface"",""parameter"":""input_gain"",""value"":2.0}]",cell_005,23,1,144,48,true,mean,2.0,200,200,0,4003,44,36,nothing,nothing,1,1456088996810007893,9248486385473542497,"[2,32]",recall_accuracy,1.0,1.0,ceiling,available,,,true,recall_accuracy,1.0,Recall accuracy,fraction,higher
falandays_direct_v1,falandays_direct_v1__cue_gain,cell_005,"[{""input_gain"":2.0}]","[{""scope"":""interface"",""parameter"":""input_gain"",""value"":2.0}]",cell_005,24,1,144,48,true,mean,2.0,200,200,0,4019,62,42,nothing,nothing,1,12296449013820028580,2365857526890167594,"[1,32]",recall_accuracy,1.0,1.0,ceiling,available,,,true,recall_accuracy,1.0,Recall accuracy,fraction,higher
falandays_direct_v1,falandays_direct_v1__cue_gain,cell_005,"[{""input_gain"":2.0}]","[{""scope"":""interface"",""parameter"":""input_gain"",""value"":2.0}]",cell_005,25,1,144,144,true,mean,2.0,200,200,0,3969,55,41,nothing,nothing,1,13242257255797595924,13790341136909193717,"[2,128]",recall_accuracy,1.0,1.0,ceiling,available,,,true,recall_accuracy,1.0,Recall accuracy,fraction,higher
falandays_direct_v1,falandays_direct_v1__cue_gain,cell_005,"[{""input_gain"":2.0}]","[{""scope"":""interface"",""parameter"":""input_gain"",""value"":2.0}]",cell_005,26,1,144,24,true,mean,2.0,200,200,0,4041,67,38,nothing,nothing,1,15691522525334327019,9018541844550905015,"[2,8]",recall_accuracy,0.0,0.0,floor,available,,,true,recall_accuracy,0.0,Recall accuracy,fraction,higher
falandays_direct_v1,falandays_direct_v1__cue_gain,cell_005,"[{""input_gain"":2.0}]","[{""scope"":""interface"",""parameter"":""input_gain"",""value"":2.0}]",cell_005,27,1,144,144,true,mean,2.0,200,200,0,3959,65,47,nothing,nothing,1,2527375291412315002,16000658053978501663,"[1,128]",recall_accuracy,0.0,0.0,floor,available,,,true,recall_accuracy,0.0,Recall accuracy,fraction,higher
falandays_direct_v1,falandays_direct_v1__cue_gain,cell_005,"[{""input_gain"":2.0}]","[{""scope"":""interface"",""parameter"":""input_gain"",""value"":2.0}]",cell_005,28,1,144,48,true,mean,2.0,200,200,0,3999,67,41,nothing,nothing,1,13908397727894472465,7476633210553105177,"[1,32]",recall_accuracy,0.0,0.0,floor,available,,,true,recall_accuracy,0.0,Recall accuracy,fraction,higher
falandays_direct_v1,falandays_direct_v1__cue_gain,cell_005,"[{""input_gain"":2.0}]","[{""scope"":""interface"",""parameter"":""input_gain"",""value"":2.0}]",cell_005,29,1,144,48,true,mean,2.0,200,200,0,4027,62,35,nothing,nothing,1,7879620809424902802,5513416892640168739,"[1,32]",recall_accuracy,1.0,1.0,ceiling,available,,,true,recall_accuracy,1.0,Recall accuracy,fraction,higher
falandays_direct_v1,falandays_direct_v1__cue_gain,cell_005,"[{""input_gain"":2.0}]","[{""scope"":""interface"",""parameter"":""input_gain"",""value"":2.0}]",cell_005,30,1,144,144,true,mean,2.0,200,200,0,3976,62,49,nothing,nothing,1,5259748803054981645,2541231920251608604,"[2,128]",recall_accuracy,0.0,0.0,floor,available,,,true,recall_accuracy,0.0,Recall accuracy,fraction,higher
falandays_direct_v1,falandays_direct_v1__cue_gain,cell_005,"[{""input_gain"":2.0}]","[{""scope"":""interface"",""parameter"":""input_gain"",""value"":2.0}]",cell_005,31,1,144,144,true,mean,2.0,200,200,0,3989,75,40,nothing,nothing,1,18365469644567928756,4041610743621828700,"[1,128]",recall_accuracy,1.0,1.0,ceiling,available,,,true,recall_accuracy,1.0,Recall accuracy,fraction,higher
falandays_direct_v1,falandays_direct_v1__cue_gain,cell_005,"[{""input_gain"":2.0}]","[{""scope"":""interface"",""parameter"":""input_gain"",""value"":2.0}]",cell_005,32,1,144,144,true,mean,2.0,200,200,0,3935,54,43,nothing,nothing,1,8575614502913865459,16705439672251359517,"[2,128]",recall_accuracy,1.0,1.0,ceiling,available,,,true,recall_accuracy,1.0,Recall accuracy,fraction,higher
falandays_direct_v1,falandays_direct_v1__cue_gain,cell_005,"[{""input_gain"":2.0}]","[{""scope"":""interface"",""parameter"":""input_gain"",""value"":2.0}]",cell_005,33,1,144,24,true,mean,2.0,200,200,0,3897,61,42,nothing,nothing,1,14739059881887869130,5559042496469174930,"[1,8]",recall_accuracy,0.0,0.0,floor,available,,,true,recall_accuracy,0.0,Recall accuracy,fraction,higher
falandays_direct_v1,falandays_direct_v1__cue_gain,cell_005,"[{""input_gain"":2.0}]","[{""scope"":""interface"",""parameter"":""input_gain"",""value"":2.0}]",cell_005,34,1,144,24,true,mean,2.0,200,200,0,3944,46,38,nothing,nothing,1,1691347055536277651,11622768072155729540,"[1,8]",recall_accuracy,0.0,0.0,floor,available,,,true,recall_accuracy,0.0,Recall accuracy,fraction,higher
falandays_direct_v1,falandays_direct_v1__cue_gain,cell_005,"[{""input_gain"":2.0}]","[{""scope"":""interface"",""parameter"":""input_gain"",""value"":2.0}]",cell_005,35,1,144,144,true,mean,2.0,200,200,0,3994,65,41,nothing,nothing,1,12238681826103955801,4642113296036802231,"[1,128]",recall_accuracy,0.0,0.0,floor,available,,,true,recall_accuracy,0.0,Recall accuracy,fraction,higher
falandays_direct_v1,falandays_direct_v1__cue_gain,cell_005,"[{""input_gain"":2.0}]","[{""scope"":""interface"",""parameter"":""input_gain"",""value"":2.0}]",cell_005,36,1,144,48,true,mean,2.0,200,200,0,4109,65,32,nothing,nothing,1,13391442460675217735,4759790416418358215,"[2,32]",recall_accuracy,1.0,1.0,ceiling,available,,,true,recall_accuracy,1.0,Recall accuracy,fraction,higher
falandays_direct_v1,falandays_direct_v1__cue_gain,cell_005,"[{""input_gain"":2.0}]","[{""scope"":""interface"",""parameter"":""input_gain"",""value"":2.0}]",cell_005,37,1,144,48,true,mean,2.0,200,200,0,4044,63,41,nothing,nothing,1,16546253964087852877,12221295028980735749,"[1,32]",recall_accuracy,0.0,0.0,floor,available,,,true,recall_accuracy,0.0,Recall accuracy,fraction,higher
falandays_direct_v1,falandays_direct_v1__cue_gain,cell_005,"[{""input_gain"":2.0}]","[{""scope"":""interface"",""parameter"":""input_gain"",""value"":2.0}]",cell_005,38,1,144,48,true,mean,2.0,200,200,0,4018,58,41,nothing,nothing,1,16861330826438584791,4307155270124468204,"[2,32]",recall_accuracy,1.0,1.0,ceiling,available,,,true,recall_accuracy,1.0,Recall accuracy,fraction,higher
falandays_direct_v1,falandays_direct_v1__cue_gain,cell_005,"[{""input_gain"":2.0}]","[{""scope"":""interface"",""parameter"":""input_gain"",""value"":2.0}]",cell_005,39,1,144,48,true,mean,2.0,200,200,0,3984,59,43,nothing,nothing,1,5619571513751481896,13772695671122785095,"[2,32]",recall_accuracy,0.0,0.0,floor,available,,,true,recall_accuracy,0.0,Recall accuracy,fraction,higher
falandays_direct_v1,falandays_direct_v1__cue_gain,cell_005,"[{""input_gain"":2.0}]","[{""scope"":""interface"",""parameter"":""input_gain"",""value"":2.0}]",cell_005,40,1,144,48,true,mean,2.0,200,200,0,3973,58,48,nothing,nothing,1,4910676185985938041,1827413742199942425,"[2,32]",recall_accuracy,0.0,0.0,floor,available,,,true,recall_accuracy,0.0,Recall accuracy,fraction,higher
falandays_direct_v1,falandays_direct_v1__cue_gain,cell_005,"[{""input_gain"":2.0}]","[{""scope"":""interface"",""parameter"":""input_gain"",""value"":2.0}]",cell_005,41,1,144,144,true,mean,2.0,200,200,0,4029,53,49,nothing,nothing,1,6546389962142919961,1780461504424025134,"[2,128]",recall_accuracy,1.0,1.0,ceiling,available,,,true,recall_accuracy,1.0,Recall accuracy,fraction,higher
falandays_direct_v1,falandays_direct_v1__cue_gain,cell_005,"[{""input_gain"":2.0}]","[{""scope"":""interface"",""parameter"":""input_gain"",""value"":2.0}]",cell_005,42,1,144,24,true,mean,2.0,200,200,0,4035,53,41,nothing,nothing,1,11349448369167888049,8642874451656507712,"[1,8]",recall_accuracy,0.0,0.0,floor,available,,,true,recall_accuracy,0.0,Recall accuracy,fraction,higher
falandays_direct_v1,falandays_direct_v1__cue_gain,cell_005,"[{""input_gain"":2.0}]","[{""scope"":""interface"",""parameter"":""input_gain"",""value"":2.0}]",cell_005,43,1,144,144,true,mean,2.0,200,200,0,4014,56,48,nothing,nothing,1,13845801875421481039,7456934522800937254,"[2,128]",recall_accuracy,0.0,0.0,floor,available,,,true,recall_accuracy,0.0,Recall accuracy,fraction,higher
falandays_direct_v1,falandays_direct_v1__cue_gain,cell_005,"[{""input_gain"":2.0}]","[{""scope"":""interface"",""parameter"":""input_gain"",""value"":2.0}]",cell_005,44,1,144,48,true,mean,2.0,200,200,0,3882,76,41,nothing,nothing,1,17637343676182291106,257703088949437611,"[1,32]",recall_accuracy,1.0,1.0,ceiling,available,,,true,recall_accuracy,1.0,Recall accuracy,fraction,higher
falandays_direct_v1,falandays_direct_v1__cue_gain,cell_005,"[{""input_gain"":2.0}]","[{""scope"":""interface"",""parameter"":""input_gain"",""value"":2.0}]",cell_005,45,1,144,144,true,mean,2.0,200,200,0,4103,60,37,nothing,nothing,1,10695794649270763135,12347181926683009745,"[2,128]",recall_accuracy,0.0,0.0,floor,available,,,true,recall_accuracy,0.0,Recall accuracy,fraction,higher
falandays_direct_v1,falandays_direct_v1__cue_gain,cell_005,"[{""input_gain"":2.0}]","[{""scope"":""interface"",""parameter"":""input_gain"",""value"":2.0}]",cell_005,46,1,144,24,true,mean,2.0,200,200,0,3909,67,40,nothing,nothing,1,11945222342811947661,14451551029179234932,"[2,8]",recall_accuracy,0.0,0.0,floor,available,,,true,recall_accuracy,0.0,Recall accuracy,fraction,higher
falandays_direct_v1,falandays_direct_v1__cue_gain,cell_005,"[{""input_gain"":2.0}]","[{""scope"":""interface"",""parameter"":""input_gain"",""value"":2.0}]",cell_005,47,1,144,24,true,mean,2.0,200,200,0,4068,60,39,nothing,nothing,1,11886869482354147328,12823158141346789681,"[1,8]",recall_accuracy,1.0,1.0,ceiling,available,,,true,recall_accuracy,1.0,Recall accuracy,fraction,higher
falandays_direct_v1,falandays_direct_v1__cue_gain,cell_005,"[{""input_gain"":2.0}]","[{""scope"":""interface"",""parameter"":""input_gain"",""value"":2.0}]",cell_005,48,1,144,24,true,mean,2.0,200,200,0,4026,60,51,nothing,nothing,1,2234593526373743716,18048444690023247949,"[1,8]",recall_accuracy,0.0,0.0,floor,available,,,true,recall_accuracy,0.0,Recall accuracy,fraction,higher
falandays_direct_v1,falandays_direct_v1__cue_gain,cell_005,"[{""input_gain"":2.0}]","[{""scope"":""interface"",""parameter"":""input_gain"",""value"":2.0}]",cell_005,49,1,144,144,true,mean,2.0,200,200,0,3956,58,42,nothing,nothing,1,13403011621904115811,1248657061175819954,"[1,128]",recall_accuracy,1.0,1.0,ceiling,available,,,true,recall_accuracy,1.0,Recall accuracy,fraction,higher
falandays_direct_v1,falandays_direct_v1__cue_gain,cell_005,"[{""input_gain"":2.0}]","[{""scope"":""interface"",""parameter"":""input_gain"",""value"":2.0}]",cell_005,50,1,144,48,true,mean,2.0,200,200,0,4088,75,34,nothing,nothing,1,17210097905261720925,8342279397843918002,"[1,32]",recall_accuracy,1.0,1.0,ceiling,available,,,true,recall_accuracy,1.0,Recall accuracy,fraction,higher
falandays_direct_v1,falandays_direct_v1__cue_gain,cell_005,"[{""input_gain"":2.0}]","[{""scope"":""interface"",""parameter"":""input_gain"",""value"":2.0}]",cell_005,51,1,144,24,true,mean,2.0,200,200,0,3958,65,48,nothing,nothing,1,454914120579874133,16475816545815083334,"[2,8]",recall_accuracy,0.0,0.0,floor,available,,,true,recall_accuracy,0.0,Recall accuracy,fraction,higher
falandays_direct_v1,falandays_direct_v1__cue_gain,cell_005,"[{""input_gain"":2.0}]","[{""scope"":""interface"",""parameter"":""input_gain"",""value"":2.0}]",cell_005,52,1,144,144,true,mean,2.0,200,200,0,3972,47,28,nothing,nothing,1,1438281246603355359,12395589511584612683,"[2,128]",recall_accuracy,1.0,1.0,ceiling,available,,,true,recall_accuracy,1.0,Recall accuracy,fraction,higher
falandays_direct_v1,falandays_direct_v1__cue_gain,cell_005,"[{""input_gain"":2.0}]","[{""scope"":""interface"",""parameter"":""input_gain"",""value"":2.0}]",cell_005,53,1,144,24,true,mean,2.0,200,200,0,4010,60,37,nothing,nothing,1,6241271471225088958,8890533234528554735,"[2,8]",recall_accuracy,1.0,1.0,ceiling,available,,,true,recall_accuracy,1.0,Recall accuracy,fraction,higher
falandays_direct_v1,falandays_direct_v1__cue_gain,cell_005,"[{""input_gain"":2.0}]","[{""scope"":""interface"",""parameter"":""input_gain"",""value"":2.0}]",cell_005,54,1,144,144,true,mean,2.0,200,200,0,3921,65,41,nothing,nothing,1,14335423250921699584,15373284929577107875,"[2,128]",recall_accuracy,1.0,1.0,ceiling,available,,,true,recall_accuracy,1.0,Recall accuracy,fraction,higher
falandays_direct_v1,falandays_direct_v1__cue_gain,cell_005,"[{""input_gain"":2.0}]","[{""scope"":""interface"",""parameter"":""input_gain"",""value"":2.0}]",cell_005,55,1,144,48,true,mean,2.0,200,200,0,3949,61,43,nothing,nothing,1,6757410026560355548,11815403074947356053,"[1,32]",recall_accuracy,0.0,0.0,floor,available,,,true,recall_accuracy,0.0,Recall accuracy,fraction,higher
falandays_direct_v1,falandays_direct_v1__cue_gain,cell_005,"[{""input_gain"":2.0}]","[{""scope"":""interface"",""parameter"":""input_gain"",""value"":2.0}]",cell_005,56,1,144,144,true,mean,2.0,200,200,0,3986,69,43,nothing,nothing,1,15532406203839688342,13162847327565096646,"[1,128]",recall_accuracy,0.0,0.0,floor,available,,,true,recall_accuracy,0.0,Recall accuracy,fraction,higher
falandays_direct_v1,falandays_direct_v1__cue_gain,cell_005,"[{""input_gain"":2.0}]","[{""scope"":""interface"",""parameter"":""input_gain"",""value"":2.0}]",cell_005,57,1,144,48,true,mean,2.0,200,200,0,4098,69,44,nothing,nothing,1,4681648634298740672,7511054878922844313,"[1,32]",recall_accuracy,1.0,1.0,ceiling,available,,,true,recall_accuracy,1.0,Recall accuracy,fraction,higher
falandays_direct_v1,falandays_direct_v1__cue_gain,cell_005,"[{""input_gain"":2.0}]","[{""scope"":""interface"",""parameter"":""input_gain"",""value"":2.0}]",cell_005,58,1,144,144,true,mean,2.0,200,200,0,3981,57,49,nothing,nothing,1,1580537468734461251,8570678930441301800,"[1,128]",recall_accuracy,0.0,0.0,floor,available,,,true,recall_accuracy,0.0,Recall accuracy,fraction,higher
falandays_direct_v1,falandays_direct_v1__cue_gain,cell_005,"[{""input_gain"":2.0}]","[{""scope"":""interface"",""parameter"":""input_gain"",""value"":2.0}]",cell_005,59,1,144,48,true,mean,2.0,200,200,0,3982,65,36,nothing,nothing,1,2591394955471149440,5426089333597508761,"[2,32]",recall_accuracy,1.0,1.0,ceiling,available,,,true,recall_accuracy,1.0,Recall accuracy,fraction,higher
falandays_direct_v1,falandays_direct_v1__cue_gain,cell_005,"[{""input_gain"":2.0}]","[{""scope"":""interface"",""parameter"":""input_gain"",""value"":2.0}]",cell_005,60,1,144,48,true,mean,2.0,200,200,0,3878,58,37,nothing,nothing,1,8085342557278006757,5214327403748666619,"[2,32]",recall_accuracy,1.0,1.0,ceiling,available,,,true,recall_accuracy,1.0,Recall accuracy,fraction,higher
falandays_direct_v1,falandays_direct_v1__cue_gain,cell_005,"[{""input_gain"":2.0}]","[{""scope"":""interface"",""parameter"":""input_gain"",""value"":2.0}]",cell_005,61,1,144,48,true,mean,2.0,200,200,0,3986,62,30,nothing,nothing,1,4172587101430188940,8002679564930726200,"[2,32]",recall_accuracy,1.0,1.0,ceiling,available,,,true,recall_accuracy,1.0,Recall accuracy,fraction,higher
falandays_direct_v1,falandays_direct_v1__cue_gain,cell_005,"[{""input_gain"":2.0}]","[{""scope"":""interface"",""parameter"":""input_gain"",""value"":2.0}]",cell_005,62,1,144,48,true,mean,2.0,200,200,0,4020,60,40,nothing,nothing,1,14794377271049026763,17228052206586944633,"[1,32]",recall_accuracy,1.0,1.0,ceiling,available,,,true,recall_accuracy,1.0,Recall accuracy,fraction,higher
falandays_direct_v1,falandays_direct_v1__cue_gain,cell_005,"[{""input_gain"":2.0}]","[{""scope"":""interface"",""parameter"":""input_gain"",""value"":2.0}]",cell_005,63,1,144,48,true,mean,2.0,200,200,0,4006,68,43,nothing,nothing,1,678527023195682622,2441450863927944530,"[1,32]",recall_accuracy,1.0,1.0,ceiling,available,,,true,recall_accuracy,1.0,Recall accuracy,fraction,higher
falandays_direct_v1,falandays_direct_v1__cue_gain,cell_005,"[{""input_gain"":2.0}]","[{""scope"":""interface"",""parameter"":""input_gain"",""value"":2.0}]",cell_005,64,1,144,24,true,mean,2.0,200,200,0,3985,56,31,nothing,nothing,1,15062871301358266762,10959836952691641193,"[2,8]",recall_accuracy,1.0,1.0,ceiling,available,,,true,recall_accuracy,1.0,Recall accuracy,fraction,higher
falandays_direct_v1,falandays_direct_v1__cue_gain,cell_006,"[{""input_gain"":4.0}]","[{""scope"":""interface"",""parameter"":""input_gain"",""value"":4.0}]",cell_006,1,1,144,24,true,mean,4.0,200,200,0,4116,68,41,nothing,nothing,1,12594128219311072171,8092595526124825526,"[1,8]",recall_accuracy,1.0,1.0,ceiling,available,,,true,recall_accuracy,1.0,Recall accuracy,fraction,higher
falandays_direct_v1,falandays_direct_v1__cue_gain,cell_006,"[{""input_gain"":4.0}]","[{""scope"":""interface"",""parameter"":""input_gain"",""value"":4.0}]",cell_006,2,1,144,24,true,mean,4.0,200,200,0,4050,64,35,nothing,nothing,1,3112638069852970545,6701411026981952686,"[1,8]",recall_accuracy,0.0,0.0,floor,available,,,true,recall_accuracy,0.0,Recall accuracy,fraction,higher
falandays_direct_v1,falandays_direct_v1__cue_gain,cell_006,"[{""input_gain"":4.0}]","[{""scope"":""interface"",""parameter"":""input_gain"",""value"":4.0}]",cell_006,3,1,144,48,true,mean,4.0,200,200,0,3921,59,46,nothing,nothing,1,3252372254226619730,9335131981025201213,"[1,32]",recall_accuracy,0.0,0.0,floor,available,,,true,recall_accuracy,0.0,Recall accuracy,fraction,higher
falandays_direct_v1,falandays_direct_v1__cue_gain,cell_006,"[{""input_gain"":4.0}]","[{""scope"":""interface"",""parameter"":""input_gain"",""value"":4.0}]",cell_006,4,1,144,24,true,mean,4.0,200,200,0,4003,71,43,nothing,nothing,1,5194087443396628577,9699077174267993794,"[1,8]",recall_accuracy,1.0,1.0,ceiling,available,,,true,recall_accuracy,1.0,Recall accuracy,fraction,higher
falandays_direct_v1,falandays_direct_v1__cue_gain,cell_006,"[{""input_gain"":4.0}]","[{""scope"":""interface"",""parameter"":""input_gain"",""value"":4.0}]",cell_006,5,1,144,24,true,mean,4.0,200,200,0,4019,57,53,nothing,nothing,1,4334358284774126499,15316878938203924676,"[1,8]",recall_accuracy,0.0,0.0,floor,available,,,true,recall_accuracy,0.0,Recall accuracy,fraction,higher
falandays_direct_v1,falandays_direct_v1__cue_gain,cell_006,"[{""input_gain"":4.0}]","[{""scope"":""interface"",""parameter"":""input_gain"",""value"":4.0}]",cell_006,6,1,144,144,true,mean,4.0,200,200,0,4033,70,43,nothing,nothing,1,13951672084048746250,17465024622011189119,"[1,128]",recall_accuracy,0.0,0.0,floor,available,,,true,recall_accuracy,0.0,Recall accuracy,fraction,higher
falandays_direct_v1,falandays_direct_v1__cue_gain,cell_006,"[{""input_gain"":4.0}]","[{""scope"":""interface"",""parameter"":""input_gain"",""value"":4.0}]",cell_006,7,1,144,144,true,mean,4.0,200,200,0,3987,52,44,nothing,nothing,1,16761261485954868533,16015605207609979784,"[2,128]",recall_accuracy,0.0,0.0,floor,available,,,true,recall_accuracy,0.0,Recall accuracy,fraction,higher
falandays_direct_v1,falandays_direct_v1__cue_gain,cell_006,"[{""input_gain"":4.0}]","[{""scope"":""interface"",""parameter"":""input_gain"",""value"":4.0}]",cell_006,8,1,144,48,true,mean,4.0,200,200,0,3889,60,45,nothing,nothing,1,2137829287241869961,439802552602527111,"[1,32]",recall_accuracy,1.0,1.0,ceiling,available,,,true,recall_accuracy,1.0,Recall accuracy,fraction,higher
falandays_direct_v1,falandays_direct_v1__cue_gain,cell_006,"[{""input_gain"":4.0}]","[{""scope"":""interface"",""parameter"":""input_gain"",""value"":4.0}]",cell_006,9,1,144,48,true,mean,4.0,200,200,0,4013,50,37,nothing,nothing,1,8709559762848532333,16815393164913437588,"[1,32]",recall_accuracy,0.0,0.0,floor,available,,,true,recall_accuracy,0.0,Recall accuracy,fraction,higher
falandays_direct_v1,falandays_direct_v1__cue_gain,cell_006,"[{""input_gain"":4.0}]","[{""scope"":""interface"",""parameter"":""input_gain"",""value"":4.0}]",cell_006,10,1,144,144,true,mean,4.0,200,200,0,3927,60,45,nothing,nothing,1,8097260807977524711,4643994514494534576,"[1,128]",recall_accuracy,1.0,1.0,ceiling,available,,,true,recall_accuracy,1.0,Recall accuracy,fraction,higher
falandays_direct_v1,falandays_direct_v1__cue_gain,cell_006,"[{""input_gain"":4.0}]","[{""scope"":""interface"",""parameter"":""input_gain"",""value"":4.0}]",cell_006,11,1,144,48,true,mean,4.0,200,200,0,3985,63,38,nothing,nothing,1,6354404988444614712,1264918944922948723,"[2,32]",recall_accuracy,0.0,0.0,floor,available,,,true,recall_accuracy,0.0,Recall accuracy,fraction,higher
falandays_direct_v1,falandays_direct_v1__cue_gain,cell_006,"[{""input_gain"":4.0}]","[{""scope"":""interface"",""parameter"":""input_gain"",""value"":4.0}]",cell_006,12,1,144,144,true,mean,4.0,200,200,0,3979,71,50,nothing,nothing,1,7992910848564633563,3411290568062191086,"[1,128]",recall_accuracy,1.0,1.0,ceiling,available,,,true,recall_accuracy,1.0,Recall accuracy,fraction,higher
falandays_direct_v1,falandays_direct_v1__cue_gain,cell_006,"[{""input_gain"":4.0}]","[{""scope"":""interface"",""parameter"":""input_gain"",""value"":4.0}]",cell_006,13,1,144,24,true,mean,4.0,200,200,0,4003,61,45,nothing,nothing,1,15132623001949554602,3160238541710195767,"[2,8]",recall_accuracy,1.0,1.0,ceiling,available,,,true,recall_accuracy,1.0,Recall accuracy,fraction,higher
falandays_direct_v1,falandays_direct_v1__cue_gain,cell_006,"[{""input_gain"":4.0}]","[{""scope"":""interface"",""parameter"":""input_gain"",""value"":4.0}]",cell_006,14,1,144,24,true,mean,4.0,200,200,0,3979,53,38,nothing,nothing,1,690069523023100410,2475738350341787459,"[2,8]",recall_accuracy,0.0,0.0,floor,available,,,true,recall_accuracy,0.0,Recall accuracy,fraction,higher
falandays_direct_v1,falandays_direct_v1__cue_gain,cell_006,"[{""input_gain"":4.0}]","[{""scope"":""interface"",""parameter"":""input_gain"",""value"":4.0}]",cell_006,15,1,144,24,true,mean,4.0,200,200,0,3935,65,31,nothing,nothing,1,12250122898661847943,9173535536611603934,"[1,8]",recall_accuracy,1.0,1.0,ceiling,available,,,true,recall_accuracy,1.0,Recall accuracy,fraction,higher
falandays_direct_v1,falandays_direct_v1__cue_gain,cell_006,"[{""input_gain"":4.0}]","[{""scope"":""interface"",""parameter"":""input_gain"",""value"":4.0}]",cell_006,16,1,144,144,true,mean,4.0,200,200,0,4055,57,34,nothing,nothing,1,5728837636757173799,17882706362734959438,"[1,128]",recall_accuracy,0.0,0.0,floor,available,,,true,recall_accuracy,0.0,Recall accuracy,fraction,higher
falandays_direct_v1,falandays_direct_v1__cue_gain,cell_006,"[{""input_gain"":4.0}]","[{""scope"":""interface"",""parameter"":""input_gain"",""value"":4.0}]",cell_006,17,1,144,48,true,mean,4.0,200,200,0,3990,60,39,nothing,nothing,1,1688327312157973031,10221160784258913491,"[2,32]",recall_accuracy,0.0,0.0,floor,available,,,true,recall_accuracy,0.0,Recall accuracy,fraction,higher
falandays_direct_v1,falandays_direct_v1__cue_gain,cell_006,"[{""input_gain"":4.0}]","[{""scope"":""interface"",""parameter"":""input_gain"",""value"":4.0}]",cell_006,18,1,144,48,true,mean,4.0,200,200,0,3949,62,38,nothing,nothing,1,749010461240991141,12131565372770077396,"[1,32]",recall_accuracy,0.0,0.0,floor,available,,,true,recall_accuracy,0.0,Recall accuracy,fraction,higher
falandays_direct_v1,falandays_direct_v1__cue_gain,cell_006,"[{""input_gain"":4.0}]","[{""scope"":""interface"",""parameter"":""input_gain"",""value"":4.0}]",cell_006,19,1,144,144,true,mean,4.0,200,200,0,3908,56,38,nothing,nothing,1,15696681152727596010,3067316268179985911,"[2,128]",recall_accuracy,0.0,0.0,floor,available,,,true,recall_accuracy,0.0,Recall accuracy,fraction,higher
falandays_direct_v1,falandays_direct_v1__cue_gain,cell_006,"[{""input_gain"":4.0}]","[{""scope"":""interface"",""parameter"":""input_gain"",""value"":4.0}]",cell_006,20,1,144,48,true,mean,4.0,200,200,0,3952,60,40,nothing,nothing,1,3887908280811000983,4367688531973349399,"[1,32]",recall_accuracy,0.0,0.0,floor,available,,,true,recall_accuracy,0.0,Recall accuracy,fraction,higher
falandays_direct_v1,falandays_direct_v1__cue_gain,cell_006,"[{""input_gain"":4.0}]","[{""scope"":""interface"",""parameter"":""input_gain"",""value"":4.0}]",cell_006,21,1,144,48,true,mean,4.0,200,200,0,3899,66,35,nothing,nothing,1,6348457907726908322,14850400267946205414,"[2,32]",recall_accuracy,0.0,0.0,floor,available,,,true,recall_accuracy,0.0,Recall accuracy,fraction,higher
falandays_direct_v1,falandays_direct_v1__cue_gain,cell_006,"[{""input_gain"":4.0}]","[{""scope"":""interface"",""parameter"":""input_gain"",""value"":4.0}]",cell_006,22,1,144,144,true,mean,4.0,200,200,0,3970,52,43,nothing,nothing,1,12067343499115009084,1305036494483538562,"[2,128]",recall_accuracy,0.0,0.0,floor,available,,,true,recall_accuracy,0.0,Recall accuracy,fraction,higher
falandays_direct_v1,falandays_direct_v1__cue_gain,cell_006,"[{""input_gain"":4.0}]","[{""scope"":""interface"",""parameter"":""input_gain"",""value"":4.0}]",cell_006,23,1,144,48,true,mean,4.0,200,200,0,4003,44,36,nothing,nothing,1,1456088996810007893,9248486385473542497,"[2,32]",recall_accuracy,0.0,0.0,floor,available,,,true,recall_accuracy,0.0,Recall accuracy,fraction,higher
falandays_direct_v1,falandays_direct_v1__cue_gain,cell_006,"[{""input_gain"":4.0}]","[{""scope"":""interface"",""parameter"":""input_gain"",""value"":4.0}]",cell_006,24,1,144,48,true,mean,4.0,200,200,0,4019,62,42,nothing,nothing,1,12296449013820028580,2365857526890167594,"[1,32]",recall_accuracy,1.0,1.0,ceiling,available,,,true,recall_accuracy,1.0,Recall accuracy,fraction,higher
falandays_direct_v1,falandays_direct_v1__cue_gain,cell_006,"[{""input_gain"":4.0}]","[{""scope"":""interface"",""parameter"":""input_gain"",""value"":4.0}]",cell_006,25,1,144,144,true,mean,4.0,200,200,0,3969,55,41,nothing,nothing,1,13242257255797595924,13790341136909193717,"[2,128]",recall_accuracy,1.0,1.0,ceiling,available,,,true,recall_accuracy,1.0,Recall accuracy,fraction,higher
falandays_direct_v1,falandays_direct_v1__cue_gain,cell_006,"[{""input_gain"":4.0}]","[{""scope"":""interface"",""parameter"":""input_gain"",""value"":4.0}]",cell_006,26,1,144,24,true,mean,4.0,200,200,0,4041,67,38,nothing,nothing,1,15691522525334327019,9018541844550905015,"[2,8]",recall_accuracy,1.0,1.0,ceiling,available,,,true,recall_accuracy,1.0,Recall accuracy,fraction,higher
falandays_direct_v1,falandays_direct_v1__cue_gain,cell_006,"[{""input_gain"":4.0}]","[{""scope"":""interface"",""parameter"":""input_gain"",""value"":4.0}]",cell_006,27,1,144,144,true,mean,4.0,200,200,0,3959,65,47,nothing,nothing,1,2527375291412315002,16000658053978501663,"[1,128]",recall_accuracy,0.0,0.0,floor,available,,,true,recall_accuracy,0.0,Recall accuracy,fraction,higher
falandays_direct_v1,falandays_direct_v1__cue_gain,cell_006,"[{""input_gain"":4.0}]","[{""scope"":""interface"",""parameter"":""input_gain"",""value"":4.0}]",cell_006,28,1,144,48,true,mean,4.0,200,200,0,3999,67,41,nothing,nothing,1,13908397727894472465,7476633210553105177,"[1,32]",recall_accuracy,0.0,0.0,floor,available,,,true,recall_accuracy,0.0,Recall accuracy,fraction,higher
falandays_direct_v1,falandays_direct_v1__cue_gain,cell_006,"[{""input_gain"":4.0}]","[{""scope"":""interface"",""parameter"":""input_gain"",""value"":4.0}]",cell_006,29,1,144,48,true,mean,4.0,200,200,0,4027,62,35,nothing,nothing,1,7879620809424902802,5513416892640168739,"[1,32]",recall_accuracy,1.0,1.0,ceiling,available,,,true,recall_accuracy,1.0,Recall accuracy,fraction,higher
falandays_direct_v1,falandays_direct_v1__cue_gain,cell_006,"[{""input_gain"":4.0}]","[{""scope"":""interface"",""parameter"":""input_gain"",""value"":4.0}]",cell_006,30,1,144,144,true,mean,4.0,200,200,0,3976,62,49,nothing,nothing,1,5259748803054981645,2541231920251608604,"[2,128]",recall_accuracy,1.0,1.0,ceiling,available,,,true,recall_accuracy,1.0,Recall accuracy,fraction,higher
falandays_direct_v1,falandays_direct_v1__cue_gain,cell_006,"[{""input_gain"":4.0}]","[{""scope"":""interface"",""parameter"":""input_gain"",""value"":4.0}]",cell_006,31,1,144,144,true,mean,4.0,200,200,0,3989,75,40,nothing,nothing,1,18365469644567928756,4041610743621828700,"[1,128]",recall_accuracy,1.0,1.0,ceiling,available,,,true,recall_accuracy,1.0,Recall accuracy,fraction,higher
falandays_direct_v1,falandays_direct_v1__cue_gain,cell_006,"[{""input_gain"":4.0}]","[{""scope"":""interface"",""parameter"":""input_gain"",""value"":4.0}]",cell_006,32,1,144,144,true,mean,4.0,200,200,0,3935,54,43,nothing,nothing,1,8575614502913865459,16705439672251359517,"[2,128]",recall_accuracy,0.0,0.0,floor,available,,,true,recall_accuracy,0.0,Recall accuracy,fraction,higher
falandays_direct_v1,falandays_direct_v1__cue_gain,cell_006,"[{""input_gain"":4.0}]","[{""scope"":""interface"",""parameter"":""input_gain"",""value"":4.0}]",cell_006,33,1,144,24,true,mean,4.0,200,200,0,3897,61,42,nothing,nothing,1,14739059881887869130,5559042496469174930,"[1,8]",recall_accuracy,1.0,1.0,ceiling,available,,,true,recall_accuracy,1.0,Recall accuracy,fraction,higher
falandays_direct_v1,falandays_direct_v1__cue_gain,cell_006,"[{""input_gain"":4.0}]","[{""scope"":""interface"",""parameter"":""input_gain"",""value"":4.0}]",cell_006,34,1,144,24,true,mean,4.0,200,200,0,3944,46,38,nothing,nothing,1,1691347055536277651,11622768072155729540,"[1,8]",recall_accuracy,1.0,1.0,ceiling,available,,,true,recall_accuracy,1.0,Recall accuracy,fraction,higher
falandays_direct_v1,falandays_direct_v1__cue_gain,cell_006,"[{""input_gain"":4.0}]","[{""scope"":""interface"",""parameter"":""input_gain"",""value"":4.0}]",cell_006,35,1,144,144,true,mean,4.0,200,200,0,3994,65,41,nothing,nothing,1,12238681826103955801,4642113296036802231,"[1,128]",recall_accuracy,1.0,1.0,ceiling,available,,,true,recall_accuracy,1.0,Recall accuracy,fraction,higher
falandays_direct_v1,falandays_direct_v1__cue_gain,cell_006,"[{""input_gain"":4.0}]","[{""scope"":""interface"",""parameter"":""input_gain"",""value"":4.0}]",cell_006,36,1,144,48,true,mean,4.0,200,200,0,4109,65,32,nothing,nothing,1,13391442460675217735,4759790416418358215,"[2,32]",recall_accuracy,1.0,1.0,ceiling,available,,,true,recall_accuracy,1.0,Recall accuracy,fraction,higher
falandays_direct_v1,falandays_direct_v1__cue_gain,cell_006,"[{""input_gain"":4.0}]","[{""scope"":""interface"",""parameter"":""input_gain"",""value"":4.0}]",cell_006,37,1,144,48,true,mean,4.0,200,200,0,4044,63,41,nothing,nothing,1,16546253964087852877,12221295028980735749,"[1,32]",recall_accuracy,1.0,1.0,ceiling,available,,,true,recall_accuracy,1.0,Recall accuracy,fraction,higher
falandays_direct_v1,falandays_direct_v1__cue_gain,cell_006,"[{""input_gain"":4.0}]","[{""scope"":""interface"",""parameter"":""input_gain"",""value"":4.0}]",cell_006,38,1,144,48,true,mean,4.0,200,200,0,4018,58,41,nothing,nothing,1,16861330826438584791,4307155270124468204,"[2,32]",recall_accuracy,0.0,0.0,floor,available,,,true,recall_accuracy,0.0,Recall accuracy,fraction,higher
falandays_direct_v1,falandays_direct_v1__cue_gain,cell_006,"[{""input_gain"":4.0}]","[{""scope"":""interface"",""parameter"":""input_gain"",""value"":4.0}]",cell_006,39,1,144,48,true,mean,4.0,200,200,0,3984,59,43,nothing,nothing,1,5619571513751481896,13772695671122785095,"[2,32]",recall_accuracy,0.0,0.0,floor,available,,,true,recall_accuracy,0.0,Recall accuracy,fraction,higher
falandays_direct_v1,falandays_direct_v1__cue_gain,cell_006,"[{""input_gain"":4.0}]","[{""scope"":""interface"",""parameter"":""input_gain"",""value"":4.0}]",cell_006,40,1,144,48,true,mean,4.0,200,200,0,3973,58,48,nothing,nothing,1,4910676185985938041,1827413742199942425,"[2,32]",recall_accuracy,0.0,0.0,floor,available,,,true,recall_accuracy,0.0,Recall accuracy,fraction,higher
falandays_direct_v1,falandays_direct_v1__cue_gain,cell_006,"[{""input_gain"":4.0}]","[{""scope"":""interface"",""parameter"":""input_gain"",""value"":4.0}]",cell_006,41,1,144,144,true,mean,4.0,200,200,0,4029,53,49,nothing,nothing,1,6546389962142919961,1780461504424025134,"[2,128]",recall_accuracy,1.0,1.0,ceiling,available,,,true,recall_accuracy,1.0,Recall accuracy,fraction,higher
falandays_direct_v1,falandays_direct_v1__cue_gain,cell_006,"[{""input_gain"":4.0}]","[{""scope"":""interface"",""parameter"":""input_gain"",""value"":4.0}]",cell_006,42,1,144,24,true,mean,4.0,200,200,0,4035,53,41,nothing,nothing,1,11349448369167888049,8642874451656507712,"[1,8]",recall_accuracy,1.0,1.0,ceiling,available,,,true,recall_accuracy,1.0,Recall accuracy,fraction,higher
falandays_direct_v1,falandays_direct_v1__cue_gain,cell_006,"[{""input_gain"":4.0}]","[{""scope"":""interface"",""parameter"":""input_gain"",""value"":4.0}]",cell_006,43,1,144,144,true,mean,4.0,200,200,0,4014,56,48,nothing,nothing,1,13845801875421481039,7456934522800937254,"[2,128]",recall_accuracy,1.0,1.0,ceiling,available,,,true,recall_accuracy,1.0,Recall accuracy,fraction,higher
falandays_direct_v1,falandays_direct_v1__cue_gain,cell_006,"[{""input_gain"":4.0}]","[{""scope"":""interface"",""parameter"":""input_gain"",""value"":4.0}]",cell_006,44,1,144,48,true,mean,4.0,200,200,0,3882,76,41,nothing,nothing,1,17637343676182291106,257703088949437611,"[1,32]",recall_accuracy,0.0,0.0,floor,available,,,true,recall_accuracy,0.0,Recall accuracy,fraction,higher
falandays_direct_v1,falandays_direct_v1__cue_gain,cell_006,"[{""input_gain"":4.0}]","[{""scope"":""interface"",""parameter"":""input_gain"",""value"":4.0}]",cell_006,45,1,144,144,true,mean,4.0,200,200,0,4103,60,37,nothing,nothing,1,10695794649270763135,12347181926683009745,"[2,128]",recall_accuracy,1.0,1.0,ceiling,available,,,true,recall_accuracy,1.0,Recall accuracy,fraction,higher
falandays_direct_v1,falandays_direct_v1__cue_gain,cell_006,"[{""input_gain"":4.0}]","[{""scope"":""interface"",""parameter"":""input_gain"",""value"":4.0}]",cell_006,46,1,144,24,true,mean,4.0,200,200,0,3909,67,40,nothing,nothing,1,11945222342811947661,14451551029179234932,"[2,8]",recall_accuracy,0.0,0.0,floor,available,,,true,recall_accuracy,0.0,Recall accuracy,fraction,higher
falandays_direct_v1,falandays_direct_v1__cue_gain,cell_006,"[{""input_gain"":4.0}]","[{""scope"":""interface"",""parameter"":""input_gain"",""value"":4.0}]",cell_006,47,1,144,24,true,mean,4.0,200,200,0,4068,60,39,nothing,nothing,1,11886869482354147328,12823158141346789681,"[1,8]",recall_accuracy,0.0,0.0,floor,available,,,true,recall_accuracy,0.0,Recall accuracy,fraction,higher
falandays_direct_v1,falandays_direct_v1__cue_gain,cell_006,"[{""input_gain"":4.0}]","[{""scope"":""interface"",""parameter"":""input_gain"",""value"":4.0}]",cell_006,48,1,144,24,true,mean,4.0,200,200,0,4026,60,51,nothing,nothing,1,2234593526373743716,18048444690023247949,"[1,8]",recall_accuracy,1.0,1.0,ceiling,available,,,true,recall_accuracy,1.0,Recall accuracy,fraction,higher
falandays_direct_v1,falandays_direct_v1__cue_gain,cell_006,"[{""input_gain"":4.0}]","[{""scope"":""interface"",""parameter"":""input_gain"",""value"":4.0}]",cell_006,49,1,144,144,true,mean,4.0,200,200,0,3956,58,42,nothing,nothing,1,13403011621904115811,1248657061175819954,"[1,128]",recall_accuracy,1.0,1.0,ceiling,available,,,true,recall_accuracy,1.0,Recall accuracy,fraction,higher
falandays_direct_v1,falandays_direct_v1__cue_gain,cell_006,"[{""input_gain"":4.0}]","[{""scope"":""interface"",""parameter"":""input_gain"",""value"":4.0}]",cell_006,50,1,144,48,true,mean,4.0,200,200,0,4088,75,34,nothing,nothing,1,17210097905261720925,8342279397843918002,"[1,32]",recall_accuracy,1.0,1.0,ceiling,available,,,true,recall_accuracy,1.0,Recall accuracy,fraction,higher
falandays_direct_v1,falandays_direct_v1__cue_gain,cell_006,"[{""input_gain"":4.0}]","[{""scope"":""interface"",""parameter"":""input_gain"",""value"":4.0}]",cell_006,51,1,144,24,true,mean,4.0,200,200,0,3958,65,48,nothing,nothing,1,454914120579874133,16475816545815083334,"[2,8]",recall_accuracy,0.0,0.0,floor,available,,,true,recall_accuracy,0.0,Recall accuracy,fraction,higher
falandays_direct_v1,falandays_direct_v1__cue_gain,cell_006,"[{""input_gain"":4.0}]","[{""scope"":""interface"",""parameter"":""input_gain"",""value"":4.0}]",cell_006,52,1,144,144,true,mean,4.0,200,200,0,3972,47,28,nothing,nothing,1,1438281246603355359,12395589511584612683,"[2,128]",recall_accuracy,0.0,0.0,floor,available,,,true,recall_accuracy,0.0,Recall accuracy,fraction,higher
falandays_direct_v1,falandays_direct_v1__cue_gain,cell_006,"[{""input_gain"":4.0}]","[{""scope"":""interface"",""parameter"":""input_gain"",""value"":4.0}]",cell_006,53,1,144,24,true,mean,4.0,200,200,0,4010,60,37,nothing,nothing,1,6241271471225088958,8890533234528554735,"[2,8]",recall_accuracy,1.0,1.0,ceiling,available,,,true,recall_accuracy,1.0,Recall accuracy,fraction,higher
falandays_direct_v1,falandays_direct_v1__cue_gain,cell_006,"[{""input_gain"":4.0}]","[{""scope"":""interface"",""parameter"":""input_gain"",""value"":4.0}]",cell_006,54,1,144,144,true,mean,4.0,200,200,0,3921,65,41,nothing,nothing,1,14335423250921699584,15373284929577107875,"[2,128]",recall_accuracy,0.0,0.0,floor,available,,,true,recall_accuracy,0.0,Recall accuracy,fraction,higher
falandays_direct_v1,falandays_direct_v1__cue_gain,cell_006,"[{""input_gain"":4.0}]","[{""scope"":""interface"",""parameter"":""input_gain"",""value"":4.0}]",cell_006,55,1,144,48,true,mean,4.0,200,200,0,3949,61,43,nothing,nothing,1,6757410026560355548,11815403074947356053,"[1,32]",recall_accuracy,0.0,0.0,floor,available,,,true,recall_accuracy,0.0,Recall accuracy,fraction,higher
falandays_direct_v1,falandays_direct_v1__cue_gain,cell_006,"[{""input_gain"":4.0}]","[{""scope"":""interface"",""parameter"":""input_gain"",""value"":4.0}]",cell_006,56,1,144,144,true,mean,4.0,200,200,0,3986,69,43,nothing,nothing,1,15532406203839688342,13162847327565096646,"[1,128]",recall_accuracy,0.0,0.0,floor,available,,,true,recall_accuracy,0.0,Recall accuracy,fraction,higher
falandays_direct_v1,falandays_direct_v1__cue_gain,cell_006,"[{""input_gain"":4.0}]","[{""scope"":""interface"",""parameter"":""input_gain"",""value"":4.0}]",cell_006,57,1,144,48,true,mean,4.0,200,200,0,4098,69,44,nothing,nothing,1,4681648634298740672,7511054878922844313,"[1,32]",recall_accuracy,0.0,0.0,floor,available,,,true,recall_accuracy,0.0,Recall accuracy,fraction,higher
falandays_direct_v1,falandays_direct_v1__cue_gain,cell_006,"[{""input_gain"":4.0}]","[{""scope"":""interface"",""parameter"":""input_gain"",""value"":4.0}]",cell_006,58,1,144,144,true,mean,4.0,200,200,0,3981,57,49,nothing,nothing,1,1580537468734461251,8570678930441301800,"[1,128]",recall_accuracy,1.0,1.0,ceiling,available,,,true,recall_accuracy,1.0,Recall accuracy,fraction,higher
falandays_direct_v1,falandays_direct_v1__cue_gain,cell_006,"[{""input_gain"":4.0}]","[{""scope"":""interface"",""parameter"":""input_gain"",""value"":4.0}]",cell_006,59,1,144,48,true,mean,4.0,200,200,0,3982,65,36,nothing,nothing,1,2591394955471149440,5426089333597508761,"[2,32]",recall_accuracy,0.0,0.0,floor,available,,,true,recall_accuracy,0.0,Recall accuracy,fraction,higher
falandays_direct_v1,falandays_direct_v1__cue_gain,cell_006,"[{""input_gain"":4.0}]","[{""scope"":""interface"",""parameter"":""input_gain"",""value"":4.0}]",cell_006,60,1,144,48,true,mean,4.0,200,200,0,3878,58,37,nothing,nothing,1,8085342557278006757,5214327403748666619,"[2,32]",recall_accuracy,0.0,0.0,floor,available,,,true,recall_accuracy,0.0,Recall accuracy,fraction,higher
falandays_direct_v1,falandays_direct_v1__cue_gain,cell_006,"[{""input_gain"":4.0}]","[{""scope"":""interface"",""parameter"":""input_gain"",""value"":4.0}]",cell_006,61,1,144,48,true,mean,4.0,200,200,0,3986,62,30,nothing,nothing,1,4172587101430188940,8002679564930726200,"[2,32]",recall_accuracy,0.0,0.0,floor,available,,,true,recall_accuracy,0.0,Recall accuracy,fraction,higher
falandays_direct_v1,falandays_direct_v1__cue_gain,cell_006,"[{""input_gain"":4.0}]","[{""scope"":""interface"",""parameter"":""input_gain"",""value"":4.0}]",cell_006,62,1,144,48,true,mean,4.0,200,200,0,4020,60,40,nothing,nothing,1,14794377271049026763,17228052206586944633,"[1,32]",recall_accuracy,1.0,1.0,ceiling,available,,,true,recall_accuracy,1.0,Recall accuracy,fraction,higher
falandays_direct_v1,falandays_direct_v1__cue_gain,cell_006,"[{""input_gain"":4.0}]","[{""scope"":""interface"",""parameter"":""input_gain"",""value"":4.0}]",cell_006,63,1,144,48,true,mean,4.0,200,200,0,4006,68,43,nothing,nothing,1,678527023195682622,2441450863927944530,"[1,32]",recall_accuracy,0.0,0.0,floor,available,,,true,recall_accuracy,0.0,Recall accuracy,fraction,higher
falandays_direct_v1,falandays_direct_v1__cue_gain,cell_006,"[{""input_gain"":4.0}]","[{""scope"":""interface"",""parameter"":""input_gain"",""value"":4.0}]",cell_006,64,1,144,24,true,mean,4.0,200,200,0,3985,56,31,nothing,nothing,1,15062871301358266762,10959836952691641193,"[2,8]",recall_accuracy,1.0,1.0,ceiling,available,,,true,recall_accuracy,1.0,Recall accuracy,fraction,higher
falandays_direct_v1,falandays_direct_v1__cue_gain,cell_007,"[{""input_gain"":8.0}]","[{""scope"":""interface"",""parameter"":""input_gain"",""value"":8.0}]",cell_007,1,1,144,24,true,mean,8.0,200,200,0,4116,68,41,nothing,nothing,1,12594128219311072171,8092595526124825526,"[1,8]",recall_accuracy,0.0,0.0,floor,available,,,true,recall_accuracy,0.0,Recall accuracy,fraction,higher
falandays_direct_v1,falandays_direct_v1__cue_gain,cell_007,"[{""input_gain"":8.0}]","[{""scope"":""interface"",""parameter"":""input_gain"",""value"":8.0}]",cell_007,2,1,144,24,true,mean,8.0,200,200,0,4050,64,35,nothing,nothing,1,3112638069852970545,6701411026981952686,"[1,8]",recall_accuracy,0.0,0.0,floor,available,,,true,recall_accuracy,0.0,Recall accuracy,fraction,higher
falandays_direct_v1,falandays_direct_v1__cue_gain,cell_007,"[{""input_gain"":8.0}]","[{""scope"":""interface"",""parameter"":""input_gain"",""value"":8.0}]",cell_007,3,1,144,48,true,mean,8.0,200,200,0,3921,59,46,nothing,nothing,1,3252372254226619730,9335131981025201213,"[1,32]",recall_accuracy,0.0,0.0,floor,available,,,true,recall_accuracy,0.0,Recall accuracy,fraction,higher
falandays_direct_v1,falandays_direct_v1__cue_gain,cell_007,"[{""input_gain"":8.0}]","[{""scope"":""interface"",""parameter"":""input_gain"",""value"":8.0}]",cell_007,4,1,144,24,true,mean,8.0,200,200,0,4003,71,43,nothing,nothing,1,5194087443396628577,9699077174267993794,"[1,8]",recall_accuracy,0.0,0.0,floor,available,,,true,recall_accuracy,0.0,Recall accuracy,fraction,higher
falandays_direct_v1,falandays_direct_v1__cue_gain,cell_007,"[{""input_gain"":8.0}]","[{""scope"":""interface"",""parameter"":""input_gain"",""value"":8.0}]",cell_007,5,1,144,24,true,mean,8.0,200,200,0,4019,57,53,nothing,nothing,1,4334358284774126499,15316878938203924676,"[1,8]",recall_accuracy,0.0,0.0,floor,available,,,true,recall_accuracy,0.0,Recall accuracy,fraction,higher
falandays_direct_v1,falandays_direct_v1__cue_gain,cell_007,"[{""input_gain"":8.0}]","[{""scope"":""interface"",""parameter"":""input_gain"",""value"":8.0}]",cell_007,6,1,144,144,true,mean,8.0,200,200,0,4033,70,43,nothing,nothing,1,13951672084048746250,17465024622011189119,"[1,128]",recall_accuracy,1.0,1.0,ceiling,available,,,true,recall_accuracy,1.0,Recall accuracy,fraction,higher
falandays_direct_v1,falandays_direct_v1__cue_gain,cell_007,"[{""input_gain"":8.0}]","[{""scope"":""interface"",""parameter"":""input_gain"",""value"":8.0}]",cell_007,7,1,144,144,true,mean,8.0,200,200,0,3987,52,44,nothing,nothing,1,16761261485954868533,16015605207609979784,"[2,128]",recall_accuracy,1.0,1.0,ceiling,available,,,true,recall_accuracy,1.0,Recall accuracy,fraction,higher
falandays_direct_v1,falandays_direct_v1__cue_gain,cell_007,"[{""input_gain"":8.0}]","[{""scope"":""interface"",""parameter"":""input_gain"",""value"":8.0}]",cell_007,8,1,144,48,true,mean,8.0,200,200,0,3889,60,45,nothing,nothing,1,2137829287241869961,439802552602527111,"[1,32]",recall_accuracy,0.0,0.0,floor,available,,,true,recall_accuracy,0.0,Recall accuracy,fraction,higher
falandays_direct_v1,falandays_direct_v1__cue_gain,cell_007,"[{""input_gain"":8.0}]","[{""scope"":""interface"",""parameter"":""input_gain"",""value"":8.0}]",cell_007,9,1,144,48,true,mean,8.0,200,200,0,4013,50,37,nothing,nothing,1,8709559762848532333,16815393164913437588,"[1,32]",recall_accuracy,0.0,0.0,floor,available,,,true,recall_accuracy,0.0,Recall accuracy,fraction,higher
falandays_direct_v1,falandays_direct_v1__cue_gain,cell_007,"[{""input_gain"":8.0}]","[{""scope"":""interface"",""parameter"":""input_gain"",""value"":8.0}]",cell_007,10,1,144,144,true,mean,8.0,200,200,0,3927,60,45,nothing,nothing,1,8097260807977524711,4643994514494534576,"[1,128]",recall_accuracy,1.0,1.0,ceiling,available,,,true,recall_accuracy,1.0,Recall accuracy,fraction,higher
falandays_direct_v1,falandays_direct_v1__cue_gain,cell_007,"[{""input_gain"":8.0}]","[{""scope"":""interface"",""parameter"":""input_gain"",""value"":8.0}]",cell_007,11,1,144,48,true,mean,8.0,200,200,0,3985,63,38,nothing,nothing,1,6354404988444614712,1264918944922948723,"[2,32]",recall_accuracy,0.0,0.0,floor,available,,,true,recall_accuracy,0.0,Recall accuracy,fraction,higher
falandays_direct_v1,falandays_direct_v1__cue_gain,cell_007,"[{""input_gain"":8.0}]","[{""scope"":""interface"",""parameter"":""input_gain"",""value"":8.0}]",cell_007,12,1,144,144,true,mean,8.0,200,200,0,3979,71,50,nothing,nothing,1,7992910848564633563,3411290568062191086,"[1,128]",recall_accuracy,0.0,0.0,floor,available,,,true,recall_accuracy,0.0,Recall accuracy,fraction,higher
falandays_direct_v1,falandays_direct_v1__cue_gain,cell_007,"[{""input_gain"":8.0}]","[{""scope"":""interface"",""parameter"":""input_gain"",""value"":8.0}]",cell_007,13,1,144,24,true,mean,8.0,200,200,0,4003,61,45,nothing,nothing,1,15132623001949554602,3160238541710195767,"[2,8]",recall_accuracy,1.0,1.0,ceiling,available,,,true,recall_accuracy,1.0,Recall accuracy,fraction,higher
falandays_direct_v1,falandays_direct_v1__cue_gain,cell_007,"[{""input_gain"":8.0}]","[{""scope"":""interface"",""parameter"":""input_gain"",""value"":8.0}]",cell_007,14,1,144,24,true,mean,8.0,200,200,0,3979,53,38,nothing,nothing,1,690069523023100410,2475738350341787459,"[2,8]",recall_accuracy,1.0,1.0,ceiling,available,,,true,recall_accuracy,1.0,Recall accuracy,fraction,higher
falandays_direct_v1,falandays_direct_v1__cue_gain,cell_007,"[{""input_gain"":8.0}]","[{""scope"":""interface"",""parameter"":""input_gain"",""value"":8.0}]",cell_007,15,1,144,24,true,mean,8.0,200,200,0,3935,65,31,nothing,nothing,1,12250122898661847943,9173535536611603934,"[1,8]",recall_accuracy,0.0,0.0,floor,available,,,true,recall_accuracy,0.0,Recall accuracy,fraction,higher
falandays_direct_v1,falandays_direct_v1__cue_gain,cell_007,"[{""input_gain"":8.0}]","[{""scope"":""interface"",""parameter"":""input_gain"",""value"":8.0}]",cell_007,16,1,144,144,true,mean,8.0,200,200,0,4055,57,34,nothing,nothing,1,5728837636757173799,17882706362734959438,"[1,128]",recall_accuracy,1.0,1.0,ceiling,available,,,true,recall_accuracy,1.0,Recall accuracy,fraction,higher
falandays_direct_v1,falandays_direct_v1__cue_gain,cell_007,"[{""input_gain"":8.0}]","[{""scope"":""interface"",""parameter"":""input_gain"",""value"":8.0}]",cell_007,17,1,144,48,true,mean,8.0,200,200,0,3990,60,39,nothing,nothing,1,1688327312157973031,10221160784258913491,"[2,32]",recall_accuracy,0.0,0.0,floor,available,,,true,recall_accuracy,0.0,Recall accuracy,fraction,higher
falandays_direct_v1,falandays_direct_v1__cue_gain,cell_007,"[{""input_gain"":8.0}]","[{""scope"":""interface"",""parameter"":""input_gain"",""value"":8.0}]",cell_007,18,1,144,48,true,mean,8.0,200,200,0,3949,62,38,nothing,nothing,1,749010461240991141,12131565372770077396,"[1,32]",recall_accuracy,0.0,0.0,floor,available,,,true,recall_accuracy,0.0,Recall accuracy,fraction,higher
falandays_direct_v1,falandays_direct_v1__cue_gain,cell_007,"[{""input_gain"":8.0}]","[{""scope"":""interface"",""parameter"":""input_gain"",""value"":8.0}]",cell_007,19,1,144,144,true,mean,8.0,200,200,0,3908,56,38,nothing,nothing,1,15696681152727596010,3067316268179985911,"[2,128]",recall_accuracy,1.0,1.0,ceiling,available,,,true,recall_accuracy,1.0,Recall accuracy,fraction,higher
falandays_direct_v1,falandays_direct_v1__cue_gain,cell_007,"[{""input_gain"":8.0}]","[{""scope"":""interface"",""parameter"":""input_gain"",""value"":8.0}]",cell_007,20,1,144,48,true,mean,8.0,200,200,0,3952,60,40,nothing,nothing,1,3887908280811000983,4367688531973349399,"[1,32]",recall_accuracy,0.0,0.0,floor,available,,,true,recall_accuracy,0.0,Recall accuracy,fraction,higher
falandays_direct_v1,falandays_direct_v1__cue_gain,cell_007,"[{""input_gain"":8.0}]","[{""scope"":""interface"",""parameter"":""input_gain"",""value"":8.0}]",cell_007,21,1,144,48,true,mean,8.0,200,200,0,3899,66,35,nothing,nothing,1,6348457907726908322,14850400267946205414,"[2,32]",recall_accuracy,0.0,0.0,floor,available,,,true,recall_accuracy,0.0,Recall accuracy,fraction,higher
falandays_direct_v1,falandays_direct_v1__cue_gain,cell_007,"[{""input_gain"":8.0}]","[{""scope"":""interface"",""parameter"":""input_gain"",""value"":8.0}]",cell_007,22,1,144,144,true,mean,8.0,200,200,0,3970,52,43,nothing,nothing,1,12067343499115009084,1305036494483538562,"[2,128]",recall_accuracy,0.0,0.0,floor,available,,,true,recall_accuracy,0.0,Recall accuracy,fraction,higher
falandays_direct_v1,falandays_direct_v1__cue_gain,cell_007,"[{""input_gain"":8.0}]","[{""scope"":""interface"",""parameter"":""input_gain"",""value"":8.0}]",cell_007,23,1,144,48,true,mean,8.0,200,200,0,4003,44,36,nothing,nothing,1,1456088996810007893,9248486385473542497,"[2,32]",recall_accuracy,0.0,0.0,floor,available,,,true,recall_accuracy,0.0,Recall accuracy,fraction,higher
falandays_direct_v1,falandays_direct_v1__cue_gain,cell_007,"[{""input_gain"":8.0}]","[{""scope"":""interface"",""parameter"":""input_gain"",""value"":8.0}]",cell_007,24,1,144,48,true,mean,8.0,200,200,0,4019,62,42,nothing,nothing,1,12296449013820028580,2365857526890167594,"[1,32]",recall_accuracy,1.0,1.0,ceiling,available,,,true,recall_accuracy,1.0,Recall accuracy,fraction,higher
falandays_direct_v1,falandays_direct_v1__cue_gain,cell_007,"[{""input_gain"":8.0}]","[{""scope"":""interface"",""parameter"":""input_gain"",""value"":8.0}]",cell_007,25,1,144,144,true,mean,8.0,200,200,0,3969,55,41,nothing,nothing,1,13242257255797595924,13790341136909193717,"[2,128]",recall_accuracy,0.0,0.0,floor,available,,,true,recall_accuracy,0.0,Recall accuracy,fraction,higher
falandays_direct_v1,falandays_direct_v1__cue_gain,cell_007,"[{""input_gain"":8.0}]","[{""scope"":""interface"",""parameter"":""input_gain"",""value"":8.0}]",cell_007,26,1,144,24,true,mean,8.0,200,200,0,4041,67,38,nothing,nothing,1,15691522525334327019,9018541844550905015,"[2,8]",recall_accuracy,0.0,0.0,floor,available,,,true,recall_accuracy,0.0,Recall accuracy,fraction,higher
falandays_direct_v1,falandays_direct_v1__cue_gain,cell_007,"[{""input_gain"":8.0}]","[{""scope"":""interface"",""parameter"":""input_gain"",""value"":8.0}]",cell_007,27,1,144,144,true,mean,8.0,200,200,0,3959,65,47,nothing,nothing,1,2527375291412315002,16000658053978501663,"[1,128]",recall_accuracy,0.0,0.0,floor,available,,,true,recall_accuracy,0.0,Recall accuracy,fraction,higher
falandays_direct_v1,falandays_direct_v1__cue_gain,cell_007,"[{""input_gain"":8.0}]","[{""scope"":""interface"",""parameter"":""input_gain"",""value"":8.0}]",cell_007,28,1,144,48,true,mean,8.0,200,200,0,3999,67,41,nothing,nothing,1,13908397727894472465,7476633210553105177,"[1,32]",recall_accuracy,0.0,0.0,floor,available,,,true,recall_accuracy,0.0,Recall accuracy,fraction,higher
falandays_direct_v1,falandays_direct_v1__cue_gain,cell_007,"[{""input_gain"":8.0}]","[{""scope"":""interface"",""parameter"":""input_gain"",""value"":8.0}]",cell_007,29,1,144,48,true,mean,8.0,200,200,0,4027,62,35,nothing,nothing,1,7879620809424902802,5513416892640168739,"[1,32]",recall_accuracy,1.0,1.0,ceiling,available,,,true,recall_accuracy,1.0,Recall accuracy,fraction,higher
falandays_direct_v1,falandays_direct_v1__cue_gain,cell_007,"[{""input_gain"":8.0}]","[{""scope"":""interface"",""parameter"":""input_gain"",""value"":8.0}]",cell_007,30,1,144,144,true,mean,8.0,200,200,0,3976,62,49,nothing,nothing,1,5259748803054981645,2541231920251608604,"[2,128]",recall_accuracy,0.0,0.0,floor,available,,,true,recall_accuracy,0.0,Recall accuracy,fraction,higher
falandays_direct_v1,falandays_direct_v1__cue_gain,cell_007,"[{""input_gain"":8.0}]","[{""scope"":""interface"",""parameter"":""input_gain"",""value"":8.0}]",cell_007,31,1,144,144,true,mean,8.0,200,200,0,3989,75,40,nothing,nothing,1,18365469644567928756,4041610743621828700,"[1,128]",recall_accuracy,1.0,1.0,ceiling,available,,,true,recall_accuracy,1.0,Recall accuracy,fraction,higher
falandays_direct_v1,falandays_direct_v1__cue_gain,cell_007,"[{""input_gain"":8.0}]","[{""scope"":""interface"",""parameter"":""input_gain"",""value"":8.0}]",cell_007,32,1,144,144,true,mean,8.0,200,200,0,3935,54,43,nothing,nothing,1,8575614502913865459,16705439672251359517,"[2,128]",recall_accuracy,0.0,0.0,floor,available,,,true,recall_accuracy,0.0,Recall accuracy,fraction,higher
falandays_direct_v1,falandays_direct_v1__cue_gain,cell_007,"[{""input_gain"":8.0}]","[{""scope"":""interface"",""parameter"":""input_gain"",""value"":8.0}]",cell_007,33,1,144,24,true,mean,8.0,200,200,0,3897,61,42,nothing,nothing,1,14739059881887869130,5559042496469174930,"[1,8]",recall_accuracy,0.0,0.0,floor,available,,,true,recall_accuracy,0.0,Recall accuracy,fraction,higher
falandays_direct_v1,falandays_direct_v1__cue_gain,cell_007,"[{""input_gain"":8.0}]","[{""scope"":""interface"",""parameter"":""input_gain"",""value"":8.0}]",cell_007,34,1,144,24,true,mean,8.0,200,200,0,3944,46,38,nothing,nothing,1,1691347055536277651,11622768072155729540,"[1,8]",recall_accuracy,1.0,1.0,ceiling,available,,,true,recall_accuracy,1.0,Recall accuracy,fraction,higher
falandays_direct_v1,falandays_direct_v1__cue_gain,cell_007,"[{""input_gain"":8.0}]","[{""scope"":""interface"",""parameter"":""input_gain"",""value"":8.0}]",cell_007,35,1,144,144,true,mean,8.0,200,200,0,3994,65,41,nothing,nothing,1,12238681826103955801,4642113296036802231,"[1,128]",recall_accuracy,0.0,0.0,floor,available,,,true,recall_accuracy,0.0,Recall accuracy,fraction,higher
falandays_direct_v1,falandays_direct_v1__cue_gain,cell_007,"[{""input_gain"":8.0}]","[{""scope"":""interface"",""parameter"":""input_gain"",""value"":8.0}]",cell_007,36,1,144,48,true,mean,8.0,200,200,0,4109,65,32,nothing,nothing,1,13391442460675217735,4759790416418358215,"[2,32]",recall_accuracy,1.0,1.0,ceiling,available,,,true,recall_accuracy,1.0,Recall accuracy,fraction,higher
falandays_direct_v1,falandays_direct_v1__cue_gain,cell_007,"[{""input_gain"":8.0}]","[{""scope"":""interface"",""parameter"":""input_gain"",""value"":8.0}]",cell_007,37,1,144,48,true,mean,8.0,200,200,0,4044,63,41,nothing,nothing,1,16546253964087852877,12221295028980735749,"[1,32]",recall_accuracy,0.0,0.0,floor,available,,,true,recall_accuracy,0.0,Recall accuracy,fraction,higher
falandays_direct_v1,falandays_direct_v1__cue_gain,cell_007,"[{""input_gain"":8.0}]","[{""scope"":""interface"",""parameter"":""input_gain"",""value"":8.0}]",cell_007,38,1,144,48,true,mean,8.0,200,200,0,4018,58,41,nothing,nothing,1,16861330826438584791,4307155270124468204,"[2,32]",recall_accuracy,1.0,1.0,ceiling,available,,,true,recall_accuracy,1.0,Recall accuracy,fraction,higher
falandays_direct_v1,falandays_direct_v1__cue_gain,cell_007,"[{""input_gain"":8.0}]","[{""scope"":""interface"",""parameter"":""input_gain"",""value"":8.0}]",cell_007,39,1,144,48,true,mean,8.0,200,200,0,3984,59,43,nothing,nothing,1,5619571513751481896,13772695671122785095,"[2,32]",recall_accuracy,0.0,0.0,floor,available,,,true,recall_accuracy,0.0,Recall accuracy,fraction,higher
falandays_direct_v1,falandays_direct_v1__cue_gain,cell_007,"[{""input_gain"":8.0}]","[{""scope"":""interface"",""parameter"":""input_gain"",""value"":8.0}]",cell_007,40,1,144,48,true,mean,8.0,200,200,0,3973,58,48,nothing,nothing,1,4910676185985938041,1827413742199942425,"[2,32]",recall_accuracy,1.0,1.0,ceiling,available,,,true,recall_accuracy,1.0,Recall accuracy,fraction,higher
falandays_direct_v1,falandays_direct_v1__cue_gain,cell_007,"[{""input_gain"":8.0}]","[{""scope"":""interface"",""parameter"":""input_gain"",""value"":8.0}]",cell_007,41,1,144,144,true,mean,8.0,200,200,0,4029,53,49,nothing,nothing,1,6546389962142919961,1780461504424025134,"[2,128]",recall_accuracy,0.0,0.0,floor,available,,,true,recall_accuracy,0.0,Recall accuracy,fraction,higher
falandays_direct_v1,falandays_direct_v1__cue_gain,cell_007,"[{""input_gain"":8.0}]","[{""scope"":""interface"",""parameter"":""input_gain"",""value"":8.0}]",cell_007,42,1,144,24,true,mean,8.0,200,200,0,4035,53,41,nothing,nothing,1,11349448369167888049,8642874451656507712,"[1,8]",recall_accuracy,1.0,1.0,ceiling,available,,,true,recall_accuracy,1.0,Recall accuracy,fraction,higher
falandays_direct_v1,falandays_direct_v1__cue_gain,cell_007,"[{""input_gain"":8.0}]","[{""scope"":""interface"",""parameter"":""input_gain"",""value"":8.0}]",cell_007,43,1,144,144,true,mean,8.0,200,200,0,4014,56,48,nothing,nothing,1,13845801875421481039,7456934522800937254,"[2,128]",recall_accuracy,0.0,0.0,floor,available,,,true,recall_accuracy,0.0,Recall accuracy,fraction,higher
falandays_direct_v1,falandays_direct_v1__cue_gain,cell_007,"[{""input_gain"":8.0}]","[{""scope"":""interface"",""parameter"":""input_gain"",""value"":8.0}]",cell_007,44,1,144,48,true,mean,8.0,200,200,0,3882,76,41,nothing,nothing,1,17637343676182291106,257703088949437611,"[1,32]",recall_accuracy,1.0,1.0,ceiling,available,,,true,recall_accuracy,1.0,Recall accuracy,fraction,higher
falandays_direct_v1,falandays_direct_v1__cue_gain,cell_007,"[{""input_gain"":8.0}]","[{""scope"":""interface"",""parameter"":""input_gain"",""value"":8.0}]",cell_007,45,1,144,144,true,mean,8.0,200,200,0,4103,60,37,nothing,nothing,1,10695794649270763135,12347181926683009745,"[2,128]",recall_accuracy,0.0,0.0,floor,available,,,true,recall_accuracy,0.0,Recall accuracy,fraction,higher
falandays_direct_v1,falandays_direct_v1__cue_gain,cell_007,"[{""input_gain"":8.0}]","[{""scope"":""interface"",""parameter"":""input_gain"",""value"":8.0}]",cell_007,46,1,144,24,true,mean,8.0,200,200,0,3909,67,40,nothing,nothing,1,11945222342811947661,14451551029179234932,"[2,8]",recall_accuracy,1.0,1.0,ceiling,available,,,true,recall_accuracy,1.0,Recall accuracy,fraction,higher
falandays_direct_v1,falandays_direct_v1__cue_gain,cell_007,"[{""input_gain"":8.0}]","[{""scope"":""interface"",""parameter"":""input_gain"",""value"":8.0}]",cell_007,47,1,144,24,true,mean,8.0,200,200,0,4068,60,39,nothing,nothing,1,11886869482354147328,12823158141346789681,"[1,8]",recall_accuracy,0.0,0.0,floor,available,,,true,recall_accuracy,0.0,Recall accuracy,fraction,higher
falandays_direct_v1,falandays_direct_v1__cue_gain,cell_007,"[{""input_gain"":8.0}]","[{""scope"":""interface"",""parameter"":""input_gain"",""value"":8.0}]",cell_007,48,1,144,24,true,mean,8.0,200,200,0,4026,60,51,nothing,nothing,1,2234593526373743716,18048444690023247949,"[1,8]",recall_accuracy,0.0,0.0,floor,available,,,true,recall_accuracy,0.0,Recall accuracy,fraction,higher
falandays_direct_v1,falandays_direct_v1__cue_gain,cell_007,"[{""input_gain"":8.0}]","[{""scope"":""interface"",""parameter"":""input_gain"",""value"":8.0}]",cell_007,49,1,144,144,true,mean,8.0,200,200,0,3956,58,42,nothing,nothing,1,13403011621904115811,1248657061175819954,"[1,128]",recall_accuracy,0.0,0.0,floor,available,,,true,recall_accuracy,0.0,Recall accuracy,fraction,higher
falandays_direct_v1,falandays_direct_v1__cue_gain,cell_007,"[{""input_gain"":8.0}]","[{""scope"":""interface"",""parameter"":""input_gain"",""value"":8.0}]",cell_007,50,1,144,48,true,mean,8.0,200,200,0,4088,75,34,nothing,nothing,1,17210097905261720925,8342279397843918002,"[1,32]",recall_accuracy,0.0,0.0,floor,available,,,true,recall_accuracy,0.0,Recall accuracy,fraction,higher
falandays_direct_v1,falandays_direct_v1__cue_gain,cell_007,"[{""input_gain"":8.0}]","[{""scope"":""interface"",""parameter"":""input_gain"",""value"":8.0}]",cell_007,51,1,144,24,true,mean,8.0,200,200,0,3958,65,48,nothing,nothing,1,454914120579874133,16475816545815083334,"[2,8]",recall_accuracy,0.0,0.0,floor,available,,,true,recall_accuracy,0.0,Recall accuracy,fraction,higher
falandays_direct_v1,falandays_direct_v1__cue_gain,cell_007,"[{""input_gain"":8.0}]","[{""scope"":""interface"",""parameter"":""input_gain"",""value"":8.0}]",cell_007,52,1,144,144,true,mean,8.0,200,200,0,3972,47,28,nothing,nothing,1,1438281246603355359,12395589511584612683,"[2,128]",recall_accuracy,1.0,1.0,ceiling,available,,,true,recall_accuracy,1.0,Recall accuracy,fraction,higher
falandays_direct_v1,falandays_direct_v1__cue_gain,cell_007,"[{""input_gain"":8.0}]","[{""scope"":""interface"",""parameter"":""input_gain"",""value"":8.0}]",cell_007,53,1,144,24,true,mean,8.0,200,200,0,4010,60,37,nothing,nothing,1,6241271471225088958,8890533234528554735,"[2,8]",recall_accuracy,0.0,0.0,floor,available,,,true,recall_accuracy,0.0,Recall accuracy,fraction,higher
falandays_direct_v1,falandays_direct_v1__cue_gain,cell_007,"[{""input_gain"":8.0}]","[{""scope"":""interface"",""parameter"":""input_gain"",""value"":8.0}]",cell_007,54,1,144,144,true,mean,8.0,200,200,0,3921,65,41,nothing,nothing,1,14335423250921699584,15373284929577107875,"[2,128]",recall_accuracy,1.0,1.0,ceiling,available,,,true,recall_accuracy,1.0,Recall accuracy,fraction,higher
falandays_direct_v1,falandays_direct_v1__cue_gain,cell_007,"[{""input_gain"":8.0}]","[{""scope"":""interface"",""parameter"":""input_gain"",""value"":8.0}]",cell_007,55,1,144,48,true,mean,8.0,200,200,0,3949,61,43,nothing,nothing,1,6757410026560355548,11815403074947356053,"[1,32]",recall_accuracy,0.0,0.0,floor,available,,,true,recall_accuracy,0.0,Recall accuracy,fraction,higher
falandays_direct_v1,falandays_direct_v1__cue_gain,cell_007,"[{""input_gain"":8.0}]","[{""scope"":""interface"",""parameter"":""input_gain"",""value"":8.0}]",cell_007,56,1,144,144,true,mean,8.0,200,200,0,3986,69,43,nothing,nothing,1,15532406203839688342,13162847327565096646,"[1,128]",recall_accuracy,0.0,0.0,floor,available,,,true,recall_accuracy,0.0,Recall accuracy,fraction,higher
falandays_direct_v1,falandays_direct_v1__cue_gain,cell_007,"[{""input_gain"":8.0}]","[{""scope"":""interface"",""parameter"":""input_gain"",""value"":8.0}]",cell_007,57,1,144,48,true,mean,8.0,200,200,0,4098,69,44,nothing,nothing,1,4681648634298740672,7511054878922844313,"[1,32]",recall_accuracy,0.0,0.0,floor,available,,,true,recall_accuracy,0.0,Recall accuracy,fraction,higher
falandays_direct_v1,falandays_direct_v1__cue_gain,cell_007,"[{""input_gain"":8.0}]","[{""scope"":""interface"",""parameter"":""input_gain"",""value"":8.0}]",cell_007,58,1,144,144,true,mean,8.0,200,200,0,3981,57,49,nothing,nothing,1,1580537468734461251,8570678930441301800,"[1,128]",recall_accuracy,0.0,0.0,floor,available,,,true,recall_accuracy,0.0,Recall accuracy,fraction,higher
falandays_direct_v1,falandays_direct_v1__cue_gain,cell_007,"[{""input_gain"":8.0}]","[{""scope"":""interface"",""parameter"":""input_gain"",""value"":8.0}]",cell_007,59,1,144,48,true,mean,8.0,200,200,0,3982,65,36,nothing,nothing,1,2591394955471149440,5426089333597508761,"[2,32]",recall_accuracy,0.0,0.0,floor,available,,,true,recall_accuracy,0.0,Recall accuracy,fraction,higher
falandays_direct_v1,falandays_direct_v1__cue_gain,cell_007,"[{""input_gain"":8.0}]","[{""scope"":""interface"",""parameter"":""input_gain"",""value"":8.0}]",cell_007,60,1,144,48,true,mean,8.0,200,200,0,3878,58,37,nothing,nothing,1,8085342557278006757,5214327403748666619,"[2,32]",recall_accuracy,1.0,1.0,ceiling,available,,,true,recall_accuracy,1.0,Recall accuracy,fraction,higher
falandays_direct_v1,falandays_direct_v1__cue_gain,cell_007,"[{""input_gain"":8.0}]","[{""scope"":""interface"",""parameter"":""input_gain"",""value"":8.0}]",cell_007,61,1,144,48,true,mean,8.0,200,200,0,3986,62,30,nothing,nothing,1,4172587101430188940,8002679564930726200,"[2,32]",recall_accuracy,0.0,0.0,floor,available,,,true,recall_accuracy,0.0,Recall accuracy,fraction,higher
falandays_direct_v1,falandays_direct_v1__cue_gain,cell_007,"[{""input_gain"":8.0}]","[{""scope"":""interface"",""parameter"":""input_gain"",""value"":8.0}]",cell_007,62,1,144,48,true,mean,8.0,200,200,0,4020,60,40,nothing,nothing,1,14794377271049026763,17228052206586944633,"[1,32]",recall_accuracy,1.0,1.0,ceiling,available,,,true,recall_accuracy,1.0,Recall accuracy,fraction,higher
falandays_direct_v1,falandays_direct_v1__cue_gain,cell_007,"[{""input_gain"":8.0}]","[{""scope"":""interface"",""parameter"":""input_gain"",""value"":8.0}]",cell_007,63,1,144,48,true,mean,8.0,200,200,0,4006,68,43,nothing,nothing,1,678527023195682622,2441450863927944530,"[1,32]",recall_accuracy,0.0,0.0,floor,available,,,true,recall_accuracy,0.0,Recall accuracy,fraction,higher
falandays_direct_v1,falandays_direct_v1__cue_gain,cell_007,"[{""input_gain"":8.0}]","[{""scope"":""interface"",""parameter"":""input_gain"",""value"":8.0}]",cell_007,64,1,144,24,true,mean,8.0,200,200,0,3985,56,31,nothing,nothing,1,15062871301358266762,10959836952691641193,"[2,8]",recall_accuracy,1.0,1.0,ceiling,available,,,true,recall_accuracy,1.0,Recall accuracy,fraction,higher
falandays_direct_v1,falandays_direct_v1__cue_gain,cell_008,"[{""input_gain"":16.0}]","[{""scope"":""interface"",""parameter"":""input_gain"",""value"":16.0}]",cell_008,1,1,144,24,true,mean,16.0,200,200,0,4116,68,41,nothing,nothing,1,12594128219311072171,8092595526124825526,"[1,8]",recall_accuracy,0.0,0.0,floor,available,,,true,recall_accuracy,0.0,Recall accuracy,fraction,higher
falandays_direct_v1,falandays_direct_v1__cue_gain,cell_008,"[{""input_gain"":16.0}]","[{""scope"":""interface"",""parameter"":""input_gain"",""value"":16.0}]",cell_008,2,1,144,24,true,mean,16.0,200,200,0,4050,64,35,nothing,nothing,1,3112638069852970545,6701411026981952686,"[1,8]",recall_accuracy,0.0,0.0,floor,available,,,true,recall_accuracy,0.0,Recall accuracy,fraction,higher
falandays_direct_v1,falandays_direct_v1__cue_gain,cell_008,"[{""input_gain"":16.0}]","[{""scope"":""interface"",""parameter"":""input_gain"",""value"":16.0}]",cell_008,3,1,144,48,true,mean,16.0,200,200,0,3921,59,46,nothing,nothing,1,3252372254226619730,9335131981025201213,"[1,32]",recall_accuracy,0.0,0.0,floor,available,,,true,recall_accuracy,0.0,Recall accuracy,fraction,higher
falandays_direct_v1,falandays_direct_v1__cue_gain,cell_008,"[{""input_gain"":16.0}]","[{""scope"":""interface"",""parameter"":""input_gain"",""value"":16.0}]",cell_008,4,1,144,24,true,mean,16.0,200,200,0,4003,71,43,nothing,nothing,1,5194087443396628577,9699077174267993794,"[1,8]",recall_accuracy,1.0,1.0,ceiling,available,,,true,recall_accuracy,1.0,Recall accuracy,fraction,higher
falandays_direct_v1,falandays_direct_v1__cue_gain,cell_008,"[{""input_gain"":16.0}]","[{""scope"":""interface"",""parameter"":""input_gain"",""value"":16.0}]",cell_008,5,1,144,24,true,mean,16.0,200,200,0,4019,57,53,nothing,nothing,1,4334358284774126499,15316878938203924676,"[1,8]",recall_accuracy,0.0,0.0,floor,available,,,true,recall_accuracy,0.0,Recall accuracy,fraction,higher
falandays_direct_v1,falandays_direct_v1__cue_gain,cell_008,"[{""input_gain"":16.0}]","[{""scope"":""interface"",""parameter"":""input_gain"",""value"":16.0}]",cell_008,6,1,144,144,true,mean,16.0,200,200,0,4033,70,43,nothing,nothing,1,13951672084048746250,17465024622011189119,"[1,128]",recall_accuracy,0.0,0.0,floor,available,,,true,recall_accuracy,0.0,Recall accuracy,fraction,higher
falandays_direct_v1,falandays_direct_v1__cue_gain,cell_008,"[{""input_gain"":16.0}]","[{""scope"":""interface"",""parameter"":""input_gain"",""value"":16.0}]",cell_008,7,1,144,144,true,mean,16.0,200,200,0,3987,52,44,nothing,nothing,1,16761261485954868533,16015605207609979784,"[2,128]",recall_accuracy,1.0,1.0,ceiling,available,,,true,recall_accuracy,1.0,Recall accuracy,fraction,higher
falandays_direct_v1,falandays_direct_v1__cue_gain,cell_008,"[{""input_gain"":16.0}]","[{""scope"":""interface"",""parameter"":""input_gain"",""value"":16.0}]",cell_008,8,1,144,48,true,mean,16.0,200,200,0,3889,60,45,nothing,nothing,1,2137829287241869961,439802552602527111,"[1,32]",recall_accuracy,0.0,0.0,floor,available,,,true,recall_accuracy,0.0,Recall accuracy,fraction,higher
falandays_direct_v1,falandays_direct_v1__cue_gain,cell_008,"[{""input_gain"":16.0}]","[{""scope"":""interface"",""parameter"":""input_gain"",""value"":16.0}]",cell_008,9,1,144,48,true,mean,16.0,200,200,0,4013,50,37,nothing,nothing,1,8709559762848532333,16815393164913437588,"[1,32]",recall_accuracy,1.0,1.0,ceiling,available,,,true,recall_accuracy,1.0,Recall accuracy,fraction,higher
falandays_direct_v1,falandays_direct_v1__cue_gain,cell_008,"[{""input_gain"":16.0}]","[{""scope"":""interface"",""parameter"":""input_gain"",""value"":16.0}]",cell_008,10,1,144,144,true,mean,16.0,200,200,0,3927,60,45,nothing,nothing,1,8097260807977524711,4643994514494534576,"[1,128]",recall_accuracy,0.0,0.0,floor,available,,,true,recall_accuracy,0.0,Recall accuracy,fraction,higher
falandays_direct_v1,falandays_direct_v1__cue_gain,cell_008,"[{""input_gain"":16.0}]","[{""scope"":""interface"",""parameter"":""input_gain"",""value"":16.0}]",cell_008,11,1,144,48,true,mean,16.0,200,200,0,3985,63,38,nothing,nothing,1,6354404988444614712,1264918944922948723,"[2,32]",recall_accuracy,0.0,0.0,floor,available,,,true,recall_accuracy,0.0,Recall accuracy,fraction,higher
falandays_direct_v1,falandays_direct_v1__cue_gain,cell_008,"[{""input_gain"":16.0}]","[{""scope"":""interface"",""parameter"":""input_gain"",""value"":16.0}]",cell_008,12,1,144,144,true,mean,16.0,200,200,0,3979,71,50,nothing,nothing,1,7992910848564633563,3411290568062191086,"[1,128]",recall_accuracy,0.0,0.0,floor,available,,,true,recall_accuracy,0.0,Recall accuracy,fraction,higher
falandays_direct_v1,falandays_direct_v1__cue_gain,cell_008,"[{""input_gain"":16.0}]","[{""scope"":""interface"",""parameter"":""input_gain"",""value"":16.0}]",cell_008,13,1,144,24,true,mean,16.0,200,200,0,4003,61,45,nothing,nothing,1,15132623001949554602,3160238541710195767,"[2,8]",recall_accuracy,0.0,0.0,floor,available,,,true,recall_accuracy,0.0,Recall accuracy,fraction,higher
falandays_direct_v1,falandays_direct_v1__cue_gain,cell_008,"[{""input_gain"":16.0}]","[{""scope"":""interface"",""parameter"":""input_gain"",""value"":16.0}]",cell_008,14,1,144,24,true,mean,16.0,200,200,0,3979,53,38,nothing,nothing,1,690069523023100410,2475738350341787459,"[2,8]",recall_accuracy,0.0,0.0,floor,available,,,true,recall_accuracy,0.0,Recall accuracy,fraction,higher
falandays_direct_v1,falandays_direct_v1__cue_gain,cell_008,"[{""input_gain"":16.0}]","[{""scope"":""interface"",""parameter"":""input_gain"",""value"":16.0}]",cell_008,15,1,144,24,true,mean,16.0,200,200,0,3935,65,31,nothing,nothing,1,12250122898661847943,9173535536611603934,"[1,8]",recall_accuracy,1.0,1.0,ceiling,available,,,true,recall_accuracy,1.0,Recall accuracy,fraction,higher
falandays_direct_v1,falandays_direct_v1__cue_gain,cell_008,"[{""input_gain"":16.0}]","[{""scope"":""interface"",""parameter"":""input_gain"",""value"":16.0}]",cell_008,16,1,144,144,true,mean,16.0,200,200,0,4055,57,34,nothing,nothing,1,5728837636757173799,17882706362734959438,"[1,128]",recall_accuracy,0.0,0.0,floor,available,,,true,recall_accuracy,0.0,Recall accuracy,fraction,higher
falandays_direct_v1,falandays_direct_v1__cue_gain,cell_008,"[{""input_gain"":16.0}]","[{""scope"":""interface"",""parameter"":""input_gain"",""value"":16.0}]",cell_008,17,1,144,48,true,mean,16.0,200,200,0,3990,60,39,nothing,nothing,1,1688327312157973031,10221160784258913491,"[2,32]",recall_accuracy,1.0,1.0,ceiling,available,,,true,recall_accuracy,1.0,Recall accuracy,fraction,higher
falandays_direct_v1,falandays_direct_v1__cue_gain,cell_008,"[{""input_gain"":16.0}]","[{""scope"":""interface"",""parameter"":""input_gain"",""value"":16.0}]",cell_008,18,1,144,48,true,mean,16.0,200,200,0,3949,62,38,nothing,nothing,1,749010461240991141,12131565372770077396,"[1,32]",recall_accuracy,1.0,1.0,ceiling,available,,,true,recall_accuracy,1.0,Recall accuracy,fraction,higher
falandays_direct_v1,falandays_direct_v1__cue_gain,cell_008,"[{""input_gain"":16.0}]","[{""scope"":""interface"",""parameter"":""input_gain"",""value"":16.0}]",cell_008,19,1,144,144,true,mean,16.0,200,200,0,3908,56,38,nothing,nothing,1,15696681152727596010,3067316268179985911,"[2,128]",recall_accuracy,1.0,1.0,ceiling,available,,,true,recall_accuracy,1.0,Recall accuracy,fraction,higher
falandays_direct_v1,falandays_direct_v1__cue_gain,cell_008,"[{""input_gain"":16.0}]","[{""scope"":""interface"",""parameter"":""input_gain"",""value"":16.0}]",cell_008,20,1,144,48,true,mean,16.0,200,200,0,3952,60,40,nothing,nothing,1,3887908280811000983,4367688531973349399,"[1,32]",recall_accuracy,0.0,0.0,floor,available,,,true,recall_accuracy,0.0,Recall accuracy,fraction,higher
falandays_direct_v1,falandays_direct_v1__cue_gain,cell_008,"[{""input_gain"":16.0}]","[{""scope"":""interface"",""parameter"":""input_gain"",""value"":16.0}]",cell_008,21,1,144,48,true,mean,16.0,200,200,0,3899,66,35,nothing,nothing,1,6348457907726908322,14850400267946205414,"[2,32]",recall_accuracy,0.0,0.0,floor,available,,,true,recall_accuracy,0.0,Recall accuracy,fraction,higher
falandays_direct_v1,falandays_direct_v1__cue_gain,cell_008,"[{""input_gain"":16.0}]","[{""scope"":""interface"",""parameter"":""input_gain"",""value"":16.0}]",cell_008,22,1,144,144,true,mean,16.0,200,200,0,3970,52,43,nothing,nothing,1,12067343499115009084,1305036494483538562,"[2,128]",recall_accuracy,1.0,1.0,ceiling,available,,,true,recall_accuracy,1.0,Recall accuracy,fraction,higher
falandays_direct_v1,falandays_direct_v1__cue_gain,cell_008,"[{""input_gain"":16.0}]","[{""scope"":""interface"",""parameter"":""input_gain"",""value"":16.0}]",cell_008,23,1,144,48,true,mean,16.0,200,200,0,4003,44,36,nothing,nothing,1,1456088996810007893,9248486385473542497,"[2,32]",recall_accuracy,0.0,0.0,floor,available,,,true,recall_accuracy,0.0,Recall accuracy,fraction,higher
falandays_direct_v1,falandays_direct_v1__cue_gain,cell_008,"[{""input_gain"":16.0}]","[{""scope"":""interface"",""parameter"":""input_gain"",""value"":16.0}]",cell_008,24,1,144,48,true,mean,16.0,200,200,0,4019,62,42,nothing,nothing,1,12296449013820028580,2365857526890167594,"[1,32]",recall_accuracy,0.0,0.0,floor,available,,,true,recall_accuracy,0.0,Recall accuracy,fraction,higher
falandays_direct_v1,falandays_direct_v1__cue_gain,cell_008,"[{""input_gain"":16.0}]","[{""scope"":""interface"",""parameter"":""input_gain"",""value"":16.0}]",cell_008,25,1,144,144,true,mean,16.0,200,200,0,3969,55,41,nothing,nothing,1,13242257255797595924,13790341136909193717,"[2,128]",recall_accuracy,1.0,1.0,ceiling,available,,,true,recall_accuracy,1.0,Recall accuracy,fraction,higher
falandays_direct_v1,falandays_direct_v1__cue_gain,cell_008,"[{""input_gain"":16.0}]","[{""scope"":""interface"",""parameter"":""input_gain"",""value"":16.0}]",cell_008,26,1,144,24,true,mean,16.0,200,200,0,4041,67,38,nothing,nothing,1,15691522525334327019,9018541844550905015,"[2,8]",recall_accuracy,0.0,0.0,floor,available,,,true,recall_accuracy,0.0,Recall accuracy,fraction,higher
falandays_direct_v1,falandays_direct_v1__cue_gain,cell_008,"[{""input_gain"":16.0}]","[{""scope"":""interface"",""parameter"":""input_gain"",""value"":16.0}]",cell_008,27,1,144,144,true,mean,16.0,200,200,0,3959,65,47,nothing,nothing,1,2527375291412315002,16000658053978501663,"[1,128]",recall_accuracy,1.0,1.0,ceiling,available,,,true,recall_accuracy,1.0,Recall accuracy,fraction,higher
falandays_direct_v1,falandays_direct_v1__cue_gain,cell_008,"[{""input_gain"":16.0}]","[{""scope"":""interface"",""parameter"":""input_gain"",""value"":16.0}]",cell_008,28,1,144,48,true,mean,16.0,200,200,0,3999,67,41,nothing,nothing,1,13908397727894472465,7476633210553105177,"[1,32]",recall_accuracy,1.0,1.0,ceiling,available,,,true,recall_accuracy,1.0,Recall accuracy,fraction,higher
falandays_direct_v1,falandays_direct_v1__cue_gain,cell_008,"[{""input_gain"":16.0}]","[{""scope"":""interface"",""parameter"":""input_gain"",""value"":16.0}]",cell_008,29,1,144,48,true,mean,16.0,200,200,0,4027,62,35,nothing,nothing,1,7879620809424902802,5513416892640168739,"[1,32]",recall_accuracy,1.0,1.0,ceiling,available,,,true,recall_accuracy,1.0,Recall accuracy,fraction,higher
falandays_direct_v1,falandays_direct_v1__cue_gain,cell_008,"[{""input_gain"":16.0}]","[{""scope"":""interface"",""parameter"":""input_gain"",""value"":16.0}]",cell_008,30,1,144,144,true,mean,16.0,200,200,0,3976,62,49,nothing,nothing,1,5259748803054981645,2541231920251608604,"[2,128]",recall_accuracy,0.0,0.0,floor,available,,,true,recall_accuracy,0.0,Recall accuracy,fraction,higher
falandays_direct_v1,falandays_direct_v1__cue_gain,cell_008,"[{""input_gain"":16.0}]","[{""scope"":""interface"",""parameter"":""input_gain"",""value"":16.0}]",cell_008,31,1,144,144,true,mean,16.0,200,200,0,3989,75,40,nothing,nothing,1,18365469644567928756,4041610743621828700,"[1,128]",recall_accuracy,1.0,1.0,ceiling,available,,,true,recall_accuracy,1.0,Recall accuracy,fraction,higher
falandays_direct_v1,falandays_direct_v1__cue_gain,cell_008,"[{""input_gain"":16.0}]","[{""scope"":""interface"",""parameter"":""input_gain"",""value"":16.0}]",cell_008,32,1,144,144,true,mean,16.0,200,200,0,3935,54,43,nothing,nothing,1,8575614502913865459,16705439672251359517,"[2,128]",recall_accuracy,0.0,0.0,floor,available,,,true,recall_accuracy,0.0,Recall accuracy,fraction,higher
falandays_direct_v1,falandays_direct_v1__cue_gain,cell_008,"[{""input_gain"":16.0}]","[{""scope"":""interface"",""parameter"":""input_gain"",""value"":16.0}]",cell_008,33,1,144,24,true,mean,16.0,200,200,0,3897,61,42,nothing,nothing,1,14739059881887869130,5559042496469174930,"[1,8]",recall_accuracy,0.0,0.0,floor,available,,,true,recall_accuracy,0.0,Recall accuracy,fraction,higher
falandays_direct_v1,falandays_direct_v1__cue_gain,cell_008,"[{""input_gain"":16.0}]","[{""scope"":""interface"",""parameter"":""input_gain"",""value"":16.0}]",cell_008,34,1,144,24,true,mean,16.0,200,200,0,3944,46,38,nothing,nothing,1,1691347055536277651,11622768072155729540,"[1,8]",recall_accuracy,1.0,1.0,ceiling,available,,,true,recall_accuracy,1.0,Recall accuracy,fraction,higher
falandays_direct_v1,falandays_direct_v1__cue_gain,cell_008,"[{""input_gain"":16.0}]","[{""scope"":""interface"",""parameter"":""input_gain"",""value"":16.0}]",cell_008,35,1,144,144,true,mean,16.0,200,200,0,3994,65,41,nothing,nothing,1,12238681826103955801,4642113296036802231,"[1,128]",recall_accuracy,0.0,0.0,floor,available,,,true,recall_accuracy,0.0,Recall accuracy,fraction,higher
falandays_direct_v1,falandays_direct_v1__cue_gain,cell_008,"[{""input_gain"":16.0}]","[{""scope"":""interface"",""parameter"":""input_gain"",""value"":16.0}]",cell_008,36,1,144,48,true,mean,16.0,200,200,0,4109,65,32,nothing,nothing,1,13391442460675217735,4759790416418358215,"[2,32]",recall_accuracy,1.0,1.0,ceiling,available,,,true,recall_accuracy,1.0,Recall accuracy,fraction,higher
falandays_direct_v1,falandays_direct_v1__cue_gain,cell_008,"[{""input_gain"":16.0}]","[{""scope"":""interface"",""parameter"":""input_gain"",""value"":16.0}]",cell_008,37,1,144,48,true,mean,16.0,200,200,0,4044,63,41,nothing,nothing,1,16546253964087852877,12221295028980735749,"[1,32]",recall_accuracy,0.0,0.0,floor,available,,,true,recall_accuracy,0.0,Recall accuracy,fraction,higher
falandays_direct_v1,falandays_direct_v1__cue_gain,cell_008,"[{""input_gain"":16.0}]","[{""scope"":""interface"",""parameter"":""input_gain"",""value"":16.0}]",cell_008,38,1,144,48,true,mean,16.0,200,200,0,4018,58,41,nothing,nothing,1,16861330826438584791,4307155270124468204,"[2,32]",recall_accuracy,0.0,0.0,floor,available,,,true,recall_accuracy,0.0,Recall accuracy,fraction,higher
falandays_direct_v1,falandays_direct_v1__cue_gain,cell_008,"[{""input_gain"":16.0}]","[{""scope"":""interface"",""parameter"":""input_gain"",""value"":16.0}]",cell_008,39,1,144,48,true,mean,16.0,200,200,0,3984,59,43,nothing,nothing,1,5619571513751481896,13772695671122785095,"[2,32]",recall_accuracy,0.0,0.0,floor,available,,,true,recall_accuracy,0.0,Recall accuracy,fraction,higher
falandays_direct_v1,falandays_direct_v1__cue_gain,cell_008,"[{""input_gain"":16.0}]","[{""scope"":""interface"",""parameter"":""input_gain"",""value"":16.0}]",cell_008,40,1,144,48,true,mean,16.0,200,200,0,3973,58,48,nothing,nothing,1,4910676185985938041,1827413742199942425,"[2,32]",recall_accuracy,1.0,1.0,ceiling,available,,,true,recall_accuracy,1.0,Recall accuracy,fraction,higher
falandays_direct_v1,falandays_direct_v1__cue_gain,cell_008,"[{""input_gain"":16.0}]","[{""scope"":""interface"",""parameter"":""input_gain"",""value"":16.0}]",cell_008,41,1,144,144,true,mean,16.0,200,200,0,4029,53,49,nothing,nothing,1,6546389962142919961,1780461504424025134,"[2,128]",recall_accuracy,0.0,0.0,floor,available,,,true,recall_accuracy,0.0,Recall accuracy,fraction,higher
falandays_direct_v1,falandays_direct_v1__cue_gain,cell_008,"[{""input_gain"":16.0}]","[{""scope"":""interface"",""parameter"":""input_gain"",""value"":16.0}]",cell_008,42,1,144,24,true,mean,16.0,200,200,0,4035,53,41,nothing,nothing,1,11349448369167888049,8642874451656507712,"[1,8]",recall_accuracy,1.0,1.0,ceiling,available,,,true,recall_accuracy,1.0,Recall accuracy,fraction,higher
falandays_direct_v1,falandays_direct_v1__cue_gain,cell_008,"[{""input_gain"":16.0}]","[{""scope"":""interface"",""parameter"":""input_gain"",""value"":16.0}]",cell_008,43,1,144,144,true,mean,16.0,200,200,0,4014,56,48,nothing,nothing,1,13845801875421481039,7456934522800937254,"[2,128]",recall_accuracy,1.0,1.0,ceiling,available,,,true,recall_accuracy,1.0,Recall accuracy,fraction,higher
falandays_direct_v1,falandays_direct_v1__cue_gain,cell_008,"[{""input_gain"":16.0}]","[{""scope"":""interface"",""parameter"":""input_gain"",""value"":16.0}]",cell_008,44,1,144,48,true,mean,16.0,200,200,0,3882,76,41,nothing,nothing,1,17637343676182291106,257703088949437611,"[1,32]",recall_accuracy,0.0,0.0,floor,available,,,true,recall_accuracy,0.0,Recall accuracy,fraction,higher
falandays_direct_v1,falandays_direct_v1__cue_gain,cell_008,"[{""input_gain"":16.0}]","[{""scope"":""interface"",""parameter"":""input_gain"",""value"":16.0}]",cell_008,45,1,144,144,true,mean,16.0,200,200,0,4103,60,37,nothing,nothing,1,10695794649270763135,12347181926683009745,"[2,128]",recall_accuracy,0.0,0.0,floor,available,,,true,recall_accuracy,0.0,Recall accuracy,fraction,higher
falandays_direct_v1,falandays_direct_v1__cue_gain,cell_008,"[{""input_gain"":16.0}]","[{""scope"":""interface"",""parameter"":""input_gain"",""value"":16.0}]",cell_008,46,1,144,24,true,mean,16.0,200,200,0,3909,67,40,nothing,nothing,1,11945222342811947661,14451551029179234932,"[2,8]",recall_accuracy,1.0,1.0,ceiling,available,,,true,recall_accuracy,1.0,Recall accuracy,fraction,higher
falandays_direct_v1,falandays_direct_v1__cue_gain,cell_008,"[{""input_gain"":16.0}]","[{""scope"":""interface"",""parameter"":""input_gain"",""value"":16.0}]",cell_008,47,1,144,24,true,mean,16.0,200,200,0,4068,60,39,nothing,nothing,1,11886869482354147328,12823158141346789681,"[1,8]",recall_accuracy,0.0,0.0,floor,available,,,true,recall_accuracy,0.0,Recall accuracy,fraction,higher
falandays_direct_v1,falandays_direct_v1__cue_gain,cell_008,"[{""input_gain"":16.0}]","[{""scope"":""interface"",""parameter"":""input_gain"",""value"":16.0}]",cell_008,48,1,144,24,true,mean,16.0,200,200,0,4026,60,51,nothing,nothing,1,2234593526373743716,18048444690023247949,"[1,8]",recall_accuracy,1.0,1.0,ceiling,available,,,true,recall_accuracy,1.0,Recall accuracy,fraction,higher
falandays_direct_v1,falandays_direct_v1__cue_gain,cell_008,"[{""input_gain"":16.0}]","[{""scope"":""interface"",""parameter"":""input_gain"",""value"":16.0}]",cell_008,49,1,144,144,true,mean,16.0,200,200,0,3956,58,42,nothing,nothing,1,13403011621904115811,1248657061175819954,"[1,128]",recall_accuracy,1.0,1.0,ceiling,available,,,true,recall_accuracy,1.0,Recall accuracy,fraction,higher
falandays_direct_v1,falandays_direct_v1__cue_gain,cell_008,"[{""input_gain"":16.0}]","[{""scope"":""interface"",""parameter"":""input_gain"",""value"":16.0}]",cell_008,50,1,144,48,true,mean,16.0,200,200,0,4088,75,34,nothing,nothing,1,17210097905261720925,8342279397843918002,"[1,32]",recall_accuracy,0.0,0.0,floor,available,,,true,recall_accuracy,0.0,Recall accuracy,fraction,higher
falandays_direct_v1,falandays_direct_v1__cue_gain,cell_008,"[{""input_gain"":16.0}]","[{""scope"":""interface"",""parameter"":""input_gain"",""value"":16.0}]",cell_008,51,1,144,24,true,mean,16.0,200,200,0,3958,65,48,nothing,nothing,1,454914120579874133,16475816545815083334,"[2,8]",recall_accuracy,0.0,0.0,floor,available,,,true,recall_accuracy,0.0,Recall accuracy,fraction,higher
falandays_direct_v1,falandays_direct_v1__cue_gain,cell_008,"[{""input_gain"":16.0}]","[{""scope"":""interface"",""parameter"":""input_gain"",""value"":16.0}]",cell_008,52,1,144,144,true,mean,16.0,200,200,0,3972,47,28,nothing,nothing,1,1438281246603355359,12395589511584612683,"[2,128]",recall_accuracy,1.0,1.0,ceiling,available,,,true,recall_accuracy,1.0,Recall accuracy,fraction,higher
falandays_direct_v1,falandays_direct_v1__cue_gain,cell_008,"[{""input_gain"":16.0}]","[{""scope"":""interface"",""parameter"":""input_gain"",""value"":16.0}]",cell_008,53,1,144,24,true,mean,16.0,200,200,0,4010,60,37,nothing,nothing,1,6241271471225088958,8890533234528554735,"[2,8]",recall_accuracy,1.0,1.0,ceiling,available,,,true,recall_accuracy,1.0,Recall accuracy,fraction,higher
falandays_direct_v1,falandays_direct_v1__cue_gain,cell_008,"[{""input_gain"":16.0}]","[{""scope"":""interface"",""parameter"":""input_gain"",""value"":16.0}]",cell_008,54,1,144,144,true,mean,16.0,200,200,0,3921,65,41,nothing,nothing,1,14335423250921699584,15373284929577107875,"[2,128]",recall_accuracy,0.0,0.0,floor,available,,,true,recall_accuracy,0.0,Recall accuracy,fraction,higher
falandays_direct_v1,falandays_direct_v1__cue_gain,cell_008,"[{""input_gain"":16.0}]","[{""scope"":""interface"",""parameter"":""input_gain"",""value"":16.0}]",cell_008,55,1,144,48,true,mean,16.0,200,200,0,3949,61,43,nothing,nothing,1,6757410026560355548,11815403074947356053,"[1,32]",recall_accuracy,0.0,0.0,floor,available,,,true,recall_accuracy,0.0,Recall accuracy,fraction,higher
falandays_direct_v1,falandays_direct_v1__cue_gain,cell_008,"[{""input_gain"":16.0}]","[{""scope"":""interface"",""parameter"":""input_gain"",""value"":16.0}]",cell_008,56,1,144,144,true,mean,16.0,200,200,0,3986,69,43,nothing,nothing,1,15532406203839688342,13162847327565096646,"[1,128]",recall_accuracy,0.0,0.0,floor,available,,,true,recall_accuracy,0.0,Recall accuracy,fraction,higher
falandays_direct_v1,falandays_direct_v1__cue_gain,cell_008,"[{""input_gain"":16.0}]","[{""scope"":""interface"",""parameter"":""input_gain"",""value"":16.0}]",cell_008,57,1,144,48,true,mean,16.0,200,200,0,4098,69,44,nothing,nothing,1,4681648634298740672,7511054878922844313,"[1,32]",recall_accuracy,1.0,1.0,ceiling,available,,,true,recall_accuracy,1.0,Recall accuracy,fraction,higher
falandays_direct_v1,falandays_direct_v1__cue_gain,cell_008,"[{""input_gain"":16.0}]","[{""scope"":""interface"",""parameter"":""input_gain"",""value"":16.0}]",cell_008,58,1,144,144,true,mean,16.0,200,200,0,3981,57,49,nothing,nothing,1,1580537468734461251,8570678930441301800,"[1,128]",recall_accuracy,0.0,0.0,floor,available,,,true,recall_accuracy,0.0,Recall accuracy,fraction,higher
falandays_direct_v1,falandays_direct_v1__cue_gain,cell_008,"[{""input_gain"":16.0}]","[{""scope"":""interface"",""parameter"":""input_gain"",""value"":16.0}]",cell_008,59,1,144,48,true,mean,16.0,200,200,0,3982,65,36,nothing,nothing,1,2591394955471149440,5426089333597508761,"[2,32]",recall_accuracy,1.0,1.0,ceiling,available,,,true,recall_accuracy,1.0,Recall accuracy,fraction,higher
falandays_direct_v1,falandays_direct_v1__cue_gain,cell_008,"[{""input_gain"":16.0}]","[{""scope"":""interface"",""parameter"":""input_gain"",""value"":16.0}]",cell_008,60,1,144,48,true,mean,16.0,200,200,0,3878,58,37,nothing,nothing,1,8085342557278006757,5214327403748666619,"[2,32]",recall_accuracy,1.0,1.0,ceiling,available,,,true,recall_accuracy,1.0,Recall accuracy,fraction,higher
falandays_direct_v1,falandays_direct_v1__cue_gain,cell_008,"[{""input_gain"":16.0}]","[{""scope"":""interface"",""parameter"":""input_gain"",""value"":16.0}]",cell_008,61,1,144,48,true,mean,16.0,200,200,0,3986,62,30,nothing,nothing,1,4172587101430188940,8002679564930726200,"[2,32]",recall_accuracy,1.0,1.0,ceiling,available,,,true,recall_accuracy,1.0,Recall accuracy,fraction,higher
falandays_direct_v1,falandays_direct_v1__cue_gain,cell_008,"[{""input_gain"":16.0}]","[{""scope"":""interface"",""parameter"":""input_gain"",""value"":16.0}]",cell_008,62,1,144,48,true,mean,16.0,200,200,0,4020,60,40,nothing,nothing,1,14794377271049026763,17228052206586944633,"[1,32]",recall_accuracy,1.0,1.0,ceiling,available,,,true,recall_accuracy,1.0,Recall accuracy,fraction,higher
falandays_direct_v1,falandays_direct_v1__cue_gain,cell_008,"[{""input_gain"":16.0}]","[{""scope"":""interface"",""parameter"":""input_gain"",""value"":16.0}]",cell_008,63,1,144,48,true,mean,16.0,200,200,0,4006,68,43,nothing,nothing,1,678527023195682622,2441450863927944530,"[1,32]",recall_accuracy,0.0,0.0,floor,available,,,true,recall_accuracy,0.0,Recall accuracy,fraction,higher
falandays_direct_v1,falandays_direct_v1__cue_gain,cell_008,"[{""input_gain"":16.0}]","[{""scope"":""interface"",""parameter"":""input_gain"",""value"":16.0}]",cell_008,64,1,144,24,true,mean,16.0,200,200,0,3985,56,31,nothing,nothing,1,15062871301358266762,10959836952691641193,"[2,8]",recall_accuracy,1.0,1.0,ceiling,available,,,true,recall_accuracy,1.0,Recall accuracy,fraction,higher
falandays_direct_v1,falandays_direct_v1__cue_gain,cell_009,"[{""input_gain"":32.0}]","[{""scope"":""interface"",""parameter"":""input_gain"",""value"":32.0}]",cell_009,1,1,144,24,true,mean,32.0,200,200,0,4116,68,41,nothing,nothing,1,12594128219311072171,8092595526124825526,"[1,8]",recall_accuracy,1.0,1.0,ceiling,available,,,true,recall_accuracy,1.0,Recall accuracy,fraction,higher
falandays_direct_v1,falandays_direct_v1__cue_gain,cell_009,"[{""input_gain"":32.0}]","[{""scope"":""interface"",""parameter"":""input_gain"",""value"":32.0}]",cell_009,2,1,144,24,true,mean,32.0,200,200,0,4050,64,35,nothing,nothing,1,3112638069852970545,6701411026981952686,"[1,8]",recall_accuracy,0.0,0.0,floor,available,,,true,recall_accuracy,0.0,Recall accuracy,fraction,higher
falandays_direct_v1,falandays_direct_v1__cue_gain,cell_009,"[{""input_gain"":32.0}]","[{""scope"":""interface"",""parameter"":""input_gain"",""value"":32.0}]",cell_009,3,1,144,48,true,mean,32.0,200,200,0,3921,59,46,nothing,nothing,1,3252372254226619730,9335131981025201213,"[1,32]",recall_accuracy,0.0,0.0,floor,available,,,true,recall_accuracy,0.0,Recall accuracy,fraction,higher
falandays_direct_v1,falandays_direct_v1__cue_gain,cell_009,"[{""input_gain"":32.0}]","[{""scope"":""interface"",""parameter"":""input_gain"",""value"":32.0}]",cell_009,4,1,144,24,true,mean,32.0,200,200,0,4003,71,43,nothing,nothing,1,5194087443396628577,9699077174267993794,"[1,8]",recall_accuracy,0.0,0.0,floor,available,,,true,recall_accuracy,0.0,Recall accuracy,fraction,higher
falandays_direct_v1,falandays_direct_v1__cue_gain,cell_009,"[{""input_gain"":32.0}]","[{""scope"":""interface"",""parameter"":""input_gain"",""value"":32.0}]",cell_009,5,1,144,24,true,mean,32.0,200,200,0,4019,57,53,nothing,nothing,1,4334358284774126499,15316878938203924676,"[1,8]",recall_accuracy,0.0,0.0,floor,available,,,true,recall_accuracy,0.0,Recall accuracy,fraction,higher
falandays_direct_v1,falandays_direct_v1__cue_gain,cell_009,"[{""input_gain"":32.0}]","[{""scope"":""interface"",""parameter"":""input_gain"",""value"":32.0}]",cell_009,6,1,144,144,true,mean,32.0,200,200,0,4033,70,43,nothing,nothing,1,13951672084048746250,17465024622011189119,"[1,128]",recall_accuracy,0.0,0.0,floor,available,,,true,recall_accuracy,0.0,Recall accuracy,fraction,higher
falandays_direct_v1,falandays_direct_v1__cue_gain,cell_009,"[{""input_gain"":32.0}]","[{""scope"":""interface"",""parameter"":""input_gain"",""value"":32.0}]",cell_009,7,1,144,144,true,mean,32.0,200,200,0,3987,52,44,nothing,nothing,1,16761261485954868533,16015605207609979784,"[2,128]",recall_accuracy,0.0,0.0,floor,available,,,true,recall_accuracy,0.0,Recall accuracy,fraction,higher
falandays_direct_v1,falandays_direct_v1__cue_gain,cell_009,"[{""input_gain"":32.0}]","[{""scope"":""interface"",""parameter"":""input_gain"",""value"":32.0}]",cell_009,8,1,144,48,true,mean,32.0,200,200,0,3889,60,45,nothing,nothing,1,2137829287241869961,439802552602527111,"[1,32]",recall_accuracy,0.0,0.0,floor,available,,,true,recall_accuracy,0.0,Recall accuracy,fraction,higher
falandays_direct_v1,falandays_direct_v1__cue_gain,cell_009,"[{""input_gain"":32.0}]","[{""scope"":""interface"",""parameter"":""input_gain"",""value"":32.0}]",cell_009,9,1,144,48,true,mean,32.0,200,200,0,4013,50,37,nothing,nothing,1,8709559762848532333,16815393164913437588,"[1,32]",recall_accuracy,1.0,1.0,ceiling,available,,,true,recall_accuracy,1.0,Recall accuracy,fraction,higher
falandays_direct_v1,falandays_direct_v1__cue_gain,cell_009,"[{""input_gain"":32.0}]","[{""scope"":""interface"",""parameter"":""input_gain"",""value"":32.0}]",cell_009,10,1,144,144,true,mean,32.0,200,200,0,3927,60,45,nothing,nothing,1,8097260807977524711,4643994514494534576,"[1,128]",recall_accuracy,1.0,1.0,ceiling,available,,,true,recall_accuracy,1.0,Recall accuracy,fraction,higher
falandays_direct_v1,falandays_direct_v1__cue_gain,cell_009,"[{""input_gain"":32.0}]","[{""scope"":""interface"",""parameter"":""input_gain"",""value"":32.0}]",cell_009,11,1,144,48,true,mean,32.0,200,200,0,3985,63,38,nothing,nothing,1,6354404988444614712,1264918944922948723,"[2,32]",recall_accuracy,1.0,1.0,ceiling,available,,,true,recall_accuracy,1.0,Recall accuracy,fraction,higher
falandays_direct_v1,falandays_direct_v1__cue_gain,cell_009,"[{""input_gain"":32.0}]","[{""scope"":""interface"",""parameter"":""input_gain"",""value"":32.0}]",cell_009,12,1,144,144,true,mean,32.0,200,200,0,3979,71,50,nothing,nothing,1,7992910848564633563,3411290568062191086,"[1,128]",recall_accuracy,0.0,0.0,floor,available,,,true,recall_accuracy,0.0,Recall accuracy,fraction,higher
falandays_direct_v1,falandays_direct_v1__cue_gain,cell_009,"[{""input_gain"":32.0}]","[{""scope"":""interface"",""parameter"":""input_gain"",""value"":32.0}]",cell_009,13,1,144,24,true,mean,32.0,200,200,0,4003,61,45,nothing,nothing,1,15132623001949554602,3160238541710195767,"[2,8]",recall_accuracy,0.0,0.0,floor,available,,,true,recall_accuracy,0.0,Recall accuracy,fraction,higher
falandays_direct_v1,falandays_direct_v1__cue_gain,cell_009,"[{""input_gain"":32.0}]","[{""scope"":""interface"",""parameter"":""input_gain"",""value"":32.0}]",cell_009,14,1,144,24,true,mean,32.0,200,200,0,3979,53,38,nothing,nothing,1,690069523023100410,2475738350341787459,"[2,8]",recall_accuracy,1.0,1.0,ceiling,available,,,true,recall_accuracy,1.0,Recall accuracy,fraction,higher
falandays_direct_v1,falandays_direct_v1__cue_gain,cell_009,"[{""input_gain"":32.0}]","[{""scope"":""interface"",""parameter"":""input_gain"",""value"":32.0}]",cell_009,15,1,144,24,true,mean,32.0,200,200,0,3935,65,31,nothing,nothing,1,12250122898661847943,9173535536611603934,"[1,8]",recall_accuracy,1.0,1.0,ceiling,available,,,true,recall_accuracy,1.0,Recall accuracy,fraction,higher
falandays_direct_v1,falandays_direct_v1__cue_gain,cell_009,"[{""input_gain"":32.0}]","[{""scope"":""interface"",""parameter"":""input_gain"",""value"":32.0}]",cell_009,16,1,144,144,true,mean,32.0,200,200,0,4055,57,34,nothing,nothing,1,5728837636757173799,17882706362734959438,"[1,128]",recall_accuracy,0.0,0.0,floor,available,,,true,recall_accuracy,0.0,Recall accuracy,fraction,higher
falandays_direct_v1,falandays_direct_v1__cue_gain,cell_009,"[{""input_gain"":32.0}]","[{""scope"":""interface"",""parameter"":""input_gain"",""value"":32.0}]",cell_009,17,1,144,48,true,mean,32.0,200,200,0,3990,60,39,nothing,nothing,1,1688327312157973031,10221160784258913491,"[2,32]",recall_accuracy,1.0,1.0,ceiling,available,,,true,recall_accuracy,1.0,Recall accuracy,fraction,higher
falandays_direct_v1,falandays_direct_v1__cue_gain,cell_009,"[{""input_gain"":32.0}]","[{""scope"":""interface"",""parameter"":""input_gain"",""value"":32.0}]",cell_009,18,1,144,48,true,mean,32.0,200,200,0,3949,62,38,nothing,nothing,1,749010461240991141,12131565372770077396,"[1,32]",recall_accuracy,0.0,0.0,floor,available,,,true,recall_accuracy,0.0,Recall accuracy,fraction,higher
falandays_direct_v1,falandays_direct_v1__cue_gain,cell_009,"[{""input_gain"":32.0}]","[{""scope"":""interface"",""parameter"":""input_gain"",""value"":32.0}]",cell_009,19,1,144,144,true,mean,32.0,200,200,0,3908,56,38,nothing,nothing,1,15696681152727596010,3067316268179985911,"[2,128]",recall_accuracy,0.0,0.0,floor,available,,,true,recall_accuracy,0.0,Recall accuracy,fraction,higher
falandays_direct_v1,falandays_direct_v1__cue_gain,cell_009,"[{""input_gain"":32.0}]","[{""scope"":""interface"",""parameter"":""input_gain"",""value"":32.0}]",cell_009,20,1,144,48,true,mean,32.0,200,200,0,3952,60,40,nothing,nothing,1,3887908280811000983,4367688531973349399,"[1,32]",recall_accuracy,0.0,0.0,floor,available,,,true,recall_accuracy,0.0,Recall accuracy,fraction,higher
falandays_direct_v1,falandays_direct_v1__cue_gain,cell_009,"[{""input_gain"":32.0}]","[{""scope"":""interface"",""parameter"":""input_gain"",""value"":32.0}]",cell_009,21,1,144,48,true,mean,32.0,200,200,0,3899,66,35,nothing,nothing,1,6348457907726908322,14850400267946205414,"[2,32]",recall_accuracy,0.0,0.0,floor,available,,,true,recall_accuracy,0.0,Recall accuracy,fraction,higher
falandays_direct_v1,falandays_direct_v1__cue_gain,cell_009,"[{""input_gain"":32.0}]","[{""scope"":""interface"",""parameter"":""input_gain"",""value"":32.0}]",cell_009,22,1,144,144,true,mean,32.0,200,200,0,3970,52,43,nothing,nothing,1,12067343499115009084,1305036494483538562,"[2,128]",recall_accuracy,0.0,0.0,floor,available,,,true,recall_accuracy,0.0,Recall accuracy,fraction,higher
falandays_direct_v1,falandays_direct_v1__cue_gain,cell_009,"[{""input_gain"":32.0}]","[{""scope"":""interface"",""parameter"":""input_gain"",""value"":32.0}]",cell_009,23,1,144,48,true,mean,32.0,200,200,0,4003,44,36,nothing,nothing,1,1456088996810007893,9248486385473542497,"[2,32]",recall_accuracy,0.0,0.0,floor,available,,,true,recall_accuracy,0.0,Recall accuracy,fraction,higher
falandays_direct_v1,falandays_direct_v1__cue_gain,cell_009,"[{""input_gain"":32.0}]","[{""scope"":""interface"",""parameter"":""input_gain"",""value"":32.0}]",cell_009,24,1,144,48,true,mean,32.0,200,200,0,4019,62,42,nothing,nothing,1,12296449013820028580,2365857526890167594,"[1,32]",recall_accuracy,0.0,0.0,floor,available,,,true,recall_accuracy,0.0,Recall accuracy,fraction,higher
falandays_direct_v1,falandays_direct_v1__cue_gain,cell_009,"[{""input_gain"":32.0}]","[{""scope"":""interface"",""parameter"":""input_gain"",""value"":32.0}]",cell_009,25,1,144,144,true,mean,32.0,200,200,0,3969,55,41,nothing,nothing,1,13242257255797595924,13790341136909193717,"[2,128]",recall_accuracy,1.0,1.0,ceiling,available,,,true,recall_accuracy,1.0,Recall accuracy,fraction,higher
falandays_direct_v1,falandays_direct_v1__cue_gain,cell_009,"[{""input_gain"":32.0}]","[{""scope"":""interface"",""parameter"":""input_gain"",""value"":32.0}]",cell_009,26,1,144,24,true,mean,32.0,200,200,0,4041,67,38,nothing,nothing,1,15691522525334327019,9018541844550905015,"[2,8]",recall_accuracy,1.0,1.0,ceiling,available,,,true,recall_accuracy,1.0,Recall accuracy,fraction,higher
falandays_direct_v1,falandays_direct_v1__cue_gain,cell_009,"[{""input_gain"":32.0}]","[{""scope"":""interface"",""parameter"":""input_gain"",""value"":32.0}]",cell_009,27,1,144,144,true,mean,32.0,200,200,0,3959,65,47,nothing,nothing,1,2527375291412315002,16000658053978501663,"[1,128]",recall_accuracy,0.0,0.0,floor,available,,,true,recall_accuracy,0.0,Recall accuracy,fraction,higher
falandays_direct_v1,falandays_direct_v1__cue_gain,cell_009,"[{""input_gain"":32.0}]","[{""scope"":""interface"",""parameter"":""input_gain"",""value"":32.0}]",cell_009,28,1,144,48,true,mean,32.0,200,200,0,3999,67,41,nothing,nothing,1,13908397727894472465,7476633210553105177,"[1,32]",recall_accuracy,0.0,0.0,floor,available,,,true,recall_accuracy,0.0,Recall accuracy,fraction,higher
falandays_direct_v1,falandays_direct_v1__cue_gain,cell_009,"[{""input_gain"":32.0}]","[{""scope"":""interface"",""parameter"":""input_gain"",""value"":32.0}]",cell_009,29,1,144,48,true,mean,32.0,200,200,0,4027,62,35,nothing,nothing,1,7879620809424902802,5513416892640168739,"[1,32]",recall_accuracy,0.0,0.0,floor,available,,,true,recall_accuracy,0.0,Recall accuracy,fraction,higher
falandays_direct_v1,falandays_direct_v1__cue_gain,cell_009,"[{""input_gain"":32.0}]","[{""scope"":""interface"",""parameter"":""input_gain"",""value"":32.0}]",cell_009,30,1,144,144,true,mean,32.0,200,200,0,3976,62,49,nothing,nothing,1,5259748803054981645,2541231920251608604,"[2,128]",recall_accuracy,0.0,0.0,floor,available,,,true,recall_accuracy,0.0,Recall accuracy,fraction,higher
falandays_direct_v1,falandays_direct_v1__cue_gain,cell_009,"[{""input_gain"":32.0}]","[{""scope"":""interface"",""parameter"":""input_gain"",""value"":32.0}]",cell_009,31,1,144,144,true,mean,32.0,200,200,0,3989,75,40,nothing,nothing,1,18365469644567928756,4041610743621828700,"[1,128]",recall_accuracy,1.0,1.0,ceiling,available,,,true,recall_accuracy,1.0,Recall accuracy,fraction,higher
falandays_direct_v1,falandays_direct_v1__cue_gain,cell_009,"[{""input_gain"":32.0}]","[{""scope"":""interface"",""parameter"":""input_gain"",""value"":32.0}]",cell_009,32,1,144,144,true,mean,32.0,200,200,0,3935,54,43,nothing,nothing,1,8575614502913865459,16705439672251359517,"[2,128]",recall_accuracy,1.0,1.0,ceiling,available,,,true,recall_accuracy,1.0,Recall accuracy,fraction,higher
falandays_direct_v1,falandays_direct_v1__cue_gain,cell_009,"[{""input_gain"":32.0}]","[{""scope"":""interface"",""parameter"":""input_gain"",""value"":32.0}]",cell_009,33,1,144,24,true,mean,32.0,200,200,0,3897,61,42,nothing,nothing,1,14739059881887869130,5559042496469174930,"[1,8]",recall_accuracy,0.0,0.0,floor,available,,,true,recall_accuracy,0.0,Recall accuracy,fraction,higher
falandays_direct_v1,falandays_direct_v1__cue_gain,cell_009,"[{""input_gain"":32.0}]","[{""scope"":""interface"",""parameter"":""input_gain"",""value"":32.0}]",cell_009,34,1,144,24,true,mean,32.0,200,200,0,3944,46,38,nothing,nothing,1,1691347055536277651,11622768072155729540,"[1,8]",recall_accuracy,0.0,0.0,floor,available,,,true,recall_accuracy,0.0,Recall accuracy,fraction,higher
falandays_direct_v1,falandays_direct_v1__cue_gain,cell_009,"[{""input_gain"":32.0}]","[{""scope"":""interface"",""parameter"":""input_gain"",""value"":32.0}]",cell_009,35,1,144,144,true,mean,32.0,200,200,0,3994,65,41,nothing,nothing,1,12238681826103955801,4642113296036802231,"[1,128]",recall_accuracy,0.0,0.0,floor,available,,,true,recall_accuracy,0.0,Recall accuracy,fraction,higher
falandays_direct_v1,falandays_direct_v1__cue_gain,cell_009,"[{""input_gain"":32.0}]","[{""scope"":""interface"",""parameter"":""input_gain"",""value"":32.0}]",cell_009,36,1,144,48,true,mean,32.0,200,200,0,4109,65,32,nothing,nothing,1,13391442460675217735,4759790416418358215,"[2,32]",recall_accuracy,0.0,0.0,floor,available,,,true,recall_accuracy,0.0,Recall accuracy,fraction,higher
falandays_direct_v1,falandays_direct_v1__cue_gain,cell_009,"[{""input_gain"":32.0}]","[{""scope"":""interface"",""parameter"":""input_gain"",""value"":32.0}]",cell_009,37,1,144,48,true,mean,32.0,200,200,0,4044,63,41,nothing,nothing,1,16546253964087852877,12221295028980735749,"[1,32]",recall_accuracy,0.0,0.0,floor,available,,,true,recall_accuracy,0.0,Recall accuracy,fraction,higher
falandays_direct_v1,falandays_direct_v1__cue_gain,cell_009,"[{""input_gain"":32.0}]","[{""scope"":""interface"",""parameter"":""input_gain"",""value"":32.0}]",cell_009,38,1,144,48,true,mean,32.0,200,200,0,4018,58,41,nothing,nothing,1,16861330826438584791,4307155270124468204,"[2,32]",recall_accuracy,1.0,1.0,ceiling,available,,,true,recall_accuracy,1.0,Recall accuracy,fraction,higher
falandays_direct_v1,falandays_direct_v1__cue_gain,cell_009,"[{""input_gain"":32.0}]","[{""scope"":""interface"",""parameter"":""input_gain"",""value"":32.0}]",cell_009,39,1,144,48,true,mean,32.0,200,200,0,3984,59,43,nothing,nothing,1,5619571513751481896,13772695671122785095,"[2,32]",recall_accuracy,0.0,0.0,floor,available,,,true,recall_accuracy,0.0,Recall accuracy,fraction,higher
falandays_direct_v1,falandays_direct_v1__cue_gain,cell_009,"[{""input_gain"":32.0}]","[{""scope"":""interface"",""parameter"":""input_gain"",""value"":32.0}]",cell_009,40,1,144,48,true,mean,32.0,200,200,0,3973,58,48,nothing,nothing,1,4910676185985938041,1827413742199942425,"[2,32]",recall_accuracy,0.0,0.0,floor,available,,,true,recall_accuracy,0.0,Recall accuracy,fraction,higher
falandays_direct_v1,falandays_direct_v1__cue_gain,cell_009,"[{""input_gain"":32.0}]","[{""scope"":""interface"",""parameter"":""input_gain"",""value"":32.0}]",cell_009,41,1,144,144,true,mean,32.0,200,200,0,4029,53,49,nothing,nothing,1,6546389962142919961,1780461504424025134,"[2,128]",recall_accuracy,0.0,0.0,floor,available,,,true,recall_accuracy,0.0,Recall accuracy,fraction,higher
falandays_direct_v1,falandays_direct_v1__cue_gain,cell_009,"[{""input_gain"":32.0}]","[{""scope"":""interface"",""parameter"":""input_gain"",""value"":32.0}]",cell_009,42,1,144,24,true,mean,32.0,200,200,0,4035,53,41,nothing,nothing,1,11349448369167888049,8642874451656507712,"[1,8]",recall_accuracy,0.0,0.0,floor,available,,,true,recall_accuracy,0.0,Recall accuracy,fraction,higher
falandays_direct_v1,falandays_direct_v1__cue_gain,cell_009,"[{""input_gain"":32.0}]","[{""scope"":""interface"",""parameter"":""input_gain"",""value"":32.0}]",cell_009,43,1,144,144,true,mean,32.0,200,200,0,4014,56,48,nothing,nothing,1,13845801875421481039,7456934522800937254,"[2,128]",recall_accuracy,0.0,0.0,floor,available,,,true,recall_accuracy,0.0,Recall accuracy,fraction,higher
falandays_direct_v1,falandays_direct_v1__cue_gain,cell_009,"[{""input_gain"":32.0}]","[{""scope"":""interface"",""parameter"":""input_gain"",""value"":32.0}]",cell_009,44,1,144,48,true,mean,32.0,200,200,0,3882,76,41,nothing,nothing,1,17637343676182291106,257703088949437611,"[1,32]",recall_accuracy,1.0,1.0,ceiling,available,,,true,recall_accuracy,1.0,Recall accuracy,fraction,higher
falandays_direct_v1,falandays_direct_v1__cue_gain,cell_009,"[{""input_gain"":32.0}]","[{""scope"":""interface"",""parameter"":""input_gain"",""value"":32.0}]",cell_009,45,1,144,144,true,mean,32.0,200,200,0,4103,60,37,nothing,nothing,1,10695794649270763135,12347181926683009745,"[2,128]",recall_accuracy,0.0,0.0,floor,available,,,true,recall_accuracy,0.0,Recall accuracy,fraction,higher
falandays_direct_v1,falandays_direct_v1__cue_gain,cell_009,"[{""input_gain"":32.0}]","[{""scope"":""interface"",""parameter"":""input_gain"",""value"":32.0}]",cell_009,46,1,144,24,true,mean,32.0,200,200,0,3909,67,40,nothing,nothing,1,11945222342811947661,14451551029179234932,"[2,8]",recall_accuracy,1.0,1.0,ceiling,available,,,true,recall_accuracy,1.0,Recall accuracy,fraction,higher
falandays_direct_v1,falandays_direct_v1__cue_gain,cell_009,"[{""input_gain"":32.0}]","[{""scope"":""interface"",""parameter"":""input_gain"",""value"":32.0}]",cell_009,47,1,144,24,true,mean,32.0,200,200,0,4068,60,39,nothing,nothing,1,11886869482354147328,12823158141346789681,"[1,8]",recall_accuracy,1.0,1.0,ceiling,available,,,true,recall_accuracy,1.0,Recall accuracy,fraction,higher
falandays_direct_v1,falandays_direct_v1__cue_gain,cell_009,"[{""input_gain"":32.0}]","[{""scope"":""interface"",""parameter"":""input_gain"",""value"":32.0}]",cell_009,48,1,144,24,true,mean,32.0,200,200,0,4026,60,51,nothing,nothing,1,2234593526373743716,18048444690023247949,"[1,8]",recall_accuracy,0.0,0.0,floor,available,,,true,recall_accuracy,0.0,Recall accuracy,fraction,higher
falandays_direct_v1,falandays_direct_v1__cue_gain,cell_009,"[{""input_gain"":32.0}]","[{""scope"":""interface"",""parameter"":""input_gain"",""value"":32.0}]",cell_009,49,1,144,144,true,mean,32.0,200,200,0,3956,58,42,nothing,nothing,1,13403011621904115811,1248657061175819954,"[1,128]",recall_accuracy,1.0,1.0,ceiling,available,,,true,recall_accuracy,1.0,Recall accuracy,fraction,higher
falandays_direct_v1,falandays_direct_v1__cue_gain,cell_009,"[{""input_gain"":32.0}]","[{""scope"":""interface"",""parameter"":""input_gain"",""value"":32.0}]",cell_009,50,1,144,48,true,mean,32.0,200,200,0,4088,75,34,nothing,nothing,1,17210097905261720925,8342279397843918002,"[1,32]",recall_accuracy,0.0,0.0,floor,available,,,true,recall_accuracy,0.0,Recall accuracy,fraction,higher
falandays_direct_v1,falandays_direct_v1__cue_gain,cell_009,"[{""input_gain"":32.0}]","[{""scope"":""interface"",""parameter"":""input_gain"",""value"":32.0}]",cell_009,51,1,144,24,true,mean,32.0,200,200,0,3958,65,48,nothing,nothing,1,454914120579874133,16475816545815083334,"[2,8]",recall_accuracy,1.0,1.0,ceiling,available,,,true,recall_accuracy,1.0,Recall accuracy,fraction,higher
falandays_direct_v1,falandays_direct_v1__cue_gain,cell_009,"[{""input_gain"":32.0}]","[{""scope"":""interface"",""parameter"":""input_gain"",""value"":32.0}]",cell_009,52,1,144,144,true,mean,32.0,200,200,0,3972,47,28,nothing,nothing,1,1438281246603355359,12395589511584612683,"[2,128]",recall_accuracy,0.0,0.0,floor,available,,,true,recall_accuracy,0.0,Recall accuracy,fraction,higher
falandays_direct_v1,falandays_direct_v1__cue_gain,cell_009,"[{""input_gain"":32.0}]","[{""scope"":""interface"",""parameter"":""input_gain"",""value"":32.0}]",cell_009,53,1,144,24,true,mean,32.0,200,200,0,4010,60,37,nothing,nothing,1,6241271471225088958,8890533234528554735,"[2,8]",recall_accuracy,1.0,1.0,ceiling,available,,,true,recall_accuracy,1.0,Recall accuracy,fraction,higher
falandays_direct_v1,falandays_direct_v1__cue_gain,cell_009,"[{""input_gain"":32.0}]","[{""scope"":""interface"",""parameter"":""input_gain"",""value"":32.0}]",cell_009,54,1,144,144,true,mean,32.0,200,200,0,3921,65,41,nothing,nothing,1,14335423250921699584,15373284929577107875,"[2,128]",recall_accuracy,1.0,1.0,ceiling,available,,,true,recall_accuracy,1.0,Recall accuracy,fraction,higher
falandays_direct_v1,falandays_direct_v1__cue_gain,cell_009,"[{""input_gain"":32.0}]","[{""scope"":""interface"",""parameter"":""input_gain"",""value"":32.0}]",cell_009,55,1,144,48,true,mean,32.0,200,200,0,3949,61,43,nothing,nothing,1,6757410026560355548,11815403074947356053,"[1,32]",recall_accuracy,0.0,0.0,floor,available,,,true,recall_accuracy,0.0,Recall accuracy,fraction,higher
falandays_direct_v1,falandays_direct_v1__cue_gain,cell_009,"[{""input_gain"":32.0}]","[{""scope"":""interface"",""parameter"":""input_gain"",""value"":32.0}]",cell_009,56,1,144,144,true,mean,32.0,200,200,0,3986,69,43,nothing,nothing,1,15532406203839688342,13162847327565096646,"[1,128]",recall_accuracy,0.0,0.0,floor,available,,,true,recall_accuracy,0.0,Recall accuracy,fraction,higher
falandays_direct_v1,falandays_direct_v1__cue_gain,cell_009,"[{""input_gain"":32.0}]","[{""scope"":""interface"",""parameter"":""input_gain"",""value"":32.0}]",cell_009,57,1,144,48,true,mean,32.0,200,200,0,4098,69,44,nothing,nothing,1,4681648634298740672,7511054878922844313,"[1,32]",recall_accuracy,0.0,0.0,floor,available,,,true,recall_accuracy,0.0,Recall accuracy,fraction,higher
falandays_direct_v1,falandays_direct_v1__cue_gain,cell_009,"[{""input_gain"":32.0}]","[{""scope"":""interface"",""parameter"":""input_gain"",""value"":32.0}]",cell_009,58,1,144,144,true,mean,32.0,200,200,0,3981,57,49,nothing,nothing,1,1580537468734461251,8570678930441301800,"[1,128]",recall_accuracy,0.0,0.0,floor,available,,,true,recall_accuracy,0.0,Recall accuracy,fraction,higher
falandays_direct_v1,falandays_direct_v1__cue_gain,cell_009,"[{""input_gain"":32.0}]","[{""scope"":""interface"",""parameter"":""input_gain"",""value"":32.0}]",cell_009,59,1,144,48,true,mean,32.0,200,200,0,3982,65,36,nothing,nothing,1,2591394955471149440,5426089333597508761,"[2,32]",recall_accuracy,0.0,0.0,floor,available,,,true,recall_accuracy,0.0,Recall accuracy,fraction,higher
falandays_direct_v1,falandays_direct_v1__cue_gain,cell_009,"[{""input_gain"":32.0}]","[{""scope"":""interface"",""parameter"":""input_gain"",""value"":32.0}]",cell_009,60,1,144,48,true,mean,32.0,200,200,0,3878,58,37,nothing,nothing,1,8085342557278006757,5214327403748666619,"[2,32]",recall_accuracy,1.0,1.0,ceiling,available,,,true,recall_accuracy,1.0,Recall accuracy,fraction,higher
falandays_direct_v1,falandays_direct_v1__cue_gain,cell_009,"[{""input_gain"":32.0}]","[{""scope"":""interface"",""parameter"":""input_gain"",""value"":32.0}]",cell_009,61,1,144,48,true,mean,32.0,200,200,0,3986,62,30,nothing,nothing,1,4172587101430188940,8002679564930726200,"[2,32]",recall_accuracy,0.0,0.0,floor,available,,,true,recall_accuracy,0.0,Recall accuracy,fraction,higher
falandays_direct_v1,falandays_direct_v1__cue_gain,cell_009,"[{""input_gain"":32.0}]","[{""scope"":""interface"",""parameter"":""input_gain"",""value"":32.0}]",cell_009,62,1,144,48,true,mean,32.0,200,200,0,4020,60,40,nothing,nothing,1,14794377271049026763,17228052206586944633,"[1,32]",recall_accuracy,0.0,0.0,floor,available,,,true,recall_accuracy,0.0,Recall accuracy,fraction,higher
falandays_direct_v1,falandays_direct_v1__cue_gain,cell_009,"[{""input_gain"":32.0}]","[{""scope"":""interface"",""parameter"":""input_gain"",""value"":32.0}]",cell_009,63,1,144,48,true,mean,32.0,200,200,0,4006,68,43,nothing,nothing,1,678527023195682622,2441450863927944530,"[1,32]",recall_accuracy,1.0,1.0,ceiling,available,,,true,recall_accuracy,1.0,Recall accuracy,fraction,higher
falandays_direct_v1,falandays_direct_v1__cue_gain,cell_009,"[{""input_gain"":32.0}]","[{""scope"":""interface"",""parameter"":""input_gain"",""value"":32.0}]",cell_009,64,1,144,24,true,mean,32.0,200,200,0,3985,56,31,nothing,nothing,1,15062871301358266762,10959836952691641193,"[2,8]",recall_accuracy,1.0,1.0,ceiling,available,,,true,recall_accuracy,1.0,Recall accuracy,fraction,higher
falandays_direct_v1,falandays_direct_v1__cue_gain,cell_010,"[{""input_gain"":64.0}]","[{""scope"":""interface"",""parameter"":""input_gain"",""value"":64.0}]",cell_010,1,1,144,24,true,mean,64.0,200,200,0,4116,68,41,nothing,nothing,1,12594128219311072171,8092595526124825526,"[1,8]",recall_accuracy,1.0,1.0,ceiling,available,,,true,recall_accuracy,1.0,Recall accuracy,fraction,higher
falandays_direct_v1,falandays_direct_v1__cue_gain,cell_010,"[{""input_gain"":64.0}]","[{""scope"":""interface"",""parameter"":""input_gain"",""value"":64.0}]",cell_010,2,1,144,24,true,mean,64.0,200,200,0,4050,64,35,nothing,nothing,1,3112638069852970545,6701411026981952686,"[1,8]",recall_accuracy,0.0,0.0,floor,available,,,true,recall_accuracy,0.0,Recall accuracy,fraction,higher
falandays_direct_v1,falandays_direct_v1__cue_gain,cell_010,"[{""input_gain"":64.0}]","[{""scope"":""interface"",""parameter"":""input_gain"",""value"":64.0}]",cell_010,3,1,144,48,true,mean,64.0,200,200,0,3921,59,46,nothing,nothing,1,3252372254226619730,9335131981025201213,"[1,32]",recall_accuracy,0.0,0.0,floor,available,,,true,recall_accuracy,0.0,Recall accuracy,fraction,higher
falandays_direct_v1,falandays_direct_v1__cue_gain,cell_010,"[{""input_gain"":64.0}]","[{""scope"":""interface"",""parameter"":""input_gain"",""value"":64.0}]",cell_010,4,1,144,24,true,mean,64.0,200,200,0,4003,71,43,nothing,nothing,1,5194087443396628577,9699077174267993794,"[1,8]",recall_accuracy,0.0,0.0,floor,available,,,true,recall_accuracy,0.0,Recall accuracy,fraction,higher
falandays_direct_v1,falandays_direct_v1__cue_gain,cell_010,"[{""input_gain"":64.0}]","[{""scope"":""interface"",""parameter"":""input_gain"",""value"":64.0}]",cell_010,5,1,144,24,true,mean,64.0,200,200,0,4019,57,53,nothing,nothing,1,4334358284774126499,15316878938203924676,"[1,8]",recall_accuracy,0.0,0.0,floor,available,,,true,recall_accuracy,0.0,Recall accuracy,fraction,higher
falandays_direct_v1,falandays_direct_v1__cue_gain,cell_010,"[{""input_gain"":64.0}]","[{""scope"":""interface"",""parameter"":""input_gain"",""value"":64.0}]",cell_010,6,1,144,144,true,mean,64.0,200,200,0,4033,70,43,nothing,nothing,1,13951672084048746250,17465024622011189119,"[1,128]",recall_accuracy,0.0,0.0,floor,available,,,true,recall_accuracy,0.0,Recall accuracy,fraction,higher
falandays_direct_v1,falandays_direct_v1__cue_gain,cell_010,"[{""input_gain"":64.0}]","[{""scope"":""interface"",""parameter"":""input_gain"",""value"":64.0}]",cell_010,7,1,144,144,true,mean,64.0,200,200,0,3987,52,44,nothing,nothing,1,16761261485954868533,16015605207609979784,"[2,128]",recall_accuracy,0.0,0.0,floor,available,,,true,recall_accuracy,0.0,Recall accuracy,fraction,higher
falandays_direct_v1,falandays_direct_v1__cue_gain,cell_010,"[{""input_gain"":64.0}]","[{""scope"":""interface"",""parameter"":""input_gain"",""value"":64.0}]",cell_010,8,1,144,48,true,mean,64.0,200,200,0,3889,60,45,nothing,nothing,1,2137829287241869961,439802552602527111,"[1,32]",recall_accuracy,0.0,0.0,floor,available,,,true,recall_accuracy,0.0,Recall accuracy,fraction,higher
falandays_direct_v1,falandays_direct_v1__cue_gain,cell_010,"[{""input_gain"":64.0}]","[{""scope"":""interface"",""parameter"":""input_gain"",""value"":64.0}]",cell_010,9,1,144,48,true,mean,64.0,200,200,0,4013,50,37,nothing,nothing,1,8709559762848532333,16815393164913437588,"[1,32]",recall_accuracy,0.0,0.0,floor,available,,,true,recall_accuracy,0.0,Recall accuracy,fraction,higher
falandays_direct_v1,falandays_direct_v1__cue_gain,cell_010,"[{""input_gain"":64.0}]","[{""scope"":""interface"",""parameter"":""input_gain"",""value"":64.0}]",cell_010,10,1,144,144,true,mean,64.0,200,200,0,3927,60,45,nothing,nothing,1,8097260807977524711,4643994514494534576,"[1,128]",recall_accuracy,0.0,0.0,floor,available,,,true,recall_accuracy,0.0,Recall accuracy,fraction,higher
falandays_direct_v1,falandays_direct_v1__cue_gain,cell_010,"[{""input_gain"":64.0}]","[{""scope"":""interface"",""parameter"":""input_gain"",""value"":64.0}]",cell_010,11,1,144,48,true,mean,64.0,200,200,0,3985,63,38,nothing,nothing,1,6354404988444614712,1264918944922948723,"[2,32]",recall_accuracy,0.0,0.0,floor,available,,,true,recall_accuracy,0.0,Recall accuracy,fraction,higher
falandays_direct_v1,falandays_direct_v1__cue_gain,cell_010,"[{""input_gain"":64.0}]","[{""scope"":""interface"",""parameter"":""input_gain"",""value"":64.0}]",cell_010,12,1,144,144,true,mean,64.0,200,200,0,3979,71,50,nothing,nothing,1,7992910848564633563,3411290568062191086,"[1,128]",recall_accuracy,0.0,0.0,floor,available,,,true,recall_accuracy,0.0,Recall accuracy,fraction,higher
falandays_direct_v1,falandays_direct_v1__cue_gain,cell_010,"[{""input_gain"":64.0}]","[{""scope"":""interface"",""parameter"":""input_gain"",""value"":64.0}]",cell_010,13,1,144,24,true,mean,64.0,200,200,0,4003,61,45,nothing,nothing,1,15132623001949554602,3160238541710195767,"[2,8]",recall_accuracy,1.0,1.0,ceiling,available,,,true,recall_accuracy,1.0,Recall accuracy,fraction,higher
falandays_direct_v1,falandays_direct_v1__cue_gain,cell_010,"[{""input_gain"":64.0}]","[{""scope"":""interface"",""parameter"":""input_gain"",""value"":64.0}]",cell_010,14,1,144,24,true,mean,64.0,200,200,0,3979,53,38,nothing,nothing,1,690069523023100410,2475738350341787459,"[2,8]",recall_accuracy,0.0,0.0,floor,available,,,true,recall_accuracy,0.0,Recall accuracy,fraction,higher
falandays_direct_v1,falandays_direct_v1__cue_gain,cell_010,"[{""input_gain"":64.0}]","[{""scope"":""interface"",""parameter"":""input_gain"",""value"":64.0}]",cell_010,15,1,144,24,true,mean,64.0,200,200,0,3935,65,31,nothing,nothing,1,12250122898661847943,9173535536611603934,"[1,8]",recall_accuracy,1.0,1.0,ceiling,available,,,true,recall_accuracy,1.0,Recall accuracy,fraction,higher
falandays_direct_v1,falandays_direct_v1__cue_gain,cell_010,"[{""input_gain"":64.0}]","[{""scope"":""interface"",""parameter"":""input_gain"",""value"":64.0}]",cell_010,16,1,144,144,true,mean,64.0,200,200,0,4055,57,34,nothing,nothing,1,5728837636757173799,17882706362734959438,"[1,128]",recall_accuracy,1.0,1.0,ceiling,available,,,true,recall_accuracy,1.0,Recall accuracy,fraction,higher
falandays_direct_v1,falandays_direct_v1__cue_gain,cell_010,"[{""input_gain"":64.0}]","[{""scope"":""interface"",""parameter"":""input_gain"",""value"":64.0}]",cell_010,17,1,144,48,true,mean,64.0,200,200,0,3990,60,39,nothing,nothing,1,1688327312157973031,10221160784258913491,"[2,32]",recall_accuracy,0.0,0.0,floor,available,,,true,recall_accuracy,0.0,Recall accuracy,fraction,higher
falandays_direct_v1,falandays_direct_v1__cue_gain,cell_010,"[{""input_gain"":64.0}]","[{""scope"":""interface"",""parameter"":""input_gain"",""value"":64.0}]",cell_010,18,1,144,48,true,mean,64.0,200,200,0,3949,62,38,nothing,nothing,1,749010461240991141,12131565372770077396,"[1,32]",recall_accuracy,0.0,0.0,floor,available,,,true,recall_accuracy,0.0,Recall accuracy,fraction,higher
falandays_direct_v1,falandays_direct_v1__cue_gain,cell_010,"[{""input_gain"":64.0}]","[{""scope"":""interface"",""parameter"":""input_gain"",""value"":64.0}]",cell_010,19,1,144,144,true,mean,64.0,200,200,0,3908,56,38,nothing,nothing,1,15696681152727596010,3067316268179985911,"[2,128]",recall_accuracy,0.0,0.0,floor,available,,,true,recall_accuracy,0.0,Recall accuracy,fraction,higher
falandays_direct_v1,falandays_direct_v1__cue_gain,cell_010,"[{""input_gain"":64.0}]","[{""scope"":""interface"",""parameter"":""input_gain"",""value"":64.0}]",cell_010,20,1,144,48,true,mean,64.0,200,200,0,3952,60,40,nothing,nothing,1,3887908280811000983,4367688531973349399,"[1,32]",recall_accuracy,0.0,0.0,floor,available,,,true,recall_accuracy,0.0,Recall accuracy,fraction,higher
falandays_direct_v1,falandays_direct_v1__cue_gain,cell_010,"[{""input_gain"":64.0}]","[{""scope"":""interface"",""parameter"":""input_gain"",""value"":64.0}]",cell_010,21,1,144,48,true,mean,64.0,200,200,0,3899,66,35,nothing,nothing,1,6348457907726908322,14850400267946205414,"[2,32]",recall_accuracy,0.0,0.0,floor,available,,,true,recall_accuracy,0.0,Recall accuracy,fraction,higher
falandays_direct_v1,falandays_direct_v1__cue_gain,cell_010,"[{""input_gain"":64.0}]","[{""scope"":""interface"",""parameter"":""input_gain"",""value"":64.0}]",cell_010,22,1,144,144,true,mean,64.0,200,200,0,3970,52,43,nothing,nothing,1,12067343499115009084,1305036494483538562,"[2,128]",recall_accuracy,0.0,0.0,floor,available,,,true,recall_accuracy,0.0,Recall accuracy,fraction,higher
falandays_direct_v1,falandays_direct_v1__cue_gain,cell_010,"[{""input_gain"":64.0}]","[{""scope"":""interface"",""parameter"":""input_gain"",""value"":64.0}]",cell_010,23,1,144,48,true,mean,64.0,200,200,0,4003,44,36,nothing,nothing,1,1456088996810007893,9248486385473542497,"[2,32]",recall_accuracy,0.0,0.0,floor,available,,,true,recall_accuracy,0.0,Recall accuracy,fraction,higher
falandays_direct_v1,falandays_direct_v1__cue_gain,cell_010,"[{""input_gain"":64.0}]","[{""scope"":""interface"",""parameter"":""input_gain"",""value"":64.0}]",cell_010,24,1,144,48,true,mean,64.0,200,200,0,4019,62,42,nothing,nothing,1,12296449013820028580,2365857526890167594,"[1,32]",recall_accuracy,0.0,0.0,floor,available,,,true,recall_accuracy,0.0,Recall accuracy,fraction,higher
falandays_direct_v1,falandays_direct_v1__cue_gain,cell_010,"[{""input_gain"":64.0}]","[{""scope"":""interface"",""parameter"":""input_gain"",""value"":64.0}]",cell_010,25,1,144,144,true,mean,64.0,200,200,0,3969,55,41,nothing,nothing,1,13242257255797595924,13790341136909193717,"[2,128]",recall_accuracy,1.0,1.0,ceiling,available,,,true,recall_accuracy,1.0,Recall accuracy,fraction,higher
falandays_direct_v1,falandays_direct_v1__cue_gain,cell_010,"[{""input_gain"":64.0}]","[{""scope"":""interface"",""parameter"":""input_gain"",""value"":64.0}]",cell_010,26,1,144,24,true,mean,64.0,200,200,0,4041,67,38,nothing,nothing,1,15691522525334327019,9018541844550905015,"[2,8]",recall_accuracy,1.0,1.0,ceiling,available,,,true,recall_accuracy,1.0,Recall accuracy,fraction,higher
falandays_direct_v1,falandays_direct_v1__cue_gain,cell_010,"[{""input_gain"":64.0}]","[{""scope"":""interface"",""parameter"":""input_gain"",""value"":64.0}]",cell_010,27,1,144,144,true,mean,64.0,200,200,0,3959,65,47,nothing,nothing,1,2527375291412315002,16000658053978501663,"[1,128]",recall_accuracy,0.0,0.0,floor,available,,,true,recall_accuracy,0.0,Recall accuracy,fraction,higher
falandays_direct_v1,falandays_direct_v1__cue_gain,cell_010,"[{""input_gain"":64.0}]","[{""scope"":""interface"",""parameter"":""input_gain"",""value"":64.0}]",cell_010,28,1,144,48,true,mean,64.0,200,200,0,3999,67,41,nothing,nothing,1,13908397727894472465,7476633210553105177,"[1,32]",recall_accuracy,0.0,0.0,floor,available,,,true,recall_accuracy,0.0,Recall accuracy,fraction,higher
falandays_direct_v1,falandays_direct_v1__cue_gain,cell_010,"[{""input_gain"":64.0}]","[{""scope"":""interface"",""parameter"":""input_gain"",""value"":64.0}]",cell_010,29,1,144,48,true,mean,64.0,200,200,0,4027,62,35,nothing,nothing,1,7879620809424902802,5513416892640168739,"[1,32]",recall_accuracy,1.0,1.0,ceiling,available,,,true,recall_accuracy,1.0,Recall accuracy,fraction,higher
falandays_direct_v1,falandays_direct_v1__cue_gain,cell_010,"[{""input_gain"":64.0}]","[{""scope"":""interface"",""parameter"":""input_gain"",""value"":64.0}]",cell_010,30,1,144,144,true,mean,64.0,200,200,0,3976,62,49,nothing,nothing,1,5259748803054981645,2541231920251608604,"[2,128]",recall_accuracy,0.0,0.0,floor,available,,,true,recall_accuracy,0.0,Recall accuracy,fraction,higher
falandays_direct_v1,falandays_direct_v1__cue_gain,cell_010,"[{""input_gain"":64.0}]","[{""scope"":""interface"",""parameter"":""input_gain"",""value"":64.0}]",cell_010,31,1,144,144,true,mean,64.0,200,200,0,3989,75,40,nothing,nothing,1,18365469644567928756,4041610743621828700,"[1,128]",recall_accuracy,0.0,0.0,floor,available,,,true,recall_accuracy,0.0,Recall accuracy,fraction,higher
falandays_direct_v1,falandays_direct_v1__cue_gain,cell_010,"[{""input_gain"":64.0}]","[{""scope"":""interface"",""parameter"":""input_gain"",""value"":64.0}]",cell_010,32,1,144,144,true,mean,64.0,200,200,0,3935,54,43,nothing,nothing,1,8575614502913865459,16705439672251359517,"[2,128]",recall_accuracy,1.0,1.0,ceiling,available,,,true,recall_accuracy,1.0,Recall accuracy,fraction,higher
falandays_direct_v1,falandays_direct_v1__cue_gain,cell_010,"[{""input_gain"":64.0}]","[{""scope"":""interface"",""parameter"":""input_gain"",""value"":64.0}]",cell_010,33,1,144,24,true,mean,64.0,200,200,0,3897,61,42,nothing,nothing,1,14739059881887869130,5559042496469174930,"[1,8]",recall_accuracy,0.0,0.0,floor,available,,,true,recall_accuracy,0.0,Recall accuracy,fraction,higher
falandays_direct_v1,falandays_direct_v1__cue_gain,cell_010,"[{""input_gain"":64.0}]","[{""scope"":""interface"",""parameter"":""input_gain"",""value"":64.0}]",cell_010,34,1,144,24,true,mean,64.0,200,200,0,3944,46,38,nothing,nothing,1,1691347055536277651,11622768072155729540,"[1,8]",recall_accuracy,0.0,0.0,floor,available,,,true,recall_accuracy,0.0,Recall accuracy,fraction,higher
falandays_direct_v1,falandays_direct_v1__cue_gain,cell_010,"[{""input_gain"":64.0}]","[{""scope"":""interface"",""parameter"":""input_gain"",""value"":64.0}]",cell_010,35,1,144,144,true,mean,64.0,200,200,0,3994,65,41,nothing,nothing,1,12238681826103955801,4642113296036802231,"[1,128]",recall_accuracy,0.0,0.0,floor,available,,,true,recall_accuracy,0.0,Recall accuracy,fraction,higher
falandays_direct_v1,falandays_direct_v1__cue_gain,cell_010,"[{""input_gain"":64.0}]","[{""scope"":""interface"",""parameter"":""input_gain"",""value"":64.0}]",cell_010,36,1,144,48,true,mean,64.0,200,200,0,4109,65,32,nothing,nothing,1,13391442460675217735,4759790416418358215,"[2,32]",recall_accuracy,1.0,1.0,ceiling,available,,,true,recall_accuracy,1.0,Recall accuracy,fraction,higher
falandays_direct_v1,falandays_direct_v1__cue_gain,cell_010,"[{""input_gain"":64.0}]","[{""scope"":""interface"",""parameter"":""input_gain"",""value"":64.0}]",cell_010,37,1,144,48,true,mean,64.0,200,200,0,4044,63,41,nothing,nothing,1,16546253964087852877,12221295028980735749,"[1,32]",recall_accuracy,1.0,1.0,ceiling,available,,,true,recall_accuracy,1.0,Recall accuracy,fraction,higher
falandays_direct_v1,falandays_direct_v1__cue_gain,cell_010,"[{""input_gain"":64.0}]","[{""scope"":""interface"",""parameter"":""input_gain"",""value"":64.0}]",cell_010,38,1,144,48,true,mean,64.0,200,200,0,4018,58,41,nothing,nothing,1,16861330826438584791,4307155270124468204,"[2,32]",recall_accuracy,1.0,1.0,ceiling,available,,,true,recall_accuracy,1.0,Recall accuracy,fraction,higher
falandays_direct_v1,falandays_direct_v1__cue_gain,cell_010,"[{""input_gain"":64.0}]","[{""scope"":""interface"",""parameter"":""input_gain"",""value"":64.0}]",cell_010,39,1,144,48,true,mean,64.0,200,200,0,3984,59,43,nothing,nothing,1,5619571513751481896,13772695671122785095,"[2,32]",recall_accuracy,1.0,1.0,ceiling,available,,,true,recall_accuracy,1.0,Recall accuracy,fraction,higher
falandays_direct_v1,falandays_direct_v1__cue_gain,cell_010,"[{""input_gain"":64.0}]","[{""scope"":""interface"",""parameter"":""input_gain"",""value"":64.0}]",cell_010,40,1,144,48,true,mean,64.0,200,200,0,3973,58,48,nothing,nothing,1,4910676185985938041,1827413742199942425,"[2,32]",recall_accuracy,1.0,1.0,ceiling,available,,,true,recall_accuracy,1.0,Recall accuracy,fraction,higher
falandays_direct_v1,falandays_direct_v1__cue_gain,cell_010,"[{""input_gain"":64.0}]","[{""scope"":""interface"",""parameter"":""input_gain"",""value"":64.0}]",cell_010,41,1,144,144,true,mean,64.0,200,200,0,4029,53,49,nothing,nothing,1,6546389962142919961,1780461504424025134,"[2,128]",recall_accuracy,0.0,0.0,floor,available,,,true,recall_accuracy,0.0,Recall accuracy,fraction,higher
falandays_direct_v1,falandays_direct_v1__cue_gain,cell_010,"[{""input_gain"":64.0}]","[{""scope"":""interface"",""parameter"":""input_gain"",""value"":64.0}]",cell_010,42,1,144,24,true,mean,64.0,200,200,0,4035,53,41,nothing,nothing,1,11349448369167888049,8642874451656507712,"[1,8]",recall_accuracy,0.0,0.0,floor,available,,,true,recall_accuracy,0.0,Recall accuracy,fraction,higher
falandays_direct_v1,falandays_direct_v1__cue_gain,cell_010,"[{""input_gain"":64.0}]","[{""scope"":""interface"",""parameter"":""input_gain"",""value"":64.0}]",cell_010,43,1,144,144,true,mean,64.0,200,200,0,4014,56,48,nothing,nothing,1,13845801875421481039,7456934522800937254,"[2,128]",recall_accuracy,1.0,1.0,ceiling,available,,,true,recall_accuracy,1.0,Recall accuracy,fraction,higher
falandays_direct_v1,falandays_direct_v1__cue_gain,cell_010,"[{""input_gain"":64.0}]","[{""scope"":""interface"",""parameter"":""input_gain"",""value"":64.0}]",cell_010,44,1,144,48,true,mean,64.0,200,200,0,3882,76,41,nothing,nothing,1,17637343676182291106,257703088949437611,"[1,32]",recall_accuracy,0.0,0.0,floor,available,,,true,recall_accuracy,0.0,Recall accuracy,fraction,higher
falandays_direct_v1,falandays_direct_v1__cue_gain,cell_010,"[{""input_gain"":64.0}]","[{""scope"":""interface"",""parameter"":""input_gain"",""value"":64.0}]",cell_010,45,1,144,144,true,mean,64.0,200,200,0,4103,60,37,nothing,nothing,1,10695794649270763135,12347181926683009745,"[2,128]",recall_accuracy,1.0,1.0,ceiling,available,,,true,recall_accuracy,1.0,Recall accuracy,fraction,higher
falandays_direct_v1,falandays_direct_v1__cue_gain,cell_010,"[{""input_gain"":64.0}]","[{""scope"":""interface"",""parameter"":""input_gain"",""value"":64.0}]",cell_010,46,1,144,24,true,mean,64.0,200,200,0,3909,67,40,nothing,nothing,1,11945222342811947661,14451551029179234932,"[2,8]",recall_accuracy,0.0,0.0,floor,available,,,true,recall_accuracy,0.0,Recall accuracy,fraction,higher
falandays_direct_v1,falandays_direct_v1__cue_gain,cell_010,"[{""input_gain"":64.0}]","[{""scope"":""interface"",""parameter"":""input_gain"",""value"":64.0}]",cell_010,47,1,144,24,true,mean,64.0,200,200,0,4068,60,39,nothing,nothing,1,11886869482354147328,12823158141346789681,"[1,8]",recall_accuracy,1.0,1.0,ceiling,available,,,true,recall_accuracy,1.0,Recall accuracy,fraction,higher
falandays_direct_v1,falandays_direct_v1__cue_gain,cell_010,"[{""input_gain"":64.0}]","[{""scope"":""interface"",""parameter"":""input_gain"",""value"":64.0}]",cell_010,48,1,144,24,true,mean,64.0,200,200,0,4026,60,51,nothing,nothing,1,2234593526373743716,18048444690023247949,"[1,8]",recall_accuracy,1.0,1.0,ceiling,available,,,true,recall_accuracy,1.0,Recall accuracy,fraction,higher
falandays_direct_v1,falandays_direct_v1__cue_gain,cell_010,"[{""input_gain"":64.0}]","[{""scope"":""interface"",""parameter"":""input_gain"",""value"":64.0}]",cell_010,49,1,144,144,true,mean,64.0,200,200,0,3956,58,42,nothing,nothing,1,13403011621904115811,1248657061175819954,"[1,128]",recall_accuracy,1.0,1.0,ceiling,available,,,true,recall_accuracy,1.0,Recall accuracy,fraction,higher
falandays_direct_v1,falandays_direct_v1__cue_gain,cell_010,"[{""input_gain"":64.0}]","[{""scope"":""interface"",""parameter"":""input_gain"",""value"":64.0}]",cell_010,50,1,144,48,true,mean,64.0,200,200,0,4088,75,34,nothing,nothing,1,17210097905261720925,8342279397843918002,"[1,32]",recall_accuracy,1.0,1.0,ceiling,available,,,true,recall_accuracy,1.0,Recall accuracy,fraction,higher
falandays_direct_v1,falandays_direct_v1__cue_gain,cell_010,"[{""input_gain"":64.0}]","[{""scope"":""interface"",""parameter"":""input_gain"",""value"":64.0}]",cell_010,51,1,144,24,true,mean,64.0,200,200,0,3958,65,48,nothing,nothing,1,454914120579874133,16475816545815083334,"[2,8]",recall_accuracy,1.0,1.0,ceiling,available,,,true,recall_accuracy,1.0,Recall accuracy,fraction,higher
falandays_direct_v1,falandays_direct_v1__cue_gain,cell_010,"[{""input_gain"":64.0}]","[{""scope"":""interface"",""parameter"":""input_gain"",""value"":64.0}]",cell_010,52,1,144,144,true,mean,64.0,200,200,0,3972,47,28,nothing,nothing,1,1438281246603355359,12395589511584612683,"[2,128]",recall_accuracy,1.0,1.0,ceiling,available,,,true,recall_accuracy,1.0,Recall accuracy,fraction,higher
falandays_direct_v1,falandays_direct_v1__cue_gain,cell_010,"[{""input_gain"":64.0}]","[{""scope"":""interface"",""parameter"":""input_gain"",""value"":64.0}]",cell_010,53,1,144,24,true,mean,64.0,200,200,0,4010,60,37,nothing,nothing,1,6241271471225088958,8890533234528554735,"[2,8]",recall_accuracy,1.0,1.0,ceiling,available,,,true,recall_accuracy,1.0,Recall accuracy,fraction,higher
falandays_direct_v1,falandays_direct_v1__cue_gain,cell_010,"[{""input_gain"":64.0}]","[{""scope"":""interface"",""parameter"":""input_gain"",""value"":64.0}]",cell_010,54,1,144,144,true,mean,64.0,200,200,0,3921,65,41,nothing,nothing,1,14335423250921699584,15373284929577107875,"[2,128]",recall_accuracy,0.0,0.0,floor,available,,,true,recall_accuracy,0.0,Recall accuracy,fraction,higher
falandays_direct_v1,falandays_direct_v1__cue_gain,cell_010,"[{""input_gain"":64.0}]","[{""scope"":""interface"",""parameter"":""input_gain"",""value"":64.0}]",cell_010,55,1,144,48,true,mean,64.0,200,200,0,3949,61,43,nothing,nothing,1,6757410026560355548,11815403074947356053,"[1,32]",recall_accuracy,0.0,0.0,floor,available,,,true,recall_accuracy,0.0,Recall accuracy,fraction,higher
falandays_direct_v1,falandays_direct_v1__cue_gain,cell_010,"[{""input_gain"":64.0}]","[{""scope"":""interface"",""parameter"":""input_gain"",""value"":64.0}]",cell_010,56,1,144,144,true,mean,64.0,200,200,0,3986,69,43,nothing,nothing,1,15532406203839688342,13162847327565096646,"[1,128]",recall_accuracy,0.0,0.0,floor,available,,,true,recall_accuracy,0.0,Recall accuracy,fraction,higher
falandays_direct_v1,falandays_direct_v1__cue_gain,cell_010,"[{""input_gain"":64.0}]","[{""scope"":""interface"",""parameter"":""input_gain"",""value"":64.0}]",cell_010,57,1,144,48,true,mean,64.0,200,200,0,4098,69,44,nothing,nothing,1,4681648634298740672,7511054878922844313,"[1,32]",recall_accuracy,1.0,1.0,ceiling,available,,,true,recall_accuracy,1.0,Recall accuracy,fraction,higher
falandays_direct_v1,falandays_direct_v1__cue_gain,cell_010,"[{""input_gain"":64.0}]","[{""scope"":""interface"",""parameter"":""input_gain"",""value"":64.0}]",cell_010,58,1,144,144,true,mean,64.0,200,200,0,3981,57,49,nothing,nothing,1,1580537468734461251,8570678930441301800,"[1,128]",recall_accuracy,0.0,0.0,floor,available,,,true,recall_accuracy,0.0,Recall accuracy,fraction,higher
falandays_direct_v1,falandays_direct_v1__cue_gain,cell_010,"[{""input_gain"":64.0}]","[{""scope"":""interface"",""parameter"":""input_gain"",""value"":64.0}]",cell_010,59,1,144,48,true,mean,64.0,200,200,0,3982,65,36,nothing,nothing,1,2591394955471149440,5426089333597508761,"[2,32]",recall_accuracy,0.0,0.0,floor,available,,,true,recall_accuracy,0.0,Recall accuracy,fraction,higher
falandays_direct_v1,falandays_direct_v1__cue_gain,cell_010,"[{""input_gain"":64.0}]","[{""scope"":""interface"",""parameter"":""input_gain"",""value"":64.0}]",cell_010,60,1,144,48,true,mean,64.0,200,200,0,3878,58,37,nothing,nothing,1,8085342557278006757,5214327403748666619,"[2,32]",recall_accuracy,0.0,0.0,floor,available,,,true,recall_accuracy,0.0,Recall accuracy,fraction,higher
falandays_direct_v1,falandays_direct_v1__cue_gain,cell_010,"[{""input_gain"":64.0}]","[{""scope"":""interface"",""parameter"":""input_gain"",""value"":64.0}]",cell_010,61,1,144,48,true,mean,64.0,200,200,0,3986,62,30,nothing,nothing,1,4172587101430188940,8002679564930726200,"[2,32]",recall_accuracy,1.0,1.0,ceiling,available,,,true,recall_accuracy,1.0,Recall accuracy,fraction,higher
falandays_direct_v1,falandays_direct_v1__cue_gain,cell_010,"[{""input_gain"":64.0}]","[{""scope"":""interface"",""parameter"":""input_gain"",""value"":64.0}]",cell_010,62,1,144,48,true,mean,64.0,200,200,0,4020,60,40,nothing,nothing,1,14794377271049026763,17228052206586944633,"[1,32]",recall_accuracy,1.0,1.0,ceiling,available,,,true,recall_accuracy,1.0,Recall accuracy,fraction,higher
falandays_direct_v1,falandays_direct_v1__cue_gain,cell_010,"[{""input_gain"":64.0}]","[{""scope"":""interface"",""parameter"":""input_gain"",""value"":64.0}]",cell_010,63,1,144,48,true,mean,64.0,200,200,0,4006,68,43,nothing,nothing,1,678527023195682622,2441450863927944530,"[1,32]",recall_accuracy,1.0,1.0,ceiling,available,,,true,recall_accuracy,1.0,Recall accuracy,fraction,higher
falandays_direct_v1,falandays_direct_v1__cue_gain,cell_010,"[{""input_gain"":64.0}]","[{""scope"":""interface"",""parameter"":""input_gain"",""value"":64.0}]",cell_010,64,1,144,24,true,mean,64.0,200,200,0,3985,56,31,nothing,nothing,1,15062871301358266762,10959836952691641193,"[2,8]",recall_accuracy,0.0,0.0,floor,available,,,true,recall_accuracy,0.0,Recall accuracy,fraction,higher
sorn_direct_v1,sorn_direct_v1__cue_gain,cell_001,"[{""input_gain"":0.125}]","[{""scope"":""interface"",""parameter"":""input_gain"",""value"":0.125}]",cell_001,1,1,144,24,true,mean,0.125,200,167,33,12734,24,16,nothing,nothing,1,6988617693606842924,8092595526124825526,"[1,8]",recall_accuracy,0.0,0.0,floor,available,,,true,recall_accuracy,0.0,Recall accuracy,fraction,higher
sorn_direct_v1,sorn_direct_v1__cue_gain,cell_001,"[{""input_gain"":0.125}]","[{""scope"":""interface"",""parameter"":""input_gain"",""value"":0.125}]",cell_001,2,1,144,24,true,mean,0.125,200,167,33,12648,24,16,nothing,nothing,1,12435523913694825622,6701411026981952686,"[1,8]",recall_accuracy,0.0,0.0,floor,available,,,true,recall_accuracy,0.0,Recall accuracy,fraction,higher
sorn_direct_v1,sorn_direct_v1__cue_gain,cell_001,"[{""input_gain"":0.125}]","[{""scope"":""interface"",""parameter"":""input_gain"",""value"":0.125}]",cell_001,3,1,144,48,true,mean,0.125,200,167,33,12719,24,16,nothing,nothing,1,17451932277349772688,9335131981025201213,"[1,32]",recall_accuracy,1.0,1.0,ceiling,available,,,true,recall_accuracy,1.0,Recall accuracy,fraction,higher
sorn_direct_v1,sorn_direct_v1__cue_gain,cell_001,"[{""input_gain"":0.125}]","[{""scope"":""interface"",""parameter"":""input_gain"",""value"":0.125}]",cell_001,4,1,144,24,true,mean,0.125,200,167,33,12650,24,16,nothing,nothing,1,319271688181285881,9699077174267993794,"[1,8]",recall_accuracy,1.0,1.0,ceiling,available,,,true,recall_accuracy,1.0,Recall accuracy,fraction,higher
sorn_direct_v1,sorn_direct_v1__cue_gain,cell_001,"[{""input_gain"":0.125}]","[{""scope"":""interface"",""parameter"":""input_gain"",""value"":0.125}]",cell_001,5,1,144,24,true,mean,0.125,200,167,33,12748,24,16,nothing,nothing,1,5878868660913326862,15316878938203924676,"[1,8]",recall_accuracy,0.0,0.0,floor,available,,,true,recall_accuracy,0.0,Recall accuracy,fraction,higher
sorn_direct_v1,sorn_direct_v1__cue_gain,cell_001,"[{""input_gain"":0.125}]","[{""scope"":""interface"",""parameter"":""input_gain"",""value"":0.125}]",cell_001,6,1,144,144,true,mean,0.125,200,167,33,12718,24,16,nothing,nothing,1,7598746358257686632,17465024622011189119,"[1,128]",recall_accuracy,0.0,0.0,floor,available,,,true,recall_accuracy,0.0,Recall accuracy,fraction,higher
sorn_direct_v1,sorn_direct_v1__cue_gain,cell_001,"[{""input_gain"":0.125}]","[{""scope"":""interface"",""parameter"":""input_gain"",""value"":0.125}]",cell_001,7,1,144,144,true,mean,0.125,200,167,33,12621,24,16,nothing,nothing,1,16150082459129252060,16015605207609979784,"[2,128]",recall_accuracy,0.0,0.0,floor,available,,,true,recall_accuracy,0.0,Recall accuracy,fraction,higher
sorn_direct_v1,sorn_direct_v1__cue_gain,cell_001,"[{""input_gain"":0.125}]","[{""scope"":""interface"",""parameter"":""input_gain"",""value"":0.125}]",cell_001,8,1,144,48,true,mean,0.125,200,167,33,12706,24,16,nothing,nothing,1,13521130701945960369,439802552602527111,"[1,32]",recall_accuracy,1.0,1.0,ceiling,available,,,true,recall_accuracy,1.0,Recall accuracy,fraction,higher
sorn_direct_v1,sorn_direct_v1__cue_gain,cell_001,"[{""input_gain"":0.125}]","[{""scope"":""interface"",""parameter"":""input_gain"",""value"":0.125}]",cell_001,9,1,144,48,true,mean,0.125,200,167,33,12724,24,16,nothing,nothing,1,15901188754871269506,16815393164913437588,"[1,32]",recall_accuracy,0.0,0.0,floor,available,,,true,recall_accuracy,0.0,Recall accuracy,fraction,higher
sorn_direct_v1,sorn_direct_v1__cue_gain,cell_001,"[{""input_gain"":0.125}]","[{""scope"":""interface"",""parameter"":""input_gain"",""value"":0.125}]",cell_001,10,1,144,144,true,mean,0.125,200,167,33,12660,24,16,nothing,nothing,1,16099719485973972417,4643994514494534576,"[1,128]",recall_accuracy,1.0,1.0,ceiling,available,,,true,recall_accuracy,1.0,Recall accuracy,fraction,higher
sorn_direct_v1,sorn_direct_v1__cue_gain,cell_001,"[{""input_gain"":0.125}]","[{""scope"":""interface"",""parameter"":""input_gain"",""value"":0.125}]",cell_001,11,1,144,48,true,mean,0.125,200,167,33,12748,24,16,nothing,nothing,1,4152463356460392659,1264918944922948723,"[2,32]",recall_accuracy,0.0,0.0,floor,available,,,true,recall_accuracy,0.0,Recall accuracy,fraction,higher
sorn_direct_v1,sorn_direct_v1__cue_gain,cell_001,"[{""input_gain"":0.125}]","[{""scope"":""interface"",""parameter"":""input_gain"",""value"":0.125}]",cell_001,12,1,144,144,true,mean,0.125,200,167,33,12716,24,16,nothing,nothing,1,3007338349569202172,3411290568062191086,"[1,128]",recall_accuracy,0.0,0.0,floor,available,,,true,recall_accuracy,0.0,Recall accuracy,fraction,higher
sorn_direct_v1,sorn_direct_v1__cue_gain,cell_001,"[{""input_gain"":0.125}]","[{""scope"":""interface"",""parameter"":""input_gain"",""value"":0.125}]",cell_001,13,1,144,24,true,mean,0.125,200,167,33,12667,24,16,nothing,nothing,1,16319446833847550844,3160238541710195767,"[2,8]",recall_accuracy,1.0,1.0,ceiling,available,,,true,recall_accuracy,1.0,Recall accuracy,fraction,higher
sorn_direct_v1,sorn_direct_v1__cue_gain,cell_001,"[{""input_gain"":0.125}]","[{""scope"":""interface"",""parameter"":""input_gain"",""value"":0.125}]",cell_001,14,1,144,24,true,mean,0.125,200,167,33,12704,24,16,nothing,nothing,1,7818535715892005224,2475738350341787459,"[2,8]",recall_accuracy,0.0,0.0,floor,available,,,true,recall_accuracy,0.0,Recall accuracy,fraction,higher
sorn_direct_v1,sorn_direct_v1__cue_gain,cell_001,"[{""input_gain"":0.125}]","[{""scope"":""interface"",""parameter"":""input_gain"",""value"":0.125}]",cell_001,15,1,144,24,true,mean,0.125,200,167,33,12592,24,16,nothing,nothing,1,161186118638961470,9173535536611603934,"[1,8]",recall_accuracy,0.0,0.0,floor,available,,,true,recall_accuracy,0.0,Recall accuracy,fraction,higher
sorn_direct_v1,sorn_direct_v1__cue_gain,cell_001,"[{""input_gain"":0.125}]","[{""scope"":""interface"",""parameter"":""input_gain"",""value"":0.125}]",cell_001,16,1,144,144,true,mean,0.125,200,167,33,12714,24,16,nothing,nothing,1,4833948335651421745,17882706362734959438,"[1,128]",recall_accuracy,0.0,0.0,floor,available,,,true,recall_accuracy,0.0,Recall accuracy,fraction,higher
sorn_direct_v1,sorn_direct_v1__cue_gain,cell_001,"[{""input_gain"":0.125}]","[{""scope"":""interface"",""parameter"":""input_gain"",""value"":0.125}]",cell_001,17,1,144,48,true,mean,0.125,200,167,33,12700,24,16,nothing,nothing,1,2136891201429020070,10221160784258913491,"[2,32]",recall_accuracy,1.0,1.0,ceiling,available,,,true,recall_accuracy,1.0,Recall accuracy,fraction,higher
sorn_direct_v1,sorn_direct_v1__cue_gain,cell_001,"[{""input_gain"":0.125}]","[{""scope"":""interface"",""parameter"":""input_gain"",""value"":0.125}]",cell_001,18,1,144,48,true,mean,0.125,200,167,33,12673,24,16,nothing,nothing,1,16282497241923092714,12131565372770077396,"[1,32]",recall_accuracy,0.0,0.0,floor,available,,,true,recall_accuracy,0.0,Recall accuracy,fraction,higher
sorn_direct_v1,sorn_direct_v1__cue_gain,cell_001,"[{""input_gain"":0.125}]","[{""scope"":""interface"",""parameter"":""input_gain"",""value"":0.125}]",cell_001,19,1,144,144,true,mean,0.125,200,167,33,12677,24,16,nothing,nothing,1,4518423656513561537,3067316268179985911,"[2,128]",recall_accuracy,0.0,0.0,floor,available,,,true,recall_accuracy,0.0,Recall accuracy,fraction,higher
sorn_direct_v1,sorn_direct_v1__cue_gain,cell_001,"[{""input_gain"":0.125}]","[{""scope"":""interface"",""parameter"":""input_gain"",""value"":0.125}]",cell_001,20,1,144,48,true,mean,0.125,200,167,33,12611,24,16,nothing,nothing,1,13352057661976089239,4367688531973349399,"[1,32]",recall_accuracy,1.0,1.0,ceiling,available,,,true,recall_accuracy,1.0,Recall accuracy,fraction,higher
sorn_direct_v1,sorn_direct_v1__cue_gain,cell_001,"[{""input_gain"":0.125}]","[{""scope"":""interface"",""parameter"":""input_gain"",""value"":0.125}]",cell_001,21,1,144,48,true,mean,0.125,200,167,33,12712,24,16,nothing,nothing,1,11599071264557752026,14850400267946205414,"[2,32]",recall_accuracy,0.0,0.0,floor,available,,,true,recall_accuracy,0.0,Recall accuracy,fraction,higher
sorn_direct_v1,sorn_direct_v1__cue_gain,cell_001,"[{""input_gain"":0.125}]","[{""scope"":""interface"",""parameter"":""input_gain"",""value"":0.125}]",cell_001,22,1,144,144,true,mean,0.125,200,167,33,12754,24,16,nothing,nothing,1,12613220144194623857,1305036494483538562,"[2,128]",recall_accuracy,0.0,0.0,floor,available,,,true,recall_accuracy,0.0,Recall accuracy,fraction,higher
sorn_direct_v1,sorn_direct_v1__cue_gain,cell_001,"[{""input_gain"":0.125}]","[{""scope"":""interface"",""parameter"":""input_gain"",""value"":0.125}]",cell_001,23,1,144,48,true,mean,0.125,200,167,33,12661,24,16,nothing,nothing,1,10676245759590236857,9248486385473542497,"[2,32]",recall_accuracy,0.0,0.0,floor,available,,,true,recall_accuracy,0.0,Recall accuracy,fraction,higher
sorn_direct_v1,sorn_direct_v1__cue_gain,cell_001,"[{""input_gain"":0.125}]","[{""scope"":""interface"",""parameter"":""input_gain"",""value"":0.125}]",cell_001,24,1,144,48,true,mean,0.125,200,167,33,12678,24,16,nothing,nothing,1,13552181972285723367,2365857526890167594,"[1,32]",recall_accuracy,0.0,0.0,floor,available,,,true,recall_accuracy,0.0,Recall accuracy,fraction,higher
sorn_direct_v1,sorn_direct_v1__cue_gain,cell_001,"[{""input_gain"":0.125}]","[{""scope"":""interface"",""parameter"":""input_gain"",""value"":0.125}]",cell_001,25,1,144,144,true,mean,0.125,200,167,33,12687,24,16,nothing,nothing,1,11062734689108447575,13790341136909193717,"[2,128]",recall_accuracy,0.0,0.0,floor,available,,,true,recall_accuracy,0.0,Recall accuracy,fraction,higher
sorn_direct_v1,sorn_direct_v1__cue_gain,cell_001,"[{""input_gain"":0.125}]","[{""scope"":""interface"",""parameter"":""input_gain"",""value"":0.125}]",cell_001,26,1,144,24,true,mean,0.125,200,167,33,12662,24,16,nothing,nothing,1,5305804199067740437,9018541844550905015,"[2,8]",recall_accuracy,0.0,0.0,floor,available,,,true,recall_accuracy,0.0,Recall accuracy,fraction,higher
sorn_direct_v1,sorn_direct_v1__cue_gain,cell_001,"[{""input_gain"":0.125}]","[{""scope"":""interface"",""parameter"":""input_gain"",""value"":0.125}]",cell_001,27,1,144,144,true,mean,0.125,200,167,33,12735,24,16,nothing,nothing,1,1890021112084179423,16000658053978501663,"[1,128]",recall_accuracy,0.0,0.0,floor,available,,,true,recall_accuracy,0.0,Recall accuracy,fraction,higher
sorn_direct_v1,sorn_direct_v1__cue_gain,cell_001,"[{""input_gain"":0.125}]","[{""scope"":""interface"",""parameter"":""input_gain"",""value"":0.125}]",cell_001,28,1,144,48,true,mean,0.125,200,167,33,12726,24,16,nothing,nothing,1,1776018569195849574,7476633210553105177,"[1,32]",recall_accuracy,1.0,1.0,ceiling,available,,,true,recall_accuracy,1.0,Recall accuracy,fraction,higher
sorn_direct_v1,sorn_direct_v1__cue_gain,cell_001,"[{""input_gain"":0.125}]","[{""scope"":""interface"",""parameter"":""input_gain"",""value"":0.125}]",cell_001,29,1,144,48,true,mean,0.125,200,167,33,12686,24,16,nothing,nothing,1,4175005280181533032,5513416892640168739,"[1,32]",recall_accuracy,0.0,0.0,floor,available,,,true,recall_accuracy,0.0,Recall accuracy,fraction,higher
sorn_direct_v1,sorn_direct_v1__cue_gain,cell_001,"[{""input_gain"":0.125}]","[{""scope"":""interface"",""parameter"":""input_gain"",""value"":0.125}]",cell_001,30,1,144,144,true,mean,0.125,200,167,33,12673,24,16,nothing,nothing,1,16710505966255441626,2541231920251608604,"[2,128]",recall_accuracy,0.0,0.0,floor,available,,,true,recall_accuracy,0.0,Recall accuracy,fraction,higher
sorn_direct_v1,sorn_direct_v1__cue_gain,cell_001,"[{""input_gain"":0.125}]","[{""scope"":""interface"",""parameter"":""input_gain"",""value"":0.125}]",cell_001,31,1,144,144,true,mean,0.125,200,167,33,12710,24,16,nothing,nothing,1,11812839796982125077,4041610743621828700,"[1,128]",recall_accuracy,0.0,0.0,floor,available,,,true,recall_accuracy,0.0,Recall accuracy,fraction,higher
sorn_direct_v1,sorn_direct_v1__cue_gain,cell_001,"[{""input_gain"":0.125}]","[{""scope"":""interface"",""parameter"":""input_gain"",""value"":0.125}]",cell_001,32,1,144,144,true,mean,0.125,200,167,33,12691,24,16,nothing,nothing,1,16406453392691124531,16705439672251359517,"[2,128]",recall_accuracy,1.0,1.0,ceiling,available,,,false,recall_accuracy,1.0,Recall accuracy,fraction,higher
sorn_direct_v1,sorn_direct_v1__cue_gain,cell_001,"[{""input_gain"":0.125}]","[{""scope"":""interface"",""parameter"":""input_gain"",""value"":0.125}]",cell_001,33,1,144,24,true,mean,0.125,200,167,33,12744,24,16,nothing,nothing,1,18330378760858546719,5559042496469174930,"[1,8]",recall_accuracy,1.0,1.0,ceiling,available,,,true,recall_accuracy,1.0,Recall accuracy,fraction,higher
sorn_direct_v1,sorn_direct_v1__cue_gain,cell_001,"[{""input_gain"":0.125}]","[{""scope"":""interface"",""parameter"":""input_gain"",""value"":0.125}]",cell_001,34,1,144,24,true,mean,0.125,200,167,33,12672,24,16,nothing,nothing,1,3715723027253993334,11622768072155729540,"[1,8]",recall_accuracy,1.0,1.0,ceiling,available,,,true,recall_accuracy,1.0,Recall accuracy,fraction,higher
sorn_direct_v1,sorn_direct_v1__cue_gain,cell_001,"[{""input_gain"":0.125}]","[{""scope"":""interface"",""parameter"":""input_gain"",""value"":0.125}]",cell_001,35,1,144,144,true,mean,0.125,200,167,33,12706,24,16,nothing,nothing,1,11042637072118289732,4642113296036802231,"[1,128]",recall_accuracy,1.0,1.0,ceiling,available,,,true,recall_accuracy,1.0,Recall accuracy,fraction,higher
sorn_direct_v1,sorn_direct_v1__cue_gain,cell_001,"[{""input_gain"":0.125}]","[{""scope"":""interface"",""parameter"":""input_gain"",""value"":0.125}]",cell_001,36,1,144,48,true,mean,0.125,200,167,33,12699,24,16,nothing,nothing,1,11778778505541887356,4759790416418358215,"[2,32]",recall_accuracy,1.0,1.0,ceiling,available,,,true,recall_accuracy,1.0,Recall accuracy,fraction,higher
sorn_direct_v1,sorn_direct_v1__cue_gain,cell_001,"[{""input_gain"":0.125}]","[{""scope"":""interface"",""parameter"":""input_gain"",""value"":0.125}]",cell_001,37,1,144,48,true,mean,0.125,200,167,33,12758,24,16,nothing,nothing,1,12349919897913586772,12221295028980735749,"[1,32]",recall_accuracy,0.0,0.0,floor,available,,,true,recall_accuracy,0.0,Recall accuracy,fraction,higher
sorn_direct_v1,sorn_direct_v1__cue_gain,cell_001,"[{""input_gain"":0.125}]","[{""scope"":""interface"",""parameter"":""input_gain"",""value"":0.125}]",cell_001,38,1,144,48,true,mean,0.125,200,167,33,12749,24,16,nothing,nothing,1,2094820528389185856,4307155270124468204,"[2,32]",recall_accuracy,1.0,1.0,ceiling,available,,,true,recall_accuracy,1.0,Recall accuracy,fraction,higher
sorn_direct_v1,sorn_direct_v1__cue_gain,cell_001,"[{""input_gain"":0.125}]","[{""scope"":""interface"",""parameter"":""input_gain"",""value"":0.125}]",cell_001,39,1,144,48,true,mean,0.125,200,167,33,12719,24,16,nothing,nothing,1,11467477645810861971,13772695671122785095,"[2,32]",recall_accuracy,1.0,1.0,ceiling,available,,,true,recall_accuracy,1.0,Recall accuracy,fraction,higher
sorn_direct_v1,sorn_direct_v1__cue_gain,cell_001,"[{""input_gain"":0.125}]","[{""scope"":""interface"",""parameter"":""input_gain"",""value"":0.125}]",cell_001,40,1,144,48,true,mean,0.125,200,167,33,12754,24,16,nothing,nothing,1,12067402140558866280,1827413742199942425,"[2,32]",recall_accuracy,0.0,0.0,floor,available,,,true,recall_accuracy,0.0,Recall accuracy,fraction,higher
sorn_direct_v1,sorn_direct_v1__cue_gain,cell_001,"[{""input_gain"":0.125}]","[{""scope"":""interface"",""parameter"":""input_gain"",""value"":0.125}]",cell_001,41,1,144,144,true,mean,0.125,200,167,33,12731,24,16,nothing,nothing,1,132902011912026565,1780461504424025134,"[2,128]",recall_accuracy,0.0,0.0,floor,available,,,true,recall_accuracy,0.0,Recall accuracy,fraction,higher
sorn_direct_v1,sorn_direct_v1__cue_gain,cell_001,"[{""input_gain"":0.125}]","[{""scope"":""interface"",""parameter"":""input_gain"",""value"":0.125}]",cell_001,42,1,144,24,true,mean,0.125,200,167,33,12658,24,16,nothing,nothing,1,2173737366513658484,8642874451656507712,"[1,8]",recall_accuracy,1.0,1.0,ceiling,available,,,true,recall_accuracy,1.0,Recall accuracy,fraction,higher
sorn_direct_v1,sorn_direct_v1__cue_gain,cell_001,"[{""input_gain"":0.125}]","[{""scope"":""interface"",""parameter"":""input_gain"",""value"":0.125}]",cell_001,43,1,144,144,true,mean,0.125,200,167,33,12710,24,16,nothing,nothing,1,5165084541978079275,7456934522800937254,"[2,128]",recall_accuracy,0.0,0.0,floor,available,,,true,recall_accuracy,0.0,Recall accuracy,fraction,higher
sorn_direct_v1,sorn_direct_v1__cue_gain,cell_001,"[{""input_gain"":0.125}]","[{""scope"":""interface"",""parameter"":""input_gain"",""value"":0.125}]",cell_001,44,1,144,48,true,mean,0.125,200,167,33,12637,24,16,nothing,nothing,1,2293836987134817461,257703088949437611,"[1,32]",recall_accuracy,0.0,0.0,floor,available,,,true,recall_accuracy,0.0,Recall accuracy,fraction,higher
sorn_direct_v1,sorn_direct_v1__cue_gain,cell_001,"[{""input_gain"":0.125}]","[{""scope"":""interface"",""parameter"":""input_gain"",""value"":0.125}]",cell_001,45,1,144,144,true,mean,0.125,200,167,33,12699,24,16,nothing,nothing,1,10128965811954267230,12347181926683009745,"[2,128]",recall_accuracy,1.0,1.0,ceiling,available,,,false,recall_accuracy,1.0,Recall accuracy,fraction,higher
sorn_direct_v1,sorn_direct_v1__cue_gain,cell_001,"[{""input_gain"":0.125}]","[{""scope"":""interface"",""parameter"":""input_gain"",""value"":0.125}]",cell_001,46,1,144,24,true,mean,0.125,200,167,33,12643,24,16,nothing,nothing,1,3451281025765506330,14451551029179234932,"[2,8]",recall_accuracy,0.0,0.0,floor,available,,,true,recall_accuracy,0.0,Recall accuracy,fraction,higher
sorn_direct_v1,sorn_direct_v1__cue_gain,cell_001,"[{""input_gain"":0.125}]","[{""scope"":""interface"",""parameter"":""input_gain"",""value"":0.125}]",cell_001,47,1,144,24,true,mean,0.125,200,167,33,12684,24,16,nothing,nothing,1,2294176740472559747,12823158141346789681,"[1,8]",recall_accuracy,0.0,0.0,floor,available,,,true,recall_accuracy,0.0,Recall accuracy,fraction,higher
sorn_direct_v1,sorn_direct_v1__cue_gain,cell_001,"[{""input_gain"":0.125}]","[{""scope"":""interface"",""parameter"":""input_gain"",""value"":0.125}]",cell_001,48,1,144,24,true,mean,0.125,200,167,33,12666,24,16,nothing,nothing,1,9784347037751403833,18048444690023247949,"[1,8]",recall_accuracy,1.0,1.0,ceiling,available,,,true,recall_accuracy,1.0,Recall accuracy,fraction,higher
sorn_direct_v1,sorn_direct_v1__cue_gain,cell_001,"[{""input_gain"":0.125}]","[{""scope"":""interface"",""parameter"":""input_gain"",""value"":0.125}]",cell_001,49,1,144,144,true,mean,0.125,200,167,33,12755,24,16,nothing,nothing,1,6588923318380175359,1248657061175819954,"[1,128]",recall_accuracy,1.0,1.0,ceiling,available,,,true,recall_accuracy,1.0,Recall accuracy,fraction,higher
sorn_direct_v1,sorn_direct_v1__cue_gain,cell_001,"[{""input_gain"":0.125}]","[{""scope"":""interface"",""parameter"":""input_gain"",""value"":0.125}]",cell_001,50,1,144,48,true,mean,0.125,200,167,33,12702,24,16,nothing,nothing,1,15035618909834924299,8342279397843918002,"[1,32]",recall_accuracy,0.0,0.0,floor,available,,,true,recall_accuracy,0.0,Recall accuracy,fraction,higher
sorn_direct_v1,sorn_direct_v1__cue_gain,cell_001,"[{""input_gain"":0.125}]","[{""scope"":""interface"",""parameter"":""input_gain"",""value"":0.125}]",cell_001,51,1,144,24,true,mean,0.125,200,167,33,12632,24,16,nothing,nothing,1,17223717394318311879,16475816545815083334,"[2,8]",recall_accuracy,0.0,0.0,floor,available,,,true,recall_accuracy,0.0,Recall accuracy,fraction,higher
sorn_direct_v1,sorn_direct_v1__cue_gain,cell_001,"[{""input_gain"":0.125}]","[{""scope"":""interface"",""parameter"":""input_gain"",""value"":0.125}]",cell_001,52,1,144,144,true,mean,0.125,200,167,33,12684,24,16,nothing,nothing,1,10129998799575410123,12395589511584612683,"[2,128]",recall_accuracy,0.0,0.0,floor,available,,,true,recall_accuracy,0.0,Recall accuracy,fraction,higher
sorn_direct_v1,sorn_direct_v1__cue_gain,cell_001,"[{""input_gain"":0.125}]","[{""scope"":""interface"",""parameter"":""input_gain"",""value"":0.125}]",cell_001,53,1,144,24,true,mean,0.125,200,167,33,12669,24,16,nothing,nothing,1,9671944610139963057,8890533234528554735,"[2,8]",recall_accuracy,1.0,1.0,ceiling,available,,,true,recall_accuracy,1.0,Recall accuracy,fraction,higher
sorn_direct_v1,sorn_direct_v1__cue_gain,cell_001,"[{""input_gain"":0.125}]","[{""scope"":""interface"",""parameter"":""input_gain"",""value"":0.125}]",cell_001,54,1,144,144,true,mean,0.125,200,167,33,12708,24,16,nothing,nothing,1,1788530956162033851,15373284929577107875,"[2,128]",recall_accuracy,1.0,1.0,ceiling,available,,,true,recall_accuracy,1.0,Recall accuracy,fraction,higher
sorn_direct_v1,sorn_direct_v1__cue_gain,cell_001,"[{""input_gain"":0.125}]","[{""scope"":""interface"",""parameter"":""input_gain"",""value"":0.125}]",cell_001,55,1,144,48,true,mean,0.125,200,167,33,12736,24,16,nothing,nothing,1,5441637634392943237,11815403074947356053,"[1,32]",recall_accuracy,1.0,1.0,ceiling,available,,,true,recall_accuracy,1.0,Recall accuracy,fraction,higher
sorn_direct_v1,sorn_direct_v1__cue_gain,cell_001,"[{""input_gain"":0.125}]","[{""scope"":""interface"",""parameter"":""input_gain"",""value"":0.125}]",cell_001,56,1,144,144,true,mean,0.125,200,167,33,12703,24,16,nothing,nothing,1,14347655445405055375,13162847327565096646,"[1,128]",recall_accuracy,0.0,0.0,floor,available,,,true,recall_accuracy,0.0,Recall accuracy,fraction,higher
sorn_direct_v1,sorn_direct_v1__cue_gain,cell_001,"[{""input_gain"":0.125}]","[{""scope"":""interface"",""parameter"":""input_gain"",""value"":0.125}]",cell_001,57,1,144,48,true,mean,0.125,200,167,33,12712,24,16,nothing,nothing,1,11644824721951697626,7511054878922844313,"[1,32]",recall_accuracy,0.0,0.0,floor,available,,,true,recall_accuracy,0.0,Recall accuracy,fraction,higher
sorn_direct_v1,sorn_direct_v1__cue_gain,cell_001,"[{""input_gain"":0.125}]","[{""scope"":""interface"",""parameter"":""input_gain"",""value"":0.125}]",cell_001,58,1,144,144,true,mean,0.125,200,167,33,12719,24,16,nothing,nothing,1,3614007658241057366,8570678930441301800,"[1,128]",recall_accuracy,1.0,1.0,ceiling,available,,,true,recall_accuracy,1.0,Recall accuracy,fraction,higher
sorn_direct_v1,sorn_direct_v1__cue_gain,cell_001,"[{""input_gain"":0.125}]","[{""scope"":""interface"",""parameter"":""input_gain"",""value"":0.125}]",cell_001,59,1,144,48,true,mean,0.125,200,167,33,12673,24,16,nothing,nothing,1,13936861783564098257,5426089333597508761,"[2,32]",recall_accuracy,1.0,1.0,ceiling,available,,,true,recall_accuracy,1.0,Recall accuracy,fraction,higher
sorn_direct_v1,sorn_direct_v1__cue_gain,cell_001,"[{""input_gain"":0.125}]","[{""scope"":""interface"",""parameter"":""input_gain"",""value"":0.125}]",cell_001,60,1,144,48,true,mean,0.125,200,167,33,12693,24,16,nothing,nothing,1,9527832416359745478,5214327403748666619,"[2,32]",recall_accuracy,0.0,0.0,floor,available,,,true,recall_accuracy,0.0,Recall accuracy,fraction,higher
sorn_direct_v1,sorn_direct_v1__cue_gain,cell_001,"[{""input_gain"":0.125}]","[{""scope"":""interface"",""parameter"":""input_gain"",""value"":0.125}]",cell_001,61,1,144,48,true,mean,0.125,200,167,33,12692,24,16,nothing,nothing,1,10646813720893225970,8002679564930726200,"[2,32]",recall_accuracy,0.0,0.0,floor,available,,,true,recall_accuracy,0.0,Recall accuracy,fraction,higher
sorn_direct_v1,sorn_direct_v1__cue_gain,cell_001,"[{""input_gain"":0.125}]","[{""scope"":""interface"",""parameter"":""input_gain"",""value"":0.125}]",cell_001,62,1,144,48,true,mean,0.125,200,167,33,12708,24,16,nothing,nothing,1,8430310599560062244,17228052206586944633,"[1,32]",recall_accuracy,1.0,1.0,ceiling,available,,,true,recall_accuracy,1.0,Recall accuracy,fraction,higher
sorn_direct_v1,sorn_direct_v1__cue_gain,cell_001,"[{""input_gain"":0.125}]","[{""scope"":""interface"",""parameter"":""input_gain"",""value"":0.125}]",cell_001,63,1,144,48,true,mean,0.125,200,167,33,12669,24,16,nothing,nothing,1,10825196418829806225,2441450863927944530,"[1,32]",recall_accuracy,1.0,1.0,ceiling,available,,,true,recall_accuracy,1.0,Recall accuracy,fraction,higher
sorn_direct_v1,sorn_direct_v1__cue_gain,cell_001,"[{""input_gain"":0.125}]","[{""scope"":""interface"",""parameter"":""input_gain"",""value"":0.125}]",cell_001,64,1,144,24,true,mean,0.125,200,167,33,12696,24,16,nothing,nothing,1,11073688597975590768,10959836952691641193,"[2,8]",recall_accuracy,0.0,0.0,floor,available,,,true,recall_accuracy,0.0,Recall accuracy,fraction,higher
sorn_direct_v1,sorn_direct_v1__cue_gain,cell_002,"[{""input_gain"":0.25}]","[{""scope"":""interface"",""parameter"":""input_gain"",""value"":0.25}]",cell_002,1,1,144,24,true,mean,0.25,200,167,33,12734,24,16,nothing,nothing,1,6988617693606842924,8092595526124825526,"[1,8]",recall_accuracy,0.0,0.0,floor,available,,,true,recall_accuracy,0.0,Recall accuracy,fraction,higher
sorn_direct_v1,sorn_direct_v1__cue_gain,cell_002,"[{""input_gain"":0.25}]","[{""scope"":""interface"",""parameter"":""input_gain"",""value"":0.25}]",cell_002,2,1,144,24,true,mean,0.25,200,167,33,12648,24,16,nothing,nothing,1,12435523913694825622,6701411026981952686,"[1,8]",recall_accuracy,0.0,0.0,floor,available,,,true,recall_accuracy,0.0,Recall accuracy,fraction,higher
sorn_direct_v1,sorn_direct_v1__cue_gain,cell_002,"[{""input_gain"":0.25}]","[{""scope"":""interface"",""parameter"":""input_gain"",""value"":0.25}]",cell_002,3,1,144,48,true,mean,0.25,200,167,33,12719,24,16,nothing,nothing,1,17451932277349772688,9335131981025201213,"[1,32]",recall_accuracy,1.0,1.0,ceiling,available,,,true,recall_accuracy,1.0,Recall accuracy,fraction,higher
sorn_direct_v1,sorn_direct_v1__cue_gain,cell_002,"[{""input_gain"":0.25}]","[{""scope"":""interface"",""parameter"":""input_gain"",""value"":0.25}]",cell_002,4,1,144,24,true,mean,0.25,200,167,33,12650,24,16,nothing,nothing,1,319271688181285881,9699077174267993794,"[1,8]",recall_accuracy,1.0,1.0,ceiling,available,,,true,recall_accuracy,1.0,Recall accuracy,fraction,higher
sorn_direct_v1,sorn_direct_v1__cue_gain,cell_002,"[{""input_gain"":0.25}]","[{""scope"":""interface"",""parameter"":""input_gain"",""value"":0.25}]",cell_002,5,1,144,24,true,mean,0.25,200,167,33,12748,24,16,nothing,nothing,1,5878868660913326862,15316878938203924676,"[1,8]",recall_accuracy,0.0,0.0,floor,available,,,true,recall_accuracy,0.0,Recall accuracy,fraction,higher
sorn_direct_v1,sorn_direct_v1__cue_gain,cell_002,"[{""input_gain"":0.25}]","[{""scope"":""interface"",""parameter"":""input_gain"",""value"":0.25}]",cell_002,6,1,144,144,true,mean,0.25,200,167,33,12718,24,16,nothing,nothing,1,7598746358257686632,17465024622011189119,"[1,128]",recall_accuracy,0.0,0.0,floor,available,,,true,recall_accuracy,0.0,Recall accuracy,fraction,higher
sorn_direct_v1,sorn_direct_v1__cue_gain,cell_002,"[{""input_gain"":0.25}]","[{""scope"":""interface"",""parameter"":""input_gain"",""value"":0.25}]",cell_002,7,1,144,144,true,mean,0.25,200,167,33,12621,24,16,nothing,nothing,1,16150082459129252060,16015605207609979784,"[2,128]",recall_accuracy,0.0,0.0,floor,available,,,true,recall_accuracy,0.0,Recall accuracy,fraction,higher
sorn_direct_v1,sorn_direct_v1__cue_gain,cell_002,"[{""input_gain"":0.25}]","[{""scope"":""interface"",""parameter"":""input_gain"",""value"":0.25}]",cell_002,8,1,144,48,true,mean,0.25,200,167,33,12706,24,16,nothing,nothing,1,13521130701945960369,439802552602527111,"[1,32]",recall_accuracy,0.0,0.0,floor,available,,,true,recall_accuracy,0.0,Recall accuracy,fraction,higher
sorn_direct_v1,sorn_direct_v1__cue_gain,cell_002,"[{""input_gain"":0.25}]","[{""scope"":""interface"",""parameter"":""input_gain"",""value"":0.25}]",cell_002,9,1,144,48,true,mean,0.25,200,167,33,12724,24,16,nothing,nothing,1,15901188754871269506,16815393164913437588,"[1,32]",recall_accuracy,0.0,0.0,floor,available,,,true,recall_accuracy,0.0,Recall accuracy,fraction,higher
sorn_direct_v1,sorn_direct_v1__cue_gain,cell_002,"[{""input_gain"":0.25}]","[{""scope"":""interface"",""parameter"":""input_gain"",""value"":0.25}]",cell_002,10,1,144,144,true,mean,0.25,200,167,33,12660,24,16,nothing,nothing,1,16099719485973972417,4643994514494534576,"[1,128]",recall_accuracy,1.0,1.0,ceiling,available,,,true,recall_accuracy,1.0,Recall accuracy,fraction,higher
sorn_direct_v1,sorn_direct_v1__cue_gain,cell_002,"[{""input_gain"":0.25}]","[{""scope"":""interface"",""parameter"":""input_gain"",""value"":0.25}]",cell_002,11,1,144,48,true,mean,0.25,200,167,33,12748,24,16,nothing,nothing,1,4152463356460392659,1264918944922948723,"[2,32]",recall_accuracy,1.0,1.0,ceiling,available,,,true,recall_accuracy,1.0,Recall accuracy,fraction,higher
sorn_direct_v1,sorn_direct_v1__cue_gain,cell_002,"[{""input_gain"":0.25}]","[{""scope"":""interface"",""parameter"":""input_gain"",""value"":0.25}]",cell_002,12,1,144,144,true,mean,0.25,200,167,33,12716,24,16,nothing,nothing,1,3007338349569202172,3411290568062191086,"[1,128]",recall_accuracy,0.0,0.0,floor,available,,,true,recall_accuracy,0.0,Recall accuracy,fraction,higher
sorn_direct_v1,sorn_direct_v1__cue_gain,cell_002,"[{""input_gain"":0.25}]","[{""scope"":""interface"",""parameter"":""input_gain"",""value"":0.25}]",cell_002,13,1,144,24,true,mean,0.25,200,167,33,12667,24,16,nothing,nothing,1,16319446833847550844,3160238541710195767,"[2,8]",recall_accuracy,1.0,1.0,ceiling,available,,,true,recall_accuracy,1.0,Recall accuracy,fraction,higher
sorn_direct_v1,sorn_direct_v1__cue_gain,cell_002,"[{""input_gain"":0.25}]","[{""scope"":""interface"",""parameter"":""input_gain"",""value"":0.25}]",cell_002,14,1,144,24,true,mean,0.25,200,167,33,12704,24,16,nothing,nothing,1,7818535715892005224,2475738350341787459,"[2,8]",recall_accuracy,0.0,0.0,floor,available,,,true,recall_accuracy,0.0,Recall accuracy,fraction,higher
sorn_direct_v1,sorn_direct_v1__cue_gain,cell_002,"[{""input_gain"":0.25}]","[{""scope"":""interface"",""parameter"":""input_gain"",""value"":0.25}]",cell_002,15,1,144,24,true,mean,0.25,200,167,33,12592,24,16,nothing,nothing,1,161186118638961470,9173535536611603934,"[1,8]",recall_accuracy,0.0,0.0,floor,available,,,true,recall_accuracy,0.0,Recall accuracy,fraction,higher
sorn_direct_v1,sorn_direct_v1__cue_gain,cell_002,"[{""input_gain"":0.25}]","[{""scope"":""interface"",""parameter"":""input_gain"",""value"":0.25}]",cell_002,16,1,144,144,true,mean,0.25,200,167,33,12714,24,16,nothing,nothing,1,4833948335651421745,17882706362734959438,"[1,128]",recall_accuracy,1.0,1.0,ceiling,available,,,true,recall_accuracy,1.0,Recall accuracy,fraction,higher
sorn_direct_v1,sorn_direct_v1__cue_gain,cell_002,"[{""input_gain"":0.25}]","[{""scope"":""interface"",""parameter"":""input_gain"",""value"":0.25}]",cell_002,17,1,144,48,true,mean,0.25,200,167,33,12700,24,16,nothing,nothing,1,2136891201429020070,10221160784258913491,"[2,32]",recall_accuracy,1.0,1.0,ceiling,available,,,true,recall_accuracy,1.0,Recall accuracy,fraction,higher
sorn_direct_v1,sorn_direct_v1__cue_gain,cell_002,"[{""input_gain"":0.25}]","[{""scope"":""interface"",""parameter"":""input_gain"",""value"":0.25}]",cell_002,18,1,144,48,true,mean,0.25,200,167,33,12673,24,16,nothing,nothing,1,16282497241923092714,12131565372770077396,"[1,32]",recall_accuracy,0.0,0.0,floor,available,,,true,recall_accuracy,0.0,Recall accuracy,fraction,higher
sorn_direct_v1,sorn_direct_v1__cue_gain,cell_002,"[{""input_gain"":0.25}]","[{""scope"":""interface"",""parameter"":""input_gain"",""value"":0.25}]",cell_002,19,1,144,144,true,mean,0.25,200,167,33,12677,24,16,nothing,nothing,1,4518423656513561537,3067316268179985911,"[2,128]",recall_accuracy,0.0,0.0,floor,available,,,true,recall_accuracy,0.0,Recall accuracy,fraction,higher
sorn_direct_v1,sorn_direct_v1__cue_gain,cell_002,"[{""input_gain"":0.25}]","[{""scope"":""interface"",""parameter"":""input_gain"",""value"":0.25}]",cell_002,20,1,144,48,true,mean,0.25,200,167,33,12611,24,16,nothing,nothing,1,13352057661976089239,4367688531973349399,"[1,32]",recall_accuracy,1.0,1.0,ceiling,available,,,true,recall_accuracy,1.0,Recall accuracy,fraction,higher
sorn_direct_v1,sorn_direct_v1__cue_gain,cell_002,"[{""input_gain"":0.25}]","[{""scope"":""interface"",""parameter"":""input_gain"",""value"":0.25}]",cell_002,21,1,144,48,true,mean,0.25,200,167,33,12712,24,16,nothing,nothing,1,11599071264557752026,14850400267946205414,"[2,32]",recall_accuracy,1.0,1.0,ceiling,available,,,true,recall_accuracy,1.0,Recall accuracy,fraction,higher
sorn_direct_v1,sorn_direct_v1__cue_gain,cell_002,"[{""input_gain"":0.25}]","[{""scope"":""interface"",""parameter"":""input_gain"",""value"":0.25}]",cell_002,22,1,144,144,true,mean,0.25,200,167,33,12754,24,16,nothing,nothing,1,12613220144194623857,1305036494483538562,"[2,128]",recall_accuracy,1.0,1.0,ceiling,available,,,true,recall_accuracy,1.0,Recall accuracy,fraction,higher
sorn_direct_v1,sorn_direct_v1__cue_gain,cell_002,"[{""input_gain"":0.25}]","[{""scope"":""interface"",""parameter"":""input_gain"",""value"":0.25}]",cell_002,23,1,144,48,true,mean,0.25,200,167,33,12661,24,16,nothing,nothing,1,10676245759590236857,9248486385473542497,"[2,32]",recall_accuracy,0.0,0.0,floor,available,,,true,recall_accuracy,0.0,Recall accuracy,fraction,higher
sorn_direct_v1,sorn_direct_v1__cue_gain,cell_002,"[{""input_gain"":0.25}]","[{""scope"":""interface"",""parameter"":""input_gain"",""value"":0.25}]",cell_002,24,1,144,48,true,mean,0.25,200,167,33,12678,24,16,nothing,nothing,1,13552181972285723367,2365857526890167594,"[1,32]",recall_accuracy,0.0,0.0,floor,available,,,true,recall_accuracy,0.0,Recall accuracy,fraction,higher
sorn_direct_v1,sorn_direct_v1__cue_gain,cell_002,"[{""input_gain"":0.25}]","[{""scope"":""interface"",""parameter"":""input_gain"",""value"":0.25}]",cell_002,25,1,144,144,true,mean,0.25,200,167,33,12687,24,16,nothing,nothing,1,11062734689108447575,13790341136909193717,"[2,128]",recall_accuracy,1.0,1.0,ceiling,available,,,true,recall_accuracy,1.0,Recall accuracy,fraction,higher
sorn_direct_v1,sorn_direct_v1__cue_gain,cell_002,"[{""input_gain"":0.25}]","[{""scope"":""interface"",""parameter"":""input_gain"",""value"":0.25}]",cell_002,26,1,144,24,true,mean,0.25,200,167,33,12662,24,16,nothing,nothing,1,5305804199067740437,9018541844550905015,"[2,8]",recall_accuracy,0.0,0.0,floor,available,,,true,recall_accuracy,0.0,Recall accuracy,fraction,higher
sorn_direct_v1,sorn_direct_v1__cue_gain,cell_002,"[{""input_gain"":0.25}]","[{""scope"":""interface"",""parameter"":""input_gain"",""value"":0.25}]",cell_002,27,1,144,144,true,mean,0.25,200,167,33,12735,24,16,nothing,nothing,1,1890021112084179423,16000658053978501663,"[1,128]",recall_accuracy,0.0,0.0,floor,available,,,true,recall_accuracy,0.0,Recall accuracy,fraction,higher
sorn_direct_v1,sorn_direct_v1__cue_gain,cell_002,"[{""input_gain"":0.25}]","[{""scope"":""interface"",""parameter"":""input_gain"",""value"":0.25}]",cell_002,28,1,144,48,true,mean,0.25,200,167,33,12726,24,16,nothing,nothing,1,1776018569195849574,7476633210553105177,"[1,32]",recall_accuracy,1.0,1.0,ceiling,available,,,true,recall_accuracy,1.0,Recall accuracy,fraction,higher
sorn_direct_v1,sorn_direct_v1__cue_gain,cell_002,"[{""input_gain"":0.25}]","[{""scope"":""interface"",""parameter"":""input_gain"",""value"":0.25}]",cell_002,29,1,144,48,true,mean,0.25,200,167,33,12686,24,16,nothing,nothing,1,4175005280181533032,5513416892640168739,"[1,32]",recall_accuracy,0.0,0.0,floor,available,,,true,recall_accuracy,0.0,Recall accuracy,fraction,higher
sorn_direct_v1,sorn_direct_v1__cue_gain,cell_002,"[{""input_gain"":0.25}]","[{""scope"":""interface"",""parameter"":""input_gain"",""value"":0.25}]",cell_002,30,1,144,144,true,mean,0.25,200,167,33,12673,24,16,nothing,nothing,1,16710505966255441626,2541231920251608604,"[2,128]",recall_accuracy,1.0,1.0,ceiling,available,,,true,recall_accuracy,1.0,Recall accuracy,fraction,higher
sorn_direct_v1,sorn_direct_v1__cue_gain,cell_002,"[{""input_gain"":0.25}]","[{""scope"":""interface"",""parameter"":""input_gain"",""value"":0.25}]",cell_002,31,1,144,144,true,mean,0.25,200,167,33,12710,24,16,nothing,nothing,1,11812839796982125077,4041610743621828700,"[1,128]",recall_accuracy,0.0,0.0,floor,available,,,true,recall_accuracy,0.0,Recall accuracy,fraction,higher
sorn_direct_v1,sorn_direct_v1__cue_gain,cell_002,"[{""input_gain"":0.25}]","[{""scope"":""interface"",""parameter"":""input_gain"",""value"":0.25}]",cell_002,32,1,144,144,true,mean,0.25,200,167,33,12691,24,16,nothing,nothing,1,16406453392691124531,16705439672251359517,"[2,128]",recall_accuracy,0.0,0.0,floor,available,,,true,recall_accuracy,0.0,Recall accuracy,fraction,higher
sorn_direct_v1,sorn_direct_v1__cue_gain,cell_002,"[{""input_gain"":0.25}]","[{""scope"":""interface"",""parameter"":""input_gain"",""value"":0.25}]",cell_002,33,1,144,24,true,mean,0.25,200,167,33,12744,24,16,nothing,nothing,1,18330378760858546719,5559042496469174930,"[1,8]",recall_accuracy,0.0,0.0,floor,available,,,true,recall_accuracy,0.0,Recall accuracy,fraction,higher
sorn_direct_v1,sorn_direct_v1__cue_gain,cell_002,"[{""input_gain"":0.25}]","[{""scope"":""interface"",""parameter"":""input_gain"",""value"":0.25}]",cell_002,34,1,144,24,true,mean,0.25,200,167,33,12672,24,16,nothing,nothing,1,3715723027253993334,11622768072155729540,"[1,8]",recall_accuracy,1.0,1.0,ceiling,available,,,true,recall_accuracy,1.0,Recall accuracy,fraction,higher
sorn_direct_v1,sorn_direct_v1__cue_gain,cell_002,"[{""input_gain"":0.25}]","[{""scope"":""interface"",""parameter"":""input_gain"",""value"":0.25}]",cell_002,35,1,144,144,true,mean,0.25,200,167,33,12706,24,16,nothing,nothing,1,11042637072118289732,4642113296036802231,"[1,128]",recall_accuracy,1.0,1.0,ceiling,available,,,true,recall_accuracy,1.0,Recall accuracy,fraction,higher
sorn_direct_v1,sorn_direct_v1__cue_gain,cell_002,"[{""input_gain"":0.25}]","[{""scope"":""interface"",""parameter"":""input_gain"",""value"":0.25}]",cell_002,36,1,144,48,true,mean,0.25,200,167,33,12699,24,16,nothing,nothing,1,11778778505541887356,4759790416418358215,"[2,32]",recall_accuracy,1.0,1.0,ceiling,available,,,true,recall_accuracy,1.0,Recall accuracy,fraction,higher
sorn_direct_v1,sorn_direct_v1__cue_gain,cell_002,"[{""input_gain"":0.25}]","[{""scope"":""interface"",""parameter"":""input_gain"",""value"":0.25}]",cell_002,37,1,144,48,true,mean,0.25,200,167,33,12758,24,16,nothing,nothing,1,12349919897913586772,12221295028980735749,"[1,32]",recall_accuracy,1.0,1.0,ceiling,available,,,true,recall_accuracy,1.0,Recall accuracy,fraction,higher
sorn_direct_v1,sorn_direct_v1__cue_gain,cell_002,"[{""input_gain"":0.25}]","[{""scope"":""interface"",""parameter"":""input_gain"",""value"":0.25}]",cell_002,38,1,144,48,true,mean,0.25,200,167,33,12749,24,16,nothing,nothing,1,2094820528389185856,4307155270124468204,"[2,32]",recall_accuracy,1.0,1.0,ceiling,available,,,true,recall_accuracy,1.0,Recall accuracy,fraction,higher
sorn_direct_v1,sorn_direct_v1__cue_gain,cell_002,"[{""input_gain"":0.25}]","[{""scope"":""interface"",""parameter"":""input_gain"",""value"":0.25}]",cell_002,39,1,144,48,true,mean,0.25,200,167,33,12719,24,16,nothing,nothing,1,11467477645810861971,13772695671122785095,"[2,32]",recall_accuracy,1.0,1.0,ceiling,available,,,true,recall_accuracy,1.0,Recall accuracy,fraction,higher
sorn_direct_v1,sorn_direct_v1__cue_gain,cell_002,"[{""input_gain"":0.25}]","[{""scope"":""interface"",""parameter"":""input_gain"",""value"":0.25}]",cell_002,40,1,144,48,true,mean,0.25,200,167,33,12754,24,16,nothing,nothing,1,12067402140558866280,1827413742199942425,"[2,32]",recall_accuracy,0.0,0.0,floor,available,,,true,recall_accuracy,0.0,Recall accuracy,fraction,higher
sorn_direct_v1,sorn_direct_v1__cue_gain,cell_002,"[{""input_gain"":0.25}]","[{""scope"":""interface"",""parameter"":""input_gain"",""value"":0.25}]",cell_002,41,1,144,144,true,mean,0.25,200,167,33,12731,24,16,nothing,nothing,1,132902011912026565,1780461504424025134,"[2,128]",recall_accuracy,0.0,0.0,floor,available,,,true,recall_accuracy,0.0,Recall accuracy,fraction,higher
sorn_direct_v1,sorn_direct_v1__cue_gain,cell_002,"[{""input_gain"":0.25}]","[{""scope"":""interface"",""parameter"":""input_gain"",""value"":0.25}]",cell_002,42,1,144,24,true,mean,0.25,200,167,33,12658,24,16,nothing,nothing,1,2173737366513658484,8642874451656507712,"[1,8]",recall_accuracy,1.0,1.0,ceiling,available,,,true,recall_accuracy,1.0,Recall accuracy,fraction,higher
sorn_direct_v1,sorn_direct_v1__cue_gain,cell_002,"[{""input_gain"":0.25}]","[{""scope"":""interface"",""parameter"":""input_gain"",""value"":0.25}]",cell_002,43,1,144,144,true,mean,0.25,200,167,33,12710,24,16,nothing,nothing,1,5165084541978079275,7456934522800937254,"[2,128]",recall_accuracy,0.0,0.0,floor,available,,,true,recall_accuracy,0.0,Recall accuracy,fraction,higher
sorn_direct_v1,sorn_direct_v1__cue_gain,cell_002,"[{""input_gain"":0.25}]","[{""scope"":""interface"",""parameter"":""input_gain"",""value"":0.25}]",cell_002,44,1,144,48,true,mean,0.25,200,167,33,12637,24,16,nothing,nothing,1,2293836987134817461,257703088949437611,"[1,32]",recall_accuracy,0.0,0.0,floor,available,,,true,recall_accuracy,0.0,Recall accuracy,fraction,higher
sorn_direct_v1,sorn_direct_v1__cue_gain,cell_002,"[{""input_gain"":0.25}]","[{""scope"":""interface"",""parameter"":""input_gain"",""value"":0.25}]",cell_002,45,1,144,144,true,mean,0.25,200,167,33,12699,24,16,nothing,nothing,1,10128965811954267230,12347181926683009745,"[2,128]",recall_accuracy,1.0,1.0,ceiling,available,,,true,recall_accuracy,1.0,Recall accuracy,fraction,higher
sorn_direct_v1,sorn_direct_v1__cue_gain,cell_002,"[{""input_gain"":0.25}]","[{""scope"":""interface"",""parameter"":""input_gain"",""value"":0.25}]",cell_002,46,1,144,24,true,mean,0.25,200,167,33,12643,24,16,nothing,nothing,1,3451281025765506330,14451551029179234932,"[2,8]",recall_accuracy,0.0,0.0,floor,available,,,true,recall_accuracy,0.0,Recall accuracy,fraction,higher
sorn_direct_v1,sorn_direct_v1__cue_gain,cell_002,"[{""input_gain"":0.25}]","[{""scope"":""interface"",""parameter"":""input_gain"",""value"":0.25}]",cell_002,47,1,144,24,true,mean,0.25,200,167,33,12684,24,16,nothing,nothing,1,2294176740472559747,12823158141346789681,"[1,8]",recall_accuracy,0.0,0.0,floor,available,,,true,recall_accuracy,0.0,Recall accuracy,fraction,higher
sorn_direct_v1,sorn_direct_v1__cue_gain,cell_002,"[{""input_gain"":0.25}]","[{""scope"":""interface"",""parameter"":""input_gain"",""value"":0.25}]",cell_002,48,1,144,24,true,mean,0.25,200,167,33,12666,24,16,nothing,nothing,1,9784347037751403833,18048444690023247949,"[1,8]",recall_accuracy,1.0,1.0,ceiling,available,,,true,recall_accuracy,1.0,Recall accuracy,fraction,higher
sorn_direct_v1,sorn_direct_v1__cue_gain,cell_002,"[{""input_gain"":0.25}]","[{""scope"":""interface"",""parameter"":""input_gain"",""value"":0.25}]",cell_002,49,1,144,144,true,mean,0.25,200,167,33,12755,24,16,nothing,nothing,1,6588923318380175359,1248657061175819954,"[1,128]",recall_accuracy,0.0,0.0,floor,available,,,true,recall_accuracy,0.0,Recall accuracy,fraction,higher
sorn_direct_v1,sorn_direct_v1__cue_gain,cell_002,"[{""input_gain"":0.25}]","[{""scope"":""interface"",""parameter"":""input_gain"",""value"":0.25}]",cell_002,50,1,144,48,true,mean,0.25,200,167,33,12702,24,16,nothing,nothing,1,15035618909834924299,8342279397843918002,"[1,32]",recall_accuracy,0.0,0.0,floor,available,,,true,recall_accuracy,0.0,Recall accuracy,fraction,higher
sorn_direct_v1,sorn_direct_v1__cue_gain,cell_002,"[{""input_gain"":0.25}]","[{""scope"":""interface"",""parameter"":""input_gain"",""value"":0.25}]",cell_002,51,1,144,24,true,mean,0.25,200,167,33,12632,24,16,nothing,nothing,1,17223717394318311879,16475816545815083334,"[2,8]",recall_accuracy,0.0,0.0,floor,available,,,true,recall_accuracy,0.0,Recall accuracy,fraction,higher
sorn_direct_v1,sorn_direct_v1__cue_gain,cell_002,"[{""input_gain"":0.25}]","[{""scope"":""interface"",""parameter"":""input_gain"",""value"":0.25}]",cell_002,52,1,144,144,true,mean,0.25,200,167,33,12684,24,16,nothing,nothing,1,10129998799575410123,12395589511584612683,"[2,128]",recall_accuracy,0.0,0.0,floor,available,,,true,recall_accuracy,0.0,Recall accuracy,fraction,higher
sorn_direct_v1,sorn_direct_v1__cue_gain,cell_002,"[{""input_gain"":0.25}]","[{""scope"":""interface"",""parameter"":""input_gain"",""value"":0.25}]",cell_002,53,1,144,24,true,mean,0.25,200,167,33,12669,24,16,nothing,nothing,1,9671944610139963057,8890533234528554735,"[2,8]",recall_accuracy,1.0,1.0,ceiling,available,,,true,recall_accuracy,1.0,Recall accuracy,fraction,higher
sorn_direct_v1,sorn_direct_v1__cue_gain,cell_002,"[{""input_gain"":0.25}]","[{""scope"":""interface"",""parameter"":""input_gain"",""value"":0.25}]",cell_002,54,1,144,144,true,mean,0.25,200,167,33,12708,24,16,nothing,nothing,1,1788530956162033851,15373284929577107875,"[2,128]",recall_accuracy,1.0,1.0,ceiling,available,,,true,recall_accuracy,1.0,Recall accuracy,fraction,higher
sorn_direct_v1,sorn_direct_v1__cue_gain,cell_002,"[{""input_gain"":0.25}]","[{""scope"":""interface"",""parameter"":""input_gain"",""value"":0.25}]",cell_002,55,1,144,48,true,mean,0.25,200,167,33,12736,24,16,nothing,nothing,1,5441637634392943237,11815403074947356053,"[1,32]",recall_accuracy,1.0,1.0,ceiling,available,,,true,recall_accuracy,1.0,Recall accuracy,fraction,higher
sorn_direct_v1,sorn_direct_v1__cue_gain,cell_002,"[{""input_gain"":0.25}]","[{""scope"":""interface"",""parameter"":""input_gain"",""value"":0.25}]",cell_002,56,1,144,144,true,mean,0.25,200,167,33,12703,24,16,nothing,nothing,1,14347655445405055375,13162847327565096646,"[1,128]",recall_accuracy,0.0,0.0,floor,available,,,true,recall_accuracy,0.0,Recall accuracy,fraction,higher
sorn_direct_v1,sorn_direct_v1__cue_gain,cell_002,"[{""input_gain"":0.25}]","[{""scope"":""interface"",""parameter"":""input_gain"",""value"":0.25}]",cell_002,57,1,144,48,true,mean,0.25,200,167,33,12712,24,16,nothing,nothing,1,11644824721951697626,7511054878922844313,"[1,32]",recall_accuracy,0.0,0.0,floor,available,,,true,recall_accuracy,0.0,Recall accuracy,fraction,higher
sorn_direct_v1,sorn_direct_v1__cue_gain,cell_002,"[{""input_gain"":0.25}]","[{""scope"":""interface"",""parameter"":""input_gain"",""value"":0.25}]",cell_002,58,1,144,144,true,mean,0.25,200,167,33,12719,24,16,nothing,nothing,1,3614007658241057366,8570678930441301800,"[1,128]",recall_accuracy,1.0,1.0,ceiling,available,,,true,recall_accuracy,1.0,Recall accuracy,fraction,higher
sorn_direct_v1,sorn_direct_v1__cue_gain,cell_002,"[{""input_gain"":0.25}]","[{""scope"":""interface"",""parameter"":""input_gain"",""value"":0.25}]",cell_002,59,1,144,48,true,mean,0.25,200,167,33,12673,24,16,nothing,nothing,1,13936861783564098257,5426089333597508761,"[2,32]",recall_accuracy,0.0,0.0,floor,available,,,true,recall_accuracy,0.0,Recall accuracy,fraction,higher
sorn_direct_v1,sorn_direct_v1__cue_gain,cell_002,"[{""input_gain"":0.25}]","[{""scope"":""interface"",""parameter"":""input_gain"",""value"":0.25}]",cell_002,60,1,144,48,true,mean,0.25,200,167,33,12693,24,16,nothing,nothing,1,9527832416359745478,5214327403748666619,"[2,32]",recall_accuracy,0.0,0.0,floor,available,,,true,recall_accuracy,0.0,Recall accuracy,fraction,higher
sorn_direct_v1,sorn_direct_v1__cue_gain,cell_002,"[{""input_gain"":0.25}]","[{""scope"":""interface"",""parameter"":""input_gain"",""value"":0.25}]",cell_002,61,1,144,48,true,mean,0.25,200,167,33,12692,24,16,nothing,nothing,1,10646813720893225970,8002679564930726200,"[2,32]",recall_accuracy,0.0,0.0,floor,available,,,true,recall_accuracy,0.0,Recall accuracy,fraction,higher
sorn_direct_v1,sorn_direct_v1__cue_gain,cell_002,"[{""input_gain"":0.25}]","[{""scope"":""interface"",""parameter"":""input_gain"",""value"":0.25}]",cell_002,62,1,144,48,true,mean,0.25,200,167,33,12708,24,16,nothing,nothing,1,8430310599560062244,17228052206586944633,"[1,32]",recall_accuracy,1.0,1.0,ceiling,available,,,true,recall_accuracy,1.0,Recall accuracy,fraction,higher
sorn_direct_v1,sorn_direct_v1__cue_gain,cell_002,"[{""input_gain"":0.25}]","[{""scope"":""interface"",""parameter"":""input_gain"",""value"":0.25}]",cell_002,63,1,144,48,true,mean,0.25,200,167,33,12669,24,16,nothing,nothing,1,10825196418829806225,2441450863927944530,"[1,32]",recall_accuracy,1.0,1.0,ceiling,available,,,true,recall_accuracy,1.0,Recall accuracy,fraction,higher
sorn_direct_v1,sorn_direct_v1__cue_gain,cell_002,"[{""input_gain"":0.25}]","[{""scope"":""interface"",""parameter"":""input_gain"",""value"":0.25}]",cell_002,64,1,144,24,true,mean,0.25,200,167,33,12696,24,16,nothing,nothing,1,11073688597975590768,10959836952691641193,"[2,8]",recall_accuracy,0.0,0.0,floor,available,,,true,recall_accuracy,0.0,Recall accuracy,fraction,higher
sorn_direct_v1,sorn_direct_v1__cue_gain,cell_003,"[{""input_gain"":0.5}]","[{""scope"":""interface"",""parameter"":""input_gain"",""value"":0.5}]",cell_003,1,1,144,24,true,mean,0.5,200,167,33,12734,24,16,nothing,nothing,1,6988617693606842924,8092595526124825526,"[1,8]",recall_accuracy,0.0,0.0,floor,available,,,true,recall_accuracy,0.0,Recall accuracy,fraction,higher
sorn_direct_v1,sorn_direct_v1__cue_gain,cell_003,"[{""input_gain"":0.5}]","[{""scope"":""interface"",""parameter"":""input_gain"",""value"":0.5}]",cell_003,2,1,144,24,true,mean,0.5,200,167,33,12648,24,16,nothing,nothing,1,12435523913694825622,6701411026981952686,"[1,8]",recall_accuracy,0.0,0.0,floor,available,,,true,recall_accuracy,0.0,Recall accuracy,fraction,higher
sorn_direct_v1,sorn_direct_v1__cue_gain,cell_003,"[{""input_gain"":0.5}]","[{""scope"":""interface"",""parameter"":""input_gain"",""value"":0.5}]",cell_003,3,1,144,48,true,mean,0.5,200,167,33,12719,24,16,nothing,nothing,1,17451932277349772688,9335131981025201213,"[1,32]",recall_accuracy,1.0,1.0,ceiling,available,,,true,recall_accuracy,1.0,Recall accuracy,fraction,higher
sorn_direct_v1,sorn_direct_v1__cue_gain,cell_003,"[{""input_gain"":0.5}]","[{""scope"":""interface"",""parameter"":""input_gain"",""value"":0.5}]",cell_003,4,1,144,24,true,mean,0.5,200,167,33,12650,24,16,nothing,nothing,1,319271688181285881,9699077174267993794,"[1,8]",recall_accuracy,1.0,1.0,ceiling,available,,,true,recall_accuracy,1.0,Recall accuracy,fraction,higher
sorn_direct_v1,sorn_direct_v1__cue_gain,cell_003,"[{""input_gain"":0.5}]","[{""scope"":""interface"",""parameter"":""input_gain"",""value"":0.5}]",cell_003,5,1,144,24,true,mean,0.5,200,167,33,12748,24,16,nothing,nothing,1,5878868660913326862,15316878938203924676,"[1,8]",recall_accuracy,0.0,0.0,floor,available,,,true,recall_accuracy,0.0,Recall accuracy,fraction,higher
sorn_direct_v1,sorn_direct_v1__cue_gain,cell_003,"[{""input_gain"":0.5}]","[{""scope"":""interface"",""parameter"":""input_gain"",""value"":0.5}]",cell_003,6,1,144,144,true,mean,0.5,200,167,33,12718,24,16,nothing,nothing,1,7598746358257686632,17465024622011189119,"[1,128]",recall_accuracy,0.0,0.0,floor,available,,,true,recall_accuracy,0.0,Recall accuracy,fraction,higher
sorn_direct_v1,sorn_direct_v1__cue_gain,cell_003,"[{""input_gain"":0.5}]","[{""scope"":""interface"",""parameter"":""input_gain"",""value"":0.5}]",cell_003,7,1,144,144,true,mean,0.5,200,167,33,12621,24,16,nothing,nothing,1,16150082459129252060,16015605207609979784,"[2,128]",recall_accuracy,1.0,1.0,ceiling,available,,,true,recall_accuracy,1.0,Recall accuracy,fraction,higher
sorn_direct_v1,sorn_direct_v1__cue_gain,cell_003,"[{""input_gain"":0.5}]","[{""scope"":""interface"",""parameter"":""input_gain"",""value"":0.5}]",cell_003,8,1,144,48,true,mean,0.5,200,167,33,12706,24,16,nothing,nothing,1,13521130701945960369,439802552602527111,"[1,32]",recall_accuracy,0.0,0.0,floor,available,,,true,recall_accuracy,0.0,Recall accuracy,fraction,higher
sorn_direct_v1,sorn_direct_v1__cue_gain,cell_003,"[{""input_gain"":0.5}]","[{""scope"":""interface"",""parameter"":""input_gain"",""value"":0.5}]",cell_003,9,1,144,48,true,mean,0.5,200,167,33,12724,24,16,nothing,nothing,1,15901188754871269506,16815393164913437588,"[1,32]",recall_accuracy,0.0,0.0,floor,available,,,true,recall_accuracy,0.0,Recall accuracy,fraction,higher
sorn_direct_v1,sorn_direct_v1__cue_gain,cell_003,"[{""input_gain"":0.5}]","[{""scope"":""interface"",""parameter"":""input_gain"",""value"":0.5}]",cell_003,10,1,144,144,true,mean,0.5,200,167,33,12660,24,16,nothing,nothing,1,16099719485973972417,4643994514494534576,"[1,128]",recall_accuracy,1.0,1.0,ceiling,available,,,true,recall_accuracy,1.0,Recall accuracy,fraction,higher
sorn_direct_v1,sorn_direct_v1__cue_gain,cell_003,"[{""input_gain"":0.5}]","[{""scope"":""interface"",""parameter"":""input_gain"",""value"":0.5}]",cell_003,11,1,144,48,true,mean,0.5,200,167,33,12748,24,16,nothing,nothing,1,4152463356460392659,1264918944922948723,"[2,32]",recall_accuracy,1.0,1.0,ceiling,available,,,true,recall_accuracy,1.0,Recall accuracy,fraction,higher
sorn_direct_v1,sorn_direct_v1__cue_gain,cell_003,"[{""input_gain"":0.5}]","[{""scope"":""interface"",""parameter"":""input_gain"",""value"":0.5}]",cell_003,12,1,144,144,true,mean,0.5,200,167,33,12716,24,16,nothing,nothing,1,3007338349569202172,3411290568062191086,"[1,128]",recall_accuracy,0.0,0.0,floor,available,,,true,recall_accuracy,0.0,Recall accuracy,fraction,higher
sorn_direct_v1,sorn_direct_v1__cue_gain,cell_003,"[{""input_gain"":0.5}]","[{""scope"":""interface"",""parameter"":""input_gain"",""value"":0.5}]",cell_003,13,1,144,24,true,mean,0.5,200,167,33,12667,24,16,nothing,nothing,1,16319446833847550844,3160238541710195767,"[2,8]",recall_accuracy,1.0,1.0,ceiling,available,,,true,recall_accuracy,1.0,Recall accuracy,fraction,higher
sorn_direct_v1,sorn_direct_v1__cue_gain,cell_003,"[{""input_gain"":0.5}]","[{""scope"":""interface"",""parameter"":""input_gain"",""value"":0.5}]",cell_003,14,1,144,24,true,mean,0.5,200,167,33,12704,24,16,nothing,nothing,1,7818535715892005224,2475738350341787459,"[2,8]",recall_accuracy,0.0,0.0,floor,available,,,true,recall_accuracy,0.0,Recall accuracy,fraction,higher
sorn_direct_v1,sorn_direct_v1__cue_gain,cell_003,"[{""input_gain"":0.5}]","[{""scope"":""interface"",""parameter"":""input_gain"",""value"":0.5}]",cell_003,15,1,144,24,true,mean,0.5,200,167,33,12592,24,16,nothing,nothing,1,161186118638961470,9173535536611603934,"[1,8]",recall_accuracy,0.0,0.0,floor,available,,,true,recall_accuracy,0.0,Recall accuracy,fraction,higher
sorn_direct_v1,sorn_direct_v1__cue_gain,cell_003,"[{""input_gain"":0.5}]","[{""scope"":""interface"",""parameter"":""input_gain"",""value"":0.5}]",cell_003,16,1,144,144,true,mean,0.5,200,167,33,12714,24,16,nothing,nothing,1,4833948335651421745,17882706362734959438,"[1,128]",recall_accuracy,1.0,1.0,ceiling,available,,,true,recall_accuracy,1.0,Recall accuracy,fraction,higher
sorn_direct_v1,sorn_direct_v1__cue_gain,cell_003,"[{""input_gain"":0.5}]","[{""scope"":""interface"",""parameter"":""input_gain"",""value"":0.5}]",cell_003,17,1,144,48,true,mean,0.5,200,167,33,12700,24,16,nothing,nothing,1,2136891201429020070,10221160784258913491,"[2,32]",recall_accuracy,0.0,0.0,floor,available,,,true,recall_accuracy,0.0,Recall accuracy,fraction,higher
sorn_direct_v1,sorn_direct_v1__cue_gain,cell_003,"[{""input_gain"":0.5}]","[{""scope"":""interface"",""parameter"":""input_gain"",""value"":0.5}]",cell_003,18,1,144,48,true,mean,0.5,200,167,33,12673,24,16,nothing,nothing,1,16282497241923092714,12131565372770077396,"[1,32]",recall_accuracy,1.0,1.0,ceiling,available,,,true,recall_accuracy,1.0,Recall accuracy,fraction,higher
sorn_direct_v1,sorn_direct_v1__cue_gain,cell_003,"[{""input_gain"":0.5}]","[{""scope"":""interface"",""parameter"":""input_gain"",""value"":0.5}]",cell_003,19,1,144,144,true,mean,0.5,200,167,33,12677,24,16,nothing,nothing,1,4518423656513561537,3067316268179985911,"[2,128]",recall_accuracy,0.0,0.0,floor,available,,,true,recall_accuracy,0.0,Recall accuracy,fraction,higher
sorn_direct_v1,sorn_direct_v1__cue_gain,cell_003,"[{""input_gain"":0.5}]","[{""scope"":""interface"",""parameter"":""input_gain"",""value"":0.5}]",cell_003,20,1,144,48,true,mean,0.5,200,167,33,12611,24,16,nothing,nothing,1,13352057661976089239,4367688531973349399,"[1,32]",recall_accuracy,1.0,1.0,ceiling,available,,,true,recall_accuracy,1.0,Recall accuracy,fraction,higher
sorn_direct_v1,sorn_direct_v1__cue_gain,cell_003,"[{""input_gain"":0.5}]","[{""scope"":""interface"",""parameter"":""input_gain"",""value"":0.5}]",cell_003,21,1,144,48,true,mean,0.5,200,167,33,12712,24,16,nothing,nothing,1,11599071264557752026,14850400267946205414,"[2,32]",recall_accuracy,0.0,0.0,floor,available,,,true,recall_accuracy,0.0,Recall accuracy,fraction,higher
sorn_direct_v1,sorn_direct_v1__cue_gain,cell_003,"[{""input_gain"":0.5}]","[{""scope"":""interface"",""parameter"":""input_gain"",""value"":0.5}]",cell_003,22,1,144,144,true,mean,0.5,200,167,33,12754,24,16,nothing,nothing,1,12613220144194623857,1305036494483538562,"[2,128]",recall_accuracy,0.0,0.0,floor,available,,,true,recall_accuracy,0.0,Recall accuracy,fraction,higher
sorn_direct_v1,sorn_direct_v1__cue_gain,cell_003,"[{""input_gain"":0.5}]","[{""scope"":""interface"",""parameter"":""input_gain"",""value"":0.5}]",cell_003,23,1,144,48,true,mean,0.5,200,167,33,12661,24,16,nothing,nothing,1,10676245759590236857,9248486385473542497,"[2,32]",recall_accuracy,0.0,0.0,floor,available,,,true,recall_accuracy,0.0,Recall accuracy,fraction,higher
sorn_direct_v1,sorn_direct_v1__cue_gain,cell_003,"[{""input_gain"":0.5}]","[{""scope"":""interface"",""parameter"":""input_gain"",""value"":0.5}]",cell_003,24,1,144,48,true,mean,0.5,200,167,33,12678,24,16,nothing,nothing,1,13552181972285723367,2365857526890167594,"[1,32]",recall_accuracy,0.0,0.0,floor,available,,,true,recall_accuracy,0.0,Recall accuracy,fraction,higher
sorn_direct_v1,sorn_direct_v1__cue_gain,cell_003,"[{""input_gain"":0.5}]","[{""scope"":""interface"",""parameter"":""input_gain"",""value"":0.5}]",cell_003,25,1,144,144,true,mean,0.5,200,167,33,12687,24,16,nothing,nothing,1,11062734689108447575,13790341136909193717,"[2,128]",recall_accuracy,1.0,1.0,ceiling,available,,,true,recall_accuracy,1.0,Recall accuracy,fraction,higher
sorn_direct_v1,sorn_direct_v1__cue_gain,cell_003,"[{""input_gain"":0.5}]","[{""scope"":""interface"",""parameter"":""input_gain"",""value"":0.5}]",cell_003,26,1,144,24,true,mean,0.5,200,167,33,12662,24,16,nothing,nothing,1,5305804199067740437,9018541844550905015,"[2,8]",recall_accuracy,0.0,0.0,floor,available,,,true,recall_accuracy,0.0,Recall accuracy,fraction,higher
sorn_direct_v1,sorn_direct_v1__cue_gain,cell_003,"[{""input_gain"":0.5}]","[{""scope"":""interface"",""parameter"":""input_gain"",""value"":0.5}]",cell_003,27,1,144,144,true,mean,0.5,200,167,33,12735,24,16,nothing,nothing,1,1890021112084179423,16000658053978501663,"[1,128]",recall_accuracy,0.0,0.0,floor,available,,,true,recall_accuracy,0.0,Recall accuracy,fraction,higher
sorn_direct_v1,sorn_direct_v1__cue_gain,cell_003,"[{""input_gain"":0.5}]","[{""scope"":""interface"",""parameter"":""input_gain"",""value"":0.5}]",cell_003,28,1,144,48,true,mean,0.5,200,167,33,12726,24,16,nothing,nothing,1,1776018569195849574,7476633210553105177,"[1,32]",recall_accuracy,0.0,0.0,floor,available,,,true,recall_accuracy,0.0,Recall accuracy,fraction,higher
sorn_direct_v1,sorn_direct_v1__cue_gain,cell_003,"[{""input_gain"":0.5}]","[{""scope"":""interface"",""parameter"":""input_gain"",""value"":0.5}]",cell_003,29,1,144,48,true,mean,0.5,200,167,33,12686,24,16,nothing,nothing,1,4175005280181533032,5513416892640168739,"[1,32]",recall_accuracy,1.0,1.0,ceiling,available,,,true,recall_accuracy,1.0,Recall accuracy,fraction,higher
sorn_direct_v1,sorn_direct_v1__cue_gain,cell_003,"[{""input_gain"":0.5}]","[{""scope"":""interface"",""parameter"":""input_gain"",""value"":0.5}]",cell_003,30,1,144,144,true,mean,0.5,200,167,33,12673,24,16,nothing,nothing,1,16710505966255441626,2541231920251608604,"[2,128]",recall_accuracy,1.0,1.0,ceiling,available,,,true,recall_accuracy,1.0,Recall accuracy,fraction,higher
sorn_direct_v1,sorn_direct_v1__cue_gain,cell_003,"[{""input_gain"":0.5}]","[{""scope"":""interface"",""parameter"":""input_gain"",""value"":0.5}]",cell_003,31,1,144,144,true,mean,0.5,200,167,33,12710,24,16,nothing,nothing,1,11812839796982125077,4041610743621828700,"[1,128]",recall_accuracy,0.0,0.0,floor,available,,,true,recall_accuracy,0.0,Recall accuracy,fraction,higher
sorn_direct_v1,sorn_direct_v1__cue_gain,cell_003,"[{""input_gain"":0.5}]","[{""scope"":""interface"",""parameter"":""input_gain"",""value"":0.5}]",cell_003,32,1,144,144,true,mean,0.5,200,167,33,12691,24,16,nothing,nothing,1,16406453392691124531,16705439672251359517,"[2,128]",recall_accuracy,0.0,0.0,floor,available,,,true,recall_accuracy,0.0,Recall accuracy,fraction,higher
sorn_direct_v1,sorn_direct_v1__cue_gain,cell_003,"[{""input_gain"":0.5}]","[{""scope"":""interface"",""parameter"":""input_gain"",""value"":0.5}]",cell_003,33,1,144,24,true,mean,0.5,200,167,33,12744,24,16,nothing,nothing,1,18330378760858546719,5559042496469174930,"[1,8]",recall_accuracy,0.0,0.0,floor,available,,,true,recall_accuracy,0.0,Recall accuracy,fraction,higher
sorn_direct_v1,sorn_direct_v1__cue_gain,cell_003,"[{""input_gain"":0.5}]","[{""scope"":""interface"",""parameter"":""input_gain"",""value"":0.5}]",cell_003,34,1,144,24,true,mean,0.5,200,167,33,12672,24,16,nothing,nothing,1,3715723027253993334,11622768072155729540,"[1,8]",recall_accuracy,1.0,1.0,ceiling,available,,,true,recall_accuracy,1.0,Recall accuracy,fraction,higher
sorn_direct_v1,sorn_direct_v1__cue_gain,cell_003,"[{""input_gain"":0.5}]","[{""scope"":""interface"",""parameter"":""input_gain"",""value"":0.5}]",cell_003,35,1,144,144,true,mean,0.5,200,167,33,12706,24,16,nothing,nothing,1,11042637072118289732,4642113296036802231,"[1,128]",recall_accuracy,1.0,1.0,ceiling,available,,,true,recall_accuracy,1.0,Recall accuracy,fraction,higher
sorn_direct_v1,sorn_direct_v1__cue_gain,cell_003,"[{""input_gain"":0.5}]","[{""scope"":""interface"",""parameter"":""input_gain"",""value"":0.5}]",cell_003,36,1,144,48,true,mean,0.5,200,167,33,12699,24,16,nothing,nothing,1,11778778505541887356,4759790416418358215,"[2,32]",recall_accuracy,0.0,0.0,floor,available,,,true,recall_accuracy,0.0,Recall accuracy,fraction,higher
sorn_direct_v1,sorn_direct_v1__cue_gain,cell_003,"[{""input_gain"":0.5}]","[{""scope"":""interface"",""parameter"":""input_gain"",""value"":0.5}]",cell_003,37,1,144,48,true,mean,0.5,200,167,33,12758,24,16,nothing,nothing,1,12349919897913586772,12221295028980735749,"[1,32]",recall_accuracy,0.0,0.0,floor,available,,,true,recall_accuracy,0.0,Recall accuracy,fraction,higher
sorn_direct_v1,sorn_direct_v1__cue_gain,cell_003,"[{""input_gain"":0.5}]","[{""scope"":""interface"",""parameter"":""input_gain"",""value"":0.5}]",cell_003,38,1,144,48,true,mean,0.5,200,167,33,12749,24,16,nothing,nothing,1,2094820528389185856,4307155270124468204,"[2,32]",recall_accuracy,1.0,1.0,ceiling,available,,,true,recall_accuracy,1.0,Recall accuracy,fraction,higher
sorn_direct_v1,sorn_direct_v1__cue_gain,cell_003,"[{""input_gain"":0.5}]","[{""scope"":""interface"",""parameter"":""input_gain"",""value"":0.5}]",cell_003,39,1,144,48,true,mean,0.5,200,167,33,12719,24,16,nothing,nothing,1,11467477645810861971,13772695671122785095,"[2,32]",recall_accuracy,1.0,1.0,ceiling,available,,,true,recall_accuracy,1.0,Recall accuracy,fraction,higher
sorn_direct_v1,sorn_direct_v1__cue_gain,cell_003,"[{""input_gain"":0.5}]","[{""scope"":""interface"",""parameter"":""input_gain"",""value"":0.5}]",cell_003,40,1,144,48,true,mean,0.5,200,167,33,12754,24,16,nothing,nothing,1,12067402140558866280,1827413742199942425,"[2,32]",recall_accuracy,0.0,0.0,floor,available,,,true,recall_accuracy,0.0,Recall accuracy,fraction,higher
sorn_direct_v1,sorn_direct_v1__cue_gain,cell_003,"[{""input_gain"":0.5}]","[{""scope"":""interface"",""parameter"":""input_gain"",""value"":0.5}]",cell_003,41,1,144,144,true,mean,0.5,200,167,33,12731,24,16,nothing,nothing,1,132902011912026565,1780461504424025134,"[2,128]",recall_accuracy,0.0,0.0,floor,available,,,true,recall_accuracy,0.0,Recall accuracy,fraction,higher
sorn_direct_v1,sorn_direct_v1__cue_gain,cell_003,"[{""input_gain"":0.5}]","[{""scope"":""interface"",""parameter"":""input_gain"",""value"":0.5}]",cell_003,42,1,144,24,true,mean,0.5,200,167,33,12658,24,16,nothing,nothing,1,2173737366513658484,8642874451656507712,"[1,8]",recall_accuracy,0.0,0.0,floor,available,,,true,recall_accuracy,0.0,Recall accuracy,fraction,higher
sorn_direct_v1,sorn_direct_v1__cue_gain,cell_003,"[{""input_gain"":0.5}]","[{""scope"":""interface"",""parameter"":""input_gain"",""value"":0.5}]",cell_003,43,1,144,144,true,mean,0.5,200,167,33,12710,24,16,nothing,nothing,1,5165084541978079275,7456934522800937254,"[2,128]",recall_accuracy,0.0,0.0,floor,available,,,true,recall_accuracy,0.0,Recall accuracy,fraction,higher
sorn_direct_v1,sorn_direct_v1__cue_gain,cell_003,"[{""input_gain"":0.5}]","[{""scope"":""interface"",""parameter"":""input_gain"",""value"":0.5}]",cell_003,44,1,144,48,true,mean,0.5,200,167,33,12637,24,16,nothing,nothing,1,2293836987134817461,257703088949437611,"[1,32]",recall_accuracy,0.0,0.0,floor,available,,,true,recall_accuracy,0.0,Recall accuracy,fraction,higher
sorn_direct_v1,sorn_direct_v1__cue_gain,cell_003,"[{""input_gain"":0.5}]","[{""scope"":""interface"",""parameter"":""input_gain"",""value"":0.5}]",cell_003,45,1,144,144,true,mean,0.5,200,167,33,12699,24,16,nothing,nothing,1,10128965811954267230,12347181926683009745,"[2,128]",recall_accuracy,1.0,1.0,ceiling,available,,,true,recall_accuracy,1.0,Recall accuracy,fraction,higher
sorn_direct_v1,sorn_direct_v1__cue_gain,cell_003,"[{""input_gain"":0.5}]","[{""scope"":""interface"",""parameter"":""input_gain"",""value"":0.5}]",cell_003,46,1,144,24,true,mean,0.5,200,167,33,12643,24,16,nothing,nothing,1,3451281025765506330,14451551029179234932,"[2,8]",recall_accuracy,0.0,0.0,floor,available,,,true,recall_accuracy,0.0,Recall accuracy,fraction,higher
sorn_direct_v1,sorn_direct_v1__cue_gain,cell_003,"[{""input_gain"":0.5}]","[{""scope"":""interface"",""parameter"":""input_gain"",""value"":0.5}]",cell_003,47,1,144,24,true,mean,0.5,200,167,33,12684,24,16,nothing,nothing,1,2294176740472559747,12823158141346789681,"[1,8]",recall_accuracy,0.0,0.0,floor,available,,,true,recall_accuracy,0.0,Recall accuracy,fraction,higher
sorn_direct_v1,sorn_direct_v1__cue_gain,cell_003,"[{""input_gain"":0.5}]","[{""scope"":""interface"",""parameter"":""input_gain"",""value"":0.5}]",cell_003,48,1,144,24,true,mean,0.5,200,167,33,12666,24,16,nothing,nothing,1,9784347037751403833,18048444690023247949,"[1,8]",recall_accuracy,1.0,1.0,ceiling,available,,,true,recall_accuracy,1.0,Recall accuracy,fraction,higher
sorn_direct_v1,sorn_direct_v1__cue_gain,cell_003,"[{""input_gain"":0.5}]","[{""scope"":""interface"",""parameter"":""input_gain"",""value"":0.5}]",cell_003,49,1,144,144,true,mean,0.5,200,167,33,12755,24,16,nothing,nothing,1,6588923318380175359,1248657061175819954,"[1,128]",recall_accuracy,0.0,0.0,floor,available,,,true,recall_accuracy,0.0,Recall accuracy,fraction,higher
sorn_direct_v1,sorn_direct_v1__cue_gain,cell_003,"[{""input_gain"":0.5}]","[{""scope"":""interface"",""parameter"":""input_gain"",""value"":0.5}]",cell_003,50,1,144,48,true,mean,0.5,200,167,33,12702,24,16,nothing,nothing,1,15035618909834924299,8342279397843918002,"[1,32]",recall_accuracy,0.0,0.0,floor,available,,,true,recall_accuracy,0.0,Recall accuracy,fraction,higher
sorn_direct_v1,sorn_direct_v1__cue_gain,cell_003,"[{""input_gain"":0.5}]","[{""scope"":""interface"",""parameter"":""input_gain"",""value"":0.5}]",cell_003,51,1,144,24,true,mean,0.5,200,167,33,12632,24,16,nothing,nothing,1,17223717394318311879,16475816545815083334,"[2,8]",recall_accuracy,0.0,0.0,floor,available,,,true,recall_accuracy,0.0,Recall accuracy,fraction,higher
sorn_direct_v1,sorn_direct_v1__cue_gain,cell_003,"[{""input_gain"":0.5}]","[{""scope"":""interface"",""parameter"":""input_gain"",""value"":0.5}]",cell_003,52,1,144,144,true,mean,0.5,200,167,33,12684,24,16,nothing,nothing,1,10129998799575410123,12395589511584612683,"[2,128]",recall_accuracy,0.0,0.0,floor,available,,,true,recall_accuracy,0.0,Recall accuracy,fraction,higher
sorn_direct_v1,sorn_direct_v1__cue_gain,cell_003,"[{""input_gain"":0.5}]","[{""scope"":""interface"",""parameter"":""input_gain"",""value"":0.5}]",cell_003,53,1,144,24,true,mean,0.5,200,167,33,12669,24,16,nothing,nothing,1,9671944610139963057,8890533234528554735,"[2,8]",recall_accuracy,1.0,1.0,ceiling,available,,,true,recall_accuracy,1.0,Recall accuracy,fraction,higher
sorn_direct_v1,sorn_direct_v1__cue_gain,cell_003,"[{""input_gain"":0.5}]","[{""scope"":""interface"",""parameter"":""input_gain"",""value"":0.5}]",cell_003,54,1,144,144,true,mean,0.5,200,167,33,12708,24,16,nothing,nothing,1,1788530956162033851,15373284929577107875,"[2,128]",recall_accuracy,1.0,1.0,ceiling,available,,,true,recall_accuracy,1.0,Recall accuracy,fraction,higher
sorn_direct_v1,sorn_direct_v1__cue_gain,cell_003,"[{""input_gain"":0.5}]","[{""scope"":""interface"",""parameter"":""input_gain"",""value"":0.5}]",cell_003,55,1,144,48,true,mean,0.5,200,167,33,12736,24,16,nothing,nothing,1,5441637634392943237,11815403074947356053,"[1,32]",recall_accuracy,1.0,1.0,ceiling,available,,,true,recall_accuracy,1.0,Recall accuracy,fraction,higher
sorn_direct_v1,sorn_direct_v1__cue_gain,cell_003,"[{""input_gain"":0.5}]","[{""scope"":""interface"",""parameter"":""input_gain"",""value"":0.5}]",cell_003,56,1,144,144,true,mean,0.5,200,167,33,12703,24,16,nothing,nothing,1,14347655445405055375,13162847327565096646,"[1,128]",recall_accuracy,0.0,0.0,floor,available,,,true,recall_accuracy,0.0,Recall accuracy,fraction,higher
sorn_direct_v1,sorn_direct_v1__cue_gain,cell_003,"[{""input_gain"":0.5}]","[{""scope"":""interface"",""parameter"":""input_gain"",""value"":0.5}]",cell_003,57,1,144,48,true,mean,0.5,200,167,33,12712,24,16,nothing,nothing,1,11644824721951697626,7511054878922844313,"[1,32]",recall_accuracy,0.0,0.0,floor,available,,,true,recall_accuracy,0.0,Recall accuracy,fraction,higher
sorn_direct_v1,sorn_direct_v1__cue_gain,cell_003,"[{""input_gain"":0.5}]","[{""scope"":""interface"",""parameter"":""input_gain"",""value"":0.5}]",cell_003,58,1,144,144,true,mean,0.5,200,167,33,12719,24,16,nothing,nothing,1,3614007658241057366,8570678930441301800,"[1,128]",recall_accuracy,0.0,0.0,floor,available,,,true,recall_accuracy,0.0,Recall accuracy,fraction,higher
sorn_direct_v1,sorn_direct_v1__cue_gain,cell_003,"[{""input_gain"":0.5}]","[{""scope"":""interface"",""parameter"":""input_gain"",""value"":0.5}]",cell_003,59,1,144,48,true,mean,0.5,200,167,33,12673,24,16,nothing,nothing,1,13936861783564098257,5426089333597508761,"[2,32]",recall_accuracy,1.0,1.0,ceiling,available,,,true,recall_accuracy,1.0,Recall accuracy,fraction,higher
sorn_direct_v1,sorn_direct_v1__cue_gain,cell_003,"[{""input_gain"":0.5}]","[{""scope"":""interface"",""parameter"":""input_gain"",""value"":0.5}]",cell_003,60,1,144,48,true,mean,0.5,200,167,33,12693,24,16,nothing,nothing,1,9527832416359745478,5214327403748666619,"[2,32]",recall_accuracy,0.0,0.0,floor,available,,,true,recall_accuracy,0.0,Recall accuracy,fraction,higher
sorn_direct_v1,sorn_direct_v1__cue_gain,cell_003,"[{""input_gain"":0.5}]","[{""scope"":""interface"",""parameter"":""input_gain"",""value"":0.5}]",cell_003,61,1,144,48,true,mean,0.5,200,167,33,12692,24,16,nothing,nothing,1,10646813720893225970,8002679564930726200,"[2,32]",recall_accuracy,0.0,0.0,floor,available,,,true,recall_accuracy,0.0,Recall accuracy,fraction,higher
sorn_direct_v1,sorn_direct_v1__cue_gain,cell_003,"[{""input_gain"":0.5}]","[{""scope"":""interface"",""parameter"":""input_gain"",""value"":0.5}]",cell_003,62,1,144,48,true,mean,0.5,200,167,33,12708,24,16,nothing,nothing,1,8430310599560062244,17228052206586944633,"[1,32]",recall_accuracy,1.0,1.0,ceiling,available,,,true,recall_accuracy,1.0,Recall accuracy,fraction,higher
sorn_direct_v1,sorn_direct_v1__cue_gain,cell_003,"[{""input_gain"":0.5}]","[{""scope"":""interface"",""parameter"":""input_gain"",""value"":0.5}]",cell_003,63,1,144,48,true,mean,0.5,200,167,33,12669,24,16,nothing,nothing,1,10825196418829806225,2441450863927944530,"[1,32]",recall_accuracy,1.0,1.0,ceiling,available,,,true,recall_accuracy,1.0,Recall accuracy,fraction,higher
sorn_direct_v1,sorn_direct_v1__cue_gain,cell_003,"[{""input_gain"":0.5}]","[{""scope"":""interface"",""parameter"":""input_gain"",""value"":0.5}]",cell_003,64,1,144,24,true,mean,0.5,200,167,33,12696,24,16,nothing,nothing,1,11073688597975590768,10959836952691641193,"[2,8]",recall_accuracy,0.0,0.0,floor,available,,,true,recall_accuracy,0.0,Recall accuracy,fraction,higher
sorn_direct_v1,sorn_direct_v1__cue_gain,cell_004,"[{""input_gain"":1.0}]","[{""scope"":""interface"",""parameter"":""input_gain"",""value"":1.0}]",cell_004,1,1,144,24,true,mean,1.0,200,167,33,12734,24,16,nothing,nothing,1,6988617693606842924,8092595526124825526,"[1,8]",recall_accuracy,0.0,0.0,floor,available,,,true,recall_accuracy,0.0,Recall accuracy,fraction,higher
sorn_direct_v1,sorn_direct_v1__cue_gain,cell_004,"[{""input_gain"":1.0}]","[{""scope"":""interface"",""parameter"":""input_gain"",""value"":1.0}]",cell_004,2,1,144,24,true,mean,1.0,200,167,33,12648,24,16,nothing,nothing,1,12435523913694825622,6701411026981952686,"[1,8]",recall_accuracy,0.0,0.0,floor,available,,,true,recall_accuracy,0.0,Recall accuracy,fraction,higher
sorn_direct_v1,sorn_direct_v1__cue_gain,cell_004,"[{""input_gain"":1.0}]","[{""scope"":""interface"",""parameter"":""input_gain"",""value"":1.0}]",cell_004,3,1,144,48,true,mean,1.0,200,167,33,12719,24,16,nothing,nothing,1,17451932277349772688,9335131981025201213,"[1,32]",recall_accuracy,1.0,1.0,ceiling,available,,,true,recall_accuracy,1.0,Recall accuracy,fraction,higher
sorn_direct_v1,sorn_direct_v1__cue_gain,cell_004,"[{""input_gain"":1.0}]","[{""scope"":""interface"",""parameter"":""input_gain"",""value"":1.0}]",cell_004,4,1,144,24,true,mean,1.0,200,167,33,12650,24,16,nothing,nothing,1,319271688181285881,9699077174267993794,"[1,8]",recall_accuracy,1.0,1.0,ceiling,available,,,true,recall_accuracy,1.0,Recall accuracy,fraction,higher
sorn_direct_v1,sorn_direct_v1__cue_gain,cell_004,"[{""input_gain"":1.0}]","[{""scope"":""interface"",""parameter"":""input_gain"",""value"":1.0}]",cell_004,5,1,144,24,true,mean,1.0,200,167,33,12748,24,16,nothing,nothing,1,5878868660913326862,15316878938203924676,"[1,8]",recall_accuracy,0.0,0.0,floor,available,,,true,recall_accuracy,0.0,Recall accuracy,fraction,higher
sorn_direct_v1,sorn_direct_v1__cue_gain,cell_004,"[{""input_gain"":1.0}]","[{""scope"":""interface"",""parameter"":""input_gain"",""value"":1.0}]",cell_004,6,1,144,144,true,mean,1.0,200,167,33,12718,24,16,nothing,nothing,1,7598746358257686632,17465024622011189119,"[1,128]",recall_accuracy,0.0,0.0,floor,available,,,true,recall_accuracy,0.0,Recall accuracy,fraction,higher
sorn_direct_v1,sorn_direct_v1__cue_gain,cell_004,"[{""input_gain"":1.0}]","[{""scope"":""interface"",""parameter"":""input_gain"",""value"":1.0}]",cell_004,7,1,144,144,true,mean,1.0,200,167,33,12621,24,16,nothing,nothing,1,16150082459129252060,16015605207609979784,"[2,128]",recall_accuracy,1.0,1.0,ceiling,available,,,true,recall_accuracy,1.0,Recall accuracy,fraction,higher
sorn_direct_v1,sorn_direct_v1__cue_gain,cell_004,"[{""input_gain"":1.0}]","[{""scope"":""interface"",""parameter"":""input_gain"",""value"":1.0}]",cell_004,8,1,144,48,true,mean,1.0,200,167,33,12706,24,16,nothing,nothing,1,13521130701945960369,439802552602527111,"[1,32]",recall_accuracy,1.0,1.0,ceiling,available,,,true,recall_accuracy,1.0,Recall accuracy,fraction,higher
sorn_direct_v1,sorn_direct_v1__cue_gain,cell_004,"[{""input_gain"":1.0}]","[{""scope"":""interface"",""parameter"":""input_gain"",""value"":1.0}]",cell_004,9,1,144,48,true,mean,1.0,200,167,33,12724,24,16,nothing,nothing,1,15901188754871269506,16815393164913437588,"[1,32]",recall_accuracy,0.0,0.0,floor,available,,,true,recall_accuracy,0.0,Recall accuracy,fraction,higher
sorn_direct_v1,sorn_direct_v1__cue_gain,cell_004,"[{""input_gain"":1.0}]","[{""scope"":""interface"",""parameter"":""input_gain"",""value"":1.0}]",cell_004,10,1,144,144,true,mean,1.0,200,167,33,12660,24,16,nothing,nothing,1,16099719485973972417,4643994514494534576,"[1,128]",recall_accuracy,1.0,1.0,ceiling,available,,,true,recall_accuracy,1.0,Recall accuracy,fraction,higher
sorn_direct_v1,sorn_direct_v1__cue_gain,cell_004,"[{""input_gain"":1.0}]","[{""scope"":""interface"",""parameter"":""input_gain"",""value"":1.0}]",cell_004,11,1,144,48,true,mean,1.0,200,167,33,12748,24,16,nothing,nothing,1,4152463356460392659,1264918944922948723,"[2,32]",recall_accuracy,1.0,1.0,ceiling,available,,,true,recall_accuracy,1.0,Recall accuracy,fraction,higher
sorn_direct_v1,sorn_direct_v1__cue_gain,cell_004,"[{""input_gain"":1.0}]","[{""scope"":""interface"",""parameter"":""input_gain"",""value"":1.0}]",cell_004,12,1,144,144,true,mean,1.0,200,167,33,12716,24,16,nothing,nothing,1,3007338349569202172,3411290568062191086,"[1,128]",recall_accuracy,0.0,0.0,floor,available,,,true,recall_accuracy,0.0,Recall accuracy,fraction,higher
sorn_direct_v1,sorn_direct_v1__cue_gain,cell_004,"[{""input_gain"":1.0}]","[{""scope"":""interface"",""parameter"":""input_gain"",""value"":1.0}]",cell_004,13,1,144,24,true,mean,1.0,200,167,33,12667,24,16,nothing,nothing,1,16319446833847550844,3160238541710195767,"[2,8]",recall_accuracy,1.0,1.0,ceiling,available,,,true,recall_accuracy,1.0,Recall accuracy,fraction,higher
sorn_direct_v1,sorn_direct_v1__cue_gain,cell_004,"[{""input_gain"":1.0}]","[{""scope"":""interface"",""parameter"":""input_gain"",""value"":1.0}]",cell_004,14,1,144,24,true,mean,1.0,200,167,33,12704,24,16,nothing,nothing,1,7818535715892005224,2475738350341787459,"[2,8]",recall_accuracy,0.0,0.0,floor,available,,,true,recall_accuracy,0.0,Recall accuracy,fraction,higher
sorn_direct_v1,sorn_direct_v1__cue_gain,cell_004,"[{""input_gain"":1.0}]","[{""scope"":""interface"",""parameter"":""input_gain"",""value"":1.0}]",cell_004,15,1,144,24,true,mean,1.0,200,167,33,12592,24,16,nothing,nothing,1,161186118638961470,9173535536611603934,"[1,8]",recall_accuracy,0.0,0.0,floor,available,,,true,recall_accuracy,0.0,Recall accuracy,fraction,higher
sorn_direct_v1,sorn_direct_v1__cue_gain,cell_004,"[{""input_gain"":1.0}]","[{""scope"":""interface"",""parameter"":""input_gain"",""value"":1.0}]",cell_004,16,1,144,144,true,mean,1.0,200,167,33,12714,24,16,nothing,nothing,1,4833948335651421745,17882706362734959438,"[1,128]",recall_accuracy,1.0,1.0,ceiling,available,,,true,recall_accuracy,1.0,Recall accuracy,fraction,higher
sorn_direct_v1,sorn_direct_v1__cue_gain,cell_004,"[{""input_gain"":1.0}]","[{""scope"":""interface"",""parameter"":""input_gain"",""value"":1.0}]",cell_004,17,1,144,48,true,mean,1.0,200,167,33,12700,24,16,nothing,nothing,1,2136891201429020070,10221160784258913491,"[2,32]",recall_accuracy,1.0,1.0,ceiling,available,,,true,recall_accuracy,1.0,Recall accuracy,fraction,higher
sorn_direct_v1,sorn_direct_v1__cue_gain,cell_004,"[{""input_gain"":1.0}]","[{""scope"":""interface"",""parameter"":""input_gain"",""value"":1.0}]",cell_004,18,1,144,48,true,mean,1.0,200,167,33,12673,24,16,nothing,nothing,1,16282497241923092714,12131565372770077396,"[1,32]",recall_accuracy,1.0,1.0,ceiling,available,,,true,recall_accuracy,1.0,Recall accuracy,fraction,higher
sorn_direct_v1,sorn_direct_v1__cue_gain,cell_004,"[{""input_gain"":1.0}]","[{""scope"":""interface"",""parameter"":""input_gain"",""value"":1.0}]",cell_004,19,1,144,144,true,mean,1.0,200,167,33,12677,24,16,nothing,nothing,1,4518423656513561537,3067316268179985911,"[2,128]",recall_accuracy,0.0,0.0,floor,available,,,true,recall_accuracy,0.0,Recall accuracy,fraction,higher
sorn_direct_v1,sorn_direct_v1__cue_gain,cell_004,"[{""input_gain"":1.0}]","[{""scope"":""interface"",""parameter"":""input_gain"",""value"":1.0}]",cell_004,20,1,144,48,true,mean,1.0,200,167,33,12611,24,16,nothing,nothing,1,13352057661976089239,4367688531973349399,"[1,32]",recall_accuracy,1.0,1.0,ceiling,available,,,true,recall_accuracy,1.0,Recall accuracy,fraction,higher
sorn_direct_v1,sorn_direct_v1__cue_gain,cell_004,"[{""input_gain"":1.0}]","[{""scope"":""interface"",""parameter"":""input_gain"",""value"":1.0}]",cell_004,21,1,144,48,true,mean,1.0,200,167,33,12712,24,16,nothing,nothing,1,11599071264557752026,14850400267946205414,"[2,32]",recall_accuracy,0.0,0.0,floor,available,,,true,recall_accuracy,0.0,Recall accuracy,fraction,higher
sorn_direct_v1,sorn_direct_v1__cue_gain,cell_004,"[{""input_gain"":1.0}]","[{""scope"":""interface"",""parameter"":""input_gain"",""value"":1.0}]",cell_004,22,1,144,144,true,mean,1.0,200,167,33,12754,24,16,nothing,nothing,1,12613220144194623857,1305036494483538562,"[2,128]",recall_accuracy,0.0,0.0,floor,available,,,true,recall_accuracy,0.0,Recall accuracy,fraction,higher
sorn_direct_v1,sorn_direct_v1__cue_gain,cell_004,"[{""input_gain"":1.0}]","[{""scope"":""interface"",""parameter"":""input_gain"",""value"":1.0}]",cell_004,23,1,144,48,true,mean,1.0,200,167,33,12661,24,16,nothing,nothing,1,10676245759590236857,9248486385473542497,"[2,32]",recall_accuracy,0.0,0.0,floor,available,,,true,recall_accuracy,0.0,Recall accuracy,fraction,higher
sorn_direct_v1,sorn_direct_v1__cue_gain,cell_004,"[{""input_gain"":1.0}]","[{""scope"":""interface"",""parameter"":""input_gain"",""value"":1.0}]",cell_004,24,1,144,48,true,mean,1.0,200,167,33,12678,24,16,nothing,nothing,1,13552181972285723367,2365857526890167594,"[1,32]",recall_accuracy,0.0,0.0,floor,available,,,true,recall_accuracy,0.0,Recall accuracy,fraction,higher
sorn_direct_v1,sorn_direct_v1__cue_gain,cell_004,"[{""input_gain"":1.0}]","[{""scope"":""interface"",""parameter"":""input_gain"",""value"":1.0}]",cell_004,25,1,144,144,true,mean,1.0,200,167,33,12687,24,16,nothing,nothing,1,11062734689108447575,13790341136909193717,"[2,128]",recall_accuracy,1.0,1.0,ceiling,available,,,true,recall_accuracy,1.0,Recall accuracy,fraction,higher
sorn_direct_v1,sorn_direct_v1__cue_gain,cell_004,"[{""input_gain"":1.0}]","[{""scope"":""interface"",""parameter"":""input_gain"",""value"":1.0}]",cell_004,26,1,144,24,true,mean,1.0,200,167,33,12662,24,16,nothing,nothing,1,5305804199067740437,9018541844550905015,"[2,8]",recall_accuracy,0.0,0.0,floor,available,,,true,recall_accuracy,0.0,Recall accuracy,fraction,higher
sorn_direct_v1,sorn_direct_v1__cue_gain,cell_004,"[{""input_gain"":1.0}]","[{""scope"":""interface"",""parameter"":""input_gain"",""value"":1.0}]",cell_004,27,1,144,144,true,mean,1.0,200,167,33,12735,24,16,nothing,nothing,1,1890021112084179423,16000658053978501663,"[1,128]",recall_accuracy,0.0,0.0,floor,available,,,true,recall_accuracy,0.0,Recall accuracy,fraction,higher
sorn_direct_v1,sorn_direct_v1__cue_gain,cell_004,"[{""input_gain"":1.0}]","[{""scope"":""interface"",""parameter"":""input_gain"",""value"":1.0}]",cell_004,28,1,144,48,true,mean,1.0,200,167,33,12726,24,16,nothing,nothing,1,1776018569195849574,7476633210553105177,"[1,32]",recall_accuracy,0.0,0.0,floor,available,,,true,recall_accuracy,0.0,Recall accuracy,fraction,higher
sorn_direct_v1,sorn_direct_v1__cue_gain,cell_004,"[{""input_gain"":1.0}]","[{""scope"":""interface"",""parameter"":""input_gain"",""value"":1.0}]",cell_004,29,1,144,48,true,mean,1.0,200,167,33,12686,24,16,nothing,nothing,1,4175005280181533032,5513416892640168739,"[1,32]",recall_accuracy,1.0,1.0,ceiling,available,,,true,recall_accuracy,1.0,Recall accuracy,fraction,higher
sorn_direct_v1,sorn_direct_v1__cue_gain,cell_004,"[{""input_gain"":1.0}]","[{""scope"":""interface"",""parameter"":""input_gain"",""value"":1.0}]",cell_004,30,1,144,144,true,mean,1.0,200,167,33,12673,24,16,nothing,nothing,1,16710505966255441626,2541231920251608604,"[2,128]",recall_accuracy,1.0,1.0,ceiling,available,,,true,recall_accuracy,1.0,Recall accuracy,fraction,higher
sorn_direct_v1,sorn_direct_v1__cue_gain,cell_004,"[{""input_gain"":1.0}]","[{""scope"":""interface"",""parameter"":""input_gain"",""value"":1.0}]",cell_004,31,1,144,144,true,mean,1.0,200,167,33,12710,24,16,nothing,nothing,1,11812839796982125077,4041610743621828700,"[1,128]",recall_accuracy,1.0,1.0,ceiling,available,,,true,recall_accuracy,1.0,Recall accuracy,fraction,higher
sorn_direct_v1,sorn_direct_v1__cue_gain,cell_004,"[{""input_gain"":1.0}]","[{""scope"":""interface"",""parameter"":""input_gain"",""value"":1.0}]",cell_004,32,1,144,144,true,mean,1.0,200,167,33,12691,24,16,nothing,nothing,1,16406453392691124531,16705439672251359517,"[2,128]",recall_accuracy,0.0,0.0,floor,available,,,true,recall_accuracy,0.0,Recall accuracy,fraction,higher
sorn_direct_v1,sorn_direct_v1__cue_gain,cell_004,"[{""input_gain"":1.0}]","[{""scope"":""interface"",""parameter"":""input_gain"",""value"":1.0}]",cell_004,33,1,144,24,true,mean,1.0,200,167,33,12744,24,16,nothing,nothing,1,18330378760858546719,5559042496469174930,"[1,8]",recall_accuracy,0.0,0.0,floor,available,,,true,recall_accuracy,0.0,Recall accuracy,fraction,higher
sorn_direct_v1,sorn_direct_v1__cue_gain,cell_004,"[{""input_gain"":1.0}]","[{""scope"":""interface"",""parameter"":""input_gain"",""value"":1.0}]",cell_004,34,1,144,24,true,mean,1.0,200,167,33,12672,24,16,nothing,nothing,1,3715723027253993334,11622768072155729540,"[1,8]",recall_accuracy,1.0,1.0,ceiling,available,,,true,recall_accuracy,1.0,Recall accuracy,fraction,higher
sorn_direct_v1,sorn_direct_v1__cue_gain,cell_004,"[{""input_gain"":1.0}]","[{""scope"":""interface"",""parameter"":""input_gain"",""value"":1.0}]",cell_004,35,1,144,144,true,mean,1.0,200,167,33,12706,24,16,nothing,nothing,1,11042637072118289732,4642113296036802231,"[1,128]",recall_accuracy,1.0,1.0,ceiling,available,,,true,recall_accuracy,1.0,Recall accuracy,fraction,higher
sorn_direct_v1,sorn_direct_v1__cue_gain,cell_004,"[{""input_gain"":1.0}]","[{""scope"":""interface"",""parameter"":""input_gain"",""value"":1.0}]",cell_004,36,1,144,48,true,mean,1.0,200,167,33,12699,24,16,nothing,nothing,1,11778778505541887356,4759790416418358215,"[2,32]",recall_accuracy,0.0,0.0,floor,available,,,true,recall_accuracy,0.0,Recall accuracy,fraction,higher
sorn_direct_v1,sorn_direct_v1__cue_gain,cell_004,"[{""input_gain"":1.0}]","[{""scope"":""interface"",""parameter"":""input_gain"",""value"":1.0}]",cell_004,37,1,144,48,true,mean,1.0,200,167,33,12758,24,16,nothing,nothing,1,12349919897913586772,12221295028980735749,"[1,32]",recall_accuracy,0.0,0.0,floor,available,,,true,recall_accuracy,0.0,Recall accuracy,fraction,higher
sorn_direct_v1,sorn_direct_v1__cue_gain,cell_004,"[{""input_gain"":1.0}]","[{""scope"":""interface"",""parameter"":""input_gain"",""value"":1.0}]",cell_004,38,1,144,48,true,mean,1.0,200,167,33,12749,24,16,nothing,nothing,1,2094820528389185856,4307155270124468204,"[2,32]",recall_accuracy,1.0,1.0,ceiling,available,,,true,recall_accuracy,1.0,Recall accuracy,fraction,higher
sorn_direct_v1,sorn_direct_v1__cue_gain,cell_004,"[{""input_gain"":1.0}]","[{""scope"":""interface"",""parameter"":""input_gain"",""value"":1.0}]",cell_004,39,1,144,48,true,mean,1.0,200,167,33,12719,24,16,nothing,nothing,1,11467477645810861971,13772695671122785095,"[2,32]",recall_accuracy,1.0,1.0,ceiling,available,,,true,recall_accuracy,1.0,Recall accuracy,fraction,higher
sorn_direct_v1,sorn_direct_v1__cue_gain,cell_004,"[{""input_gain"":1.0}]","[{""scope"":""interface"",""parameter"":""input_gain"",""value"":1.0}]",cell_004,40,1,144,48,true,mean,1.0,200,167,33,12754,24,16,nothing,nothing,1,12067402140558866280,1827413742199942425,"[2,32]",recall_accuracy,0.0,0.0,floor,available,,,true,recall_accuracy,0.0,Recall accuracy,fraction,higher
sorn_direct_v1,sorn_direct_v1__cue_gain,cell_004,"[{""input_gain"":1.0}]","[{""scope"":""interface"",""parameter"":""input_gain"",""value"":1.0}]",cell_004,41,1,144,144,true,mean,1.0,200,167,33,12731,24,16,nothing,nothing,1,132902011912026565,1780461504424025134,"[2,128]",recall_accuracy,0.0,0.0,floor,available,,,true,recall_accuracy,0.0,Recall accuracy,fraction,higher
sorn_direct_v1,sorn_direct_v1__cue_gain,cell_004,"[{""input_gain"":1.0}]","[{""scope"":""interface"",""parameter"":""input_gain"",""value"":1.0}]",cell_004,42,1,144,24,true,mean,1.0,200,167,33,12658,24,16,nothing,nothing,1,2173737366513658484,8642874451656507712,"[1,8]",recall_accuracy,1.0,1.0,ceiling,available,,,true,recall_accuracy,1.0,Recall accuracy,fraction,higher
sorn_direct_v1,sorn_direct_v1__cue_gain,cell_004,"[{""input_gain"":1.0}]","[{""scope"":""interface"",""parameter"":""input_gain"",""value"":1.0}]",cell_004,43,1,144,144,true,mean,1.0,200,167,33,12710,24,16,nothing,nothing,1,5165084541978079275,7456934522800937254,"[2,128]",recall_accuracy,0.0,0.0,floor,available,,,true,recall_accuracy,0.0,Recall accuracy,fraction,higher
sorn_direct_v1,sorn_direct_v1__cue_gain,cell_004,"[{""input_gain"":1.0}]","[{""scope"":""interface"",""parameter"":""input_gain"",""value"":1.0}]",cell_004,44,1,144,48,true,mean,1.0,200,167,33,12637,24,16,nothing,nothing,1,2293836987134817461,257703088949437611,"[1,32]",recall_accuracy,0.0,0.0,floor,available,,,true,recall_accuracy,0.0,Recall accuracy,fraction,higher
sorn_direct_v1,sorn_direct_v1__cue_gain,cell_004,"[{""input_gain"":1.0}]","[{""scope"":""interface"",""parameter"":""input_gain"",""value"":1.0}]",cell_004,45,1,144,144,true,mean,1.0,200,167,33,12699,24,16,nothing,nothing,1,10128965811954267230,12347181926683009745,"[2,128]",recall_accuracy,1.0,1.0,ceiling,available,,,true,recall_accuracy,1.0,Recall accuracy,fraction,higher
sorn_direct_v1,sorn_direct_v1__cue_gain,cell_004,"[{""input_gain"":1.0}]","[{""scope"":""interface"",""parameter"":""input_gain"",""value"":1.0}]",cell_004,46,1,144,24,true,mean,1.0,200,167,33,12643,24,16,nothing,nothing,1,3451281025765506330,14451551029179234932,"[2,8]",recall_accuracy,0.0,0.0,floor,available,,,true,recall_accuracy,0.0,Recall accuracy,fraction,higher
sorn_direct_v1,sorn_direct_v1__cue_gain,cell_004,"[{""input_gain"":1.0}]","[{""scope"":""interface"",""parameter"":""input_gain"",""value"":1.0}]",cell_004,47,1,144,24,true,mean,1.0,200,167,33,12684,24,16,nothing,nothing,1,2294176740472559747,12823158141346789681,"[1,8]",recall_accuracy,0.0,0.0,floor,available,,,true,recall_accuracy,0.0,Recall accuracy,fraction,higher
sorn_direct_v1,sorn_direct_v1__cue_gain,cell_004,"[{""input_gain"":1.0}]","[{""scope"":""interface"",""parameter"":""input_gain"",""value"":1.0}]",cell_004,48,1,144,24,true,mean,1.0,200,167,33,12666,24,16,nothing,nothing,1,9784347037751403833,18048444690023247949,"[1,8]",recall_accuracy,1.0,1.0,ceiling,available,,,true,recall_accuracy,1.0,Recall accuracy,fraction,higher
sorn_direct_v1,sorn_direct_v1__cue_gain,cell_004,"[{""input_gain"":1.0}]","[{""scope"":""interface"",""parameter"":""input_gain"",""value"":1.0}]",cell_004,49,1,144,144,true,mean,1.0,200,167,33,12755,24,16,nothing,nothing,1,6588923318380175359,1248657061175819954,"[1,128]",recall_accuracy,0.0,0.0,floor,available,,,true,recall_accuracy,0.0,Recall accuracy,fraction,higher
sorn_direct_v1,sorn_direct_v1__cue_gain,cell_004,"[{""input_gain"":1.0}]","[{""scope"":""interface"",""parameter"":""input_gain"",""value"":1.0}]",cell_004,50,1,144,48,true,mean,1.0,200,167,33,12702,24,16,nothing,nothing,1,15035618909834924299,8342279397843918002,"[1,32]",recall_accuracy,0.0,0.0,floor,available,,,true,recall_accuracy,0.0,Recall accuracy,fraction,higher
sorn_direct_v1,sorn_direct_v1__cue_gain,cell_004,"[{""input_gain"":1.0}]","[{""scope"":""interface"",""parameter"":""input_gain"",""value"":1.0}]",cell_004,51,1,144,24,true,mean,1.0,200,167,33,12632,24,16,nothing,nothing,1,17223717394318311879,16475816545815083334,"[2,8]",recall_accuracy,0.0,0.0,floor,available,,,true,recall_accuracy,0.0,Recall accuracy,fraction,higher
sorn_direct_v1,sorn_direct_v1__cue_gain,cell_004,"[{""input_gain"":1.0}]","[{""scope"":""interface"",""parameter"":""input_gain"",""value"":1.0}]",cell_004,52,1,144,144,true,mean,1.0,200,167,33,12684,24,16,nothing,nothing,1,10129998799575410123,12395589511584612683,"[2,128]",recall_accuracy,0.0,0.0,floor,available,,,true,recall_accuracy,0.0,Recall accuracy,fraction,higher
sorn_direct_v1,sorn_direct_v1__cue_gain,cell_004,"[{""input_gain"":1.0}]","[{""scope"":""interface"",""parameter"":""input_gain"",""value"":1.0}]",cell_004,53,1,144,24,true,mean,1.0,200,167,33,12669,24,16,nothing,nothing,1,9671944610139963057,8890533234528554735,"[2,8]",recall_accuracy,1.0,1.0,ceiling,available,,,true,recall_accuracy,1.0,Recall accuracy,fraction,higher
sorn_direct_v1,sorn_direct_v1__cue_gain,cell_004,"[{""input_gain"":1.0}]","[{""scope"":""interface"",""parameter"":""input_gain"",""value"":1.0}]",cell_004,54,1,144,144,true,mean,1.0,200,167,33,12708,24,16,nothing,nothing,1,1788530956162033851,15373284929577107875,"[2,128]",recall_accuracy,1.0,1.0,ceiling,available,,,true,recall_accuracy,1.0,Recall accuracy,fraction,higher
sorn_direct_v1,sorn_direct_v1__cue_gain,cell_004,"[{""input_gain"":1.0}]","[{""scope"":""interface"",""parameter"":""input_gain"",""value"":1.0}]",cell_004,55,1,144,48,true,mean,1.0,200,167,33,12736,24,16,nothing,nothing,1,5441637634392943237,11815403074947356053,"[1,32]",recall_accuracy,1.0,1.0,ceiling,available,,,true,recall_accuracy,1.0,Recall accuracy,fraction,higher
sorn_direct_v1,sorn_direct_v1__cue_gain,cell_004,"[{""input_gain"":1.0}]","[{""scope"":""interface"",""parameter"":""input_gain"",""value"":1.0}]",cell_004,56,1,144,144,true,mean,1.0,200,167,33,12703,24,16,nothing,nothing,1,14347655445405055375,13162847327565096646,"[1,128]",recall_accuracy,0.0,0.0,floor,available,,,true,recall_accuracy,0.0,Recall accuracy,fraction,higher
sorn_direct_v1,sorn_direct_v1__cue_gain,cell_004,"[{""input_gain"":1.0}]","[{""scope"":""interface"",""parameter"":""input_gain"",""value"":1.0}]",cell_004,57,1,144,48,true,mean,1.0,200,167,33,12712,24,16,nothing,nothing,1,11644824721951697626,7511054878922844313,"[1,32]",recall_accuracy,0.0,0.0,floor,available,,,true,recall_accuracy,0.0,Recall accuracy,fraction,higher
sorn_direct_v1,sorn_direct_v1__cue_gain,cell_004,"[{""input_gain"":1.0}]","[{""scope"":""interface"",""parameter"":""input_gain"",""value"":1.0}]",cell_004,58,1,144,144,true,mean,1.0,200,167,33,12719,24,16,nothing,nothing,1,3614007658241057366,8570678930441301800,"[1,128]",recall_accuracy,0.0,0.0,floor,available,,,true,recall_accuracy,0.0,Recall accuracy,fraction,higher
sorn_direct_v1,sorn_direct_v1__cue_gain,cell_004,"[{""input_gain"":1.0}]","[{""scope"":""interface"",""parameter"":""input_gain"",""value"":1.0}]",cell_004,59,1,144,48,true,mean,1.0,200,167,33,12673,24,16,nothing,nothing,1,13936861783564098257,5426089333597508761,"[2,32]",recall_accuracy,1.0,1.0,ceiling,available,,,true,recall_accuracy,1.0,Recall accuracy,fraction,higher
sorn_direct_v1,sorn_direct_v1__cue_gain,cell_004,"[{""input_gain"":1.0}]","[{""scope"":""interface"",""parameter"":""input_gain"",""value"":1.0}]",cell_004,60,1,144,48,true,mean,1.0,200,167,33,12693,24,16,nothing,nothing,1,9527832416359745478,5214327403748666619,"[2,32]",recall_accuracy,0.0,0.0,floor,available,,,true,recall_accuracy,0.0,Recall accuracy,fraction,higher
sorn_direct_v1,sorn_direct_v1__cue_gain,cell_004,"[{""input_gain"":1.0}]","[{""scope"":""interface"",""parameter"":""input_gain"",""value"":1.0}]",cell_004,61,1,144,48,true,mean,1.0,200,167,33,12692,24,16,nothing,nothing,1,10646813720893225970,8002679564930726200,"[2,32]",recall_accuracy,0.0,0.0,floor,available,,,true,recall_accuracy,0.0,Recall accuracy,fraction,higher
sorn_direct_v1,sorn_direct_v1__cue_gain,cell_004,"[{""input_gain"":1.0}]","[{""scope"":""interface"",""parameter"":""input_gain"",""value"":1.0}]",cell_004,62,1,144,48,true,mean,1.0,200,167,33,12708,24,16,nothing,nothing,1,8430310599560062244,17228052206586944633,"[1,32]",recall_accuracy,1.0,1.0,ceiling,available,,,true,recall_accuracy,1.0,Recall accuracy,fraction,higher
sorn_direct_v1,sorn_direct_v1__cue_gain,cell_004,"[{""input_gain"":1.0}]","[{""scope"":""interface"",""parameter"":""input_gain"",""value"":1.0}]",cell_004,63,1,144,48,true,mean,1.0,200,167,33,12669,24,16,nothing,nothing,1,10825196418829806225,2441450863927944530,"[1,32]",recall_accuracy,1.0,1.0,ceiling,available,,,true,recall_accuracy,1.0,Recall accuracy,fraction,higher
sorn_direct_v1,sorn_direct_v1__cue_gain,cell_004,"[{""input_gain"":1.0}]","[{""scope"":""interface"",""parameter"":""input_gain"",""value"":1.0}]",cell_004,64,1,144,24,true,mean,1.0,200,167,33,12696,24,16,nothing,nothing,1,11073688597975590768,10959836952691641193,"[2,8]",recall_accuracy,1.0,1.0,ceiling,available,,,true,recall_accuracy,1.0,Recall accuracy,fraction,higher
sorn_direct_v1,sorn_direct_v1__cue_gain,cell_005,"[{""input_gain"":2.0}]","[{""scope"":""interface"",""parameter"":""input_gain"",""value"":2.0}]",cell_005,1,1,144,24,true,mean,2.0,200,167,33,12734,24,16,nothing,nothing,1,6988617693606842924,8092595526124825526,"[1,8]",recall_accuracy,0.0,0.0,floor,available,,,true,recall_accuracy,0.0,Recall accuracy,fraction,higher
sorn_direct_v1,sorn_direct_v1__cue_gain,cell_005,"[{""input_gain"":2.0}]","[{""scope"":""interface"",""parameter"":""input_gain"",""value"":2.0}]",cell_005,2,1,144,24,true,mean,2.0,200,167,33,12648,24,16,nothing,nothing,1,12435523913694825622,6701411026981952686,"[1,8]",recall_accuracy,0.0,0.0,floor,available,,,true,recall_accuracy,0.0,Recall accuracy,fraction,higher
sorn_direct_v1,sorn_direct_v1__cue_gain,cell_005,"[{""input_gain"":2.0}]","[{""scope"":""interface"",""parameter"":""input_gain"",""value"":2.0}]",cell_005,3,1,144,48,true,mean,2.0,200,167,33,12719,24,16,nothing,nothing,1,17451932277349772688,9335131981025201213,"[1,32]",recall_accuracy,1.0,1.0,ceiling,available,,,true,recall_accuracy,1.0,Recall accuracy,fraction,higher
sorn_direct_v1,sorn_direct_v1__cue_gain,cell_005,"[{""input_gain"":2.0}]","[{""scope"":""interface"",""parameter"":""input_gain"",""value"":2.0}]",cell_005,4,1,144,24,true,mean,2.0,200,167,33,12650,24,16,nothing,nothing,1,319271688181285881,9699077174267993794,"[1,8]",recall_accuracy,1.0,1.0,ceiling,available,,,true,recall_accuracy,1.0,Recall accuracy,fraction,higher
sorn_direct_v1,sorn_direct_v1__cue_gain,cell_005,"[{""input_gain"":2.0}]","[{""scope"":""interface"",""parameter"":""input_gain"",""value"":2.0}]",cell_005,5,1,144,24,true,mean,2.0,200,167,33,12748,24,16,nothing,nothing,1,5878868660913326862,15316878938203924676,"[1,8]",recall_accuracy,0.0,0.0,floor,available,,,true,recall_accuracy,0.0,Recall accuracy,fraction,higher
sorn_direct_v1,sorn_direct_v1__cue_gain,cell_005,"[{""input_gain"":2.0}]","[{""scope"":""interface"",""parameter"":""input_gain"",""value"":2.0}]",cell_005,6,1,144,144,true,mean,2.0,200,167,33,12718,24,16,nothing,nothing,1,7598746358257686632,17465024622011189119,"[1,128]",recall_accuracy,0.0,0.0,floor,available,,,true,recall_accuracy,0.0,Recall accuracy,fraction,higher
sorn_direct_v1,sorn_direct_v1__cue_gain,cell_005,"[{""input_gain"":2.0}]","[{""scope"":""interface"",""parameter"":""input_gain"",""value"":2.0}]",cell_005,7,1,144,144,true,mean,2.0,200,167,33,12621,24,16,nothing,nothing,1,16150082459129252060,16015605207609979784,"[2,128]",recall_accuracy,1.0,1.0,ceiling,available,,,true,recall_accuracy,1.0,Recall accuracy,fraction,higher
sorn_direct_v1,sorn_direct_v1__cue_gain,cell_005,"[{""input_gain"":2.0}]","[{""scope"":""interface"",""parameter"":""input_gain"",""value"":2.0}]",cell_005,8,1,144,48,true,mean,2.0,200,167,33,12706,24,16,nothing,nothing,1,13521130701945960369,439802552602527111,"[1,32]",recall_accuracy,1.0,1.0,ceiling,available,,,true,recall_accuracy,1.0,Recall accuracy,fraction,higher
sorn_direct_v1,sorn_direct_v1__cue_gain,cell_005,"[{""input_gain"":2.0}]","[{""scope"":""interface"",""parameter"":""input_gain"",""value"":2.0}]",cell_005,9,1,144,48,true,mean,2.0,200,167,33,12724,24,16,nothing,nothing,1,15901188754871269506,16815393164913437588,"[1,32]",recall_accuracy,0.0,0.0,floor,available,,,true,recall_accuracy,0.0,Recall accuracy,fraction,higher
sorn_direct_v1,sorn_direct_v1__cue_gain,cell_005,"[{""input_gain"":2.0}]","[{""scope"":""interface"",""parameter"":""input_gain"",""value"":2.0}]",cell_005,10,1,144,144,true,mean,2.0,200,167,33,12660,24,16,nothing,nothing,1,16099719485973972417,4643994514494534576,"[1,128]",recall_accuracy,1.0,1.0,ceiling,available,,,true,recall_accuracy,1.0,Recall accuracy,fraction,higher
sorn_direct_v1,sorn_direct_v1__cue_gain,cell_005,"[{""input_gain"":2.0}]","[{""scope"":""interface"",""parameter"":""input_gain"",""value"":2.0}]",cell_005,11,1,144,48,true,mean,2.0,200,167,33,12748,24,16,nothing,nothing,1,4152463356460392659,1264918944922948723,"[2,32]",recall_accuracy,1.0,1.0,ceiling,available,,,true,recall_accuracy,1.0,Recall accuracy,fraction,higher
sorn_direct_v1,sorn_direct_v1__cue_gain,cell_005,"[{""input_gain"":2.0}]","[{""scope"":""interface"",""parameter"":""input_gain"",""value"":2.0}]",cell_005,12,1,144,144,true,mean,2.0,200,167,33,12716,24,16,nothing,nothing,1,3007338349569202172,3411290568062191086,"[1,128]",recall_accuracy,0.0,0.0,floor,available,,,true,recall_accuracy,0.0,Recall accuracy,fraction,higher
sorn_direct_v1,sorn_direct_v1__cue_gain,cell_005,"[{""input_gain"":2.0}]","[{""scope"":""interface"",""parameter"":""input_gain"",""value"":2.0}]",cell_005,13,1,144,24,true,mean,2.0,200,167,33,12667,24,16,nothing,nothing,1,16319446833847550844,3160238541710195767,"[2,8]",recall_accuracy,1.0,1.0,ceiling,available,,,true,recall_accuracy,1.0,Recall accuracy,fraction,higher
sorn_direct_v1,sorn_direct_v1__cue_gain,cell_005,"[{""input_gain"":2.0}]","[{""scope"":""interface"",""parameter"":""input_gain"",""value"":2.0}]",cell_005,14,1,144,24,true,mean,2.0,200,167,33,12704,24,16,nothing,nothing,1,7818535715892005224,2475738350341787459,"[2,8]",recall_accuracy,0.0,0.0,floor,available,,,true,recall_accuracy,0.0,Recall accuracy,fraction,higher
sorn_direct_v1,sorn_direct_v1__cue_gain,cell_005,"[{""input_gain"":2.0}]","[{""scope"":""interface"",""parameter"":""input_gain"",""value"":2.0}]",cell_005,15,1,144,24,true,mean,2.0,200,167,33,12592,24,16,nothing,nothing,1,161186118638961470,9173535536611603934,"[1,8]",recall_accuracy,0.0,0.0,floor,available,,,true,recall_accuracy,0.0,Recall accuracy,fraction,higher
sorn_direct_v1,sorn_direct_v1__cue_gain,cell_005,"[{""input_gain"":2.0}]","[{""scope"":""interface"",""parameter"":""input_gain"",""value"":2.0}]",cell_005,16,1,144,144,true,mean,2.0,200,167,33,12714,24,16,nothing,nothing,1,4833948335651421745,17882706362734959438,"[1,128]",recall_accuracy,1.0,1.0,ceiling,available,,,true,recall_accuracy,1.0,Recall accuracy,fraction,higher
sorn_direct_v1,sorn_direct_v1__cue_gain,cell_005,"[{""input_gain"":2.0}]","[{""scope"":""interface"",""parameter"":""input_gain"",""value"":2.0}]",cell_005,17,1,144,48,true,mean,2.0,200,167,33,12700,24,16,nothing,nothing,1,2136891201429020070,10221160784258913491,"[2,32]",recall_accuracy,1.0,1.0,ceiling,available,,,true,recall_accuracy,1.0,Recall accuracy,fraction,higher
sorn_direct_v1,sorn_direct_v1__cue_gain,cell_005,"[{""input_gain"":2.0}]","[{""scope"":""interface"",""parameter"":""input_gain"",""value"":2.0}]",cell_005,18,1,144,48,true,mean,2.0,200,167,33,12673,24,16,nothing,nothing,1,16282497241923092714,12131565372770077396,"[1,32]",recall_accuracy,1.0,1.0,ceiling,available,,,true,recall_accuracy,1.0,Recall accuracy,fraction,higher
sorn_direct_v1,sorn_direct_v1__cue_gain,cell_005,"[{""input_gain"":2.0}]","[{""scope"":""interface"",""parameter"":""input_gain"",""value"":2.0}]",cell_005,19,1,144,144,true,mean,2.0,200,167,33,12677,24,16,nothing,nothing,1,4518423656513561537,3067316268179985911,"[2,128]",recall_accuracy,0.0,0.0,floor,available,,,true,recall_accuracy,0.0,Recall accuracy,fraction,higher
sorn_direct_v1,sorn_direct_v1__cue_gain,cell_005,"[{""input_gain"":2.0}]","[{""scope"":""interface"",""parameter"":""input_gain"",""value"":2.0}]",cell_005,20,1,144,48,true,mean,2.0,200,167,33,12611,24,16,nothing,nothing,1,13352057661976089239,4367688531973349399,"[1,32]",recall_accuracy,1.0,1.0,ceiling,available,,,true,recall_accuracy,1.0,Recall accuracy,fraction,higher
sorn_direct_v1,sorn_direct_v1__cue_gain,cell_005,"[{""input_gain"":2.0}]","[{""scope"":""interface"",""parameter"":""input_gain"",""value"":2.0}]",cell_005,21,1,144,48,true,mean,2.0,200,167,33,12712,24,16,nothing,nothing,1,11599071264557752026,14850400267946205414,"[2,32]",recall_accuracy,0.0,0.0,floor,available,,,true,recall_accuracy,0.0,Recall accuracy,fraction,higher
sorn_direct_v1,sorn_direct_v1__cue_gain,cell_005,"[{""input_gain"":2.0}]","[{""scope"":""interface"",""parameter"":""input_gain"",""value"":2.0}]",cell_005,22,1,144,144,true,mean,2.0,200,167,33,12754,24,16,nothing,nothing,1,12613220144194623857,1305036494483538562,"[2,128]",recall_accuracy,0.0,0.0,floor,available,,,true,recall_accuracy,0.0,Recall accuracy,fraction,higher
sorn_direct_v1,sorn_direct_v1__cue_gain,cell_005,"[{""input_gain"":2.0}]","[{""scope"":""interface"",""parameter"":""input_gain"",""value"":2.0}]",cell_005,23,1,144,48,true,mean,2.0,200,167,33,12661,24,16,nothing,nothing,1,10676245759590236857,9248486385473542497,"[2,32]",recall_accuracy,0.0,0.0,floor,available,,,true,recall_accuracy,0.0,Recall accuracy,fraction,higher
sorn_direct_v1,sorn_direct_v1__cue_gain,cell_005,"[{""input_gain"":2.0}]","[{""scope"":""interface"",""parameter"":""input_gain"",""value"":2.0}]",cell_005,24,1,144,48,true,mean,2.0,200,167,33,12678,24,16,nothing,nothing,1,13552181972285723367,2365857526890167594,"[1,32]",recall_accuracy,0.0,0.0,floor,available,,,true,recall_accuracy,0.0,Recall accuracy,fraction,higher
sorn_direct_v1,sorn_direct_v1__cue_gain,cell_005,"[{""input_gain"":2.0}]","[{""scope"":""interface"",""parameter"":""input_gain"",""value"":2.0}]",cell_005,25,1,144,144,true,mean,2.0,200,167,33,12687,24,16,nothing,nothing,1,11062734689108447575,13790341136909193717,"[2,128]",recall_accuracy,1.0,1.0,ceiling,available,,,true,recall_accuracy,1.0,Recall accuracy,fraction,higher
sorn_direct_v1,sorn_direct_v1__cue_gain,cell_005,"[{""input_gain"":2.0}]","[{""scope"":""interface"",""parameter"":""input_gain"",""value"":2.0}]",cell_005,26,1,144,24,true,mean,2.0,200,167,33,12662,24,16,nothing,nothing,1,5305804199067740437,9018541844550905015,"[2,8]",recall_accuracy,0.0,0.0,floor,available,,,true,recall_accuracy,0.0,Recall accuracy,fraction,higher
sorn_direct_v1,sorn_direct_v1__cue_gain,cell_005,"[{""input_gain"":2.0}]","[{""scope"":""interface"",""parameter"":""input_gain"",""value"":2.0}]",cell_005,27,1,144,144,true,mean,2.0,200,167,33,12735,24,16,nothing,nothing,1,1890021112084179423,16000658053978501663,"[1,128]",recall_accuracy,0.0,0.0,floor,available,,,true,recall_accuracy,0.0,Recall accuracy,fraction,higher
sorn_direct_v1,sorn_direct_v1__cue_gain,cell_005,"[{""input_gain"":2.0}]","[{""scope"":""interface"",""parameter"":""input_gain"",""value"":2.0}]",cell_005,28,1,144,48,true,mean,2.0,200,167,33,12726,24,16,nothing,nothing,1,1776018569195849574,7476633210553105177,"[1,32]",recall_accuracy,0.0,0.0,floor,available,,,true,recall_accuracy,0.0,Recall accuracy,fraction,higher
sorn_direct_v1,sorn_direct_v1__cue_gain,cell_005,"[{""input_gain"":2.0}]","[{""scope"":""interface"",""parameter"":""input_gain"",""value"":2.0}]",cell_005,29,1,144,48,true,mean,2.0,200,167,33,12686,24,16,nothing,nothing,1,4175005280181533032,5513416892640168739,"[1,32]",recall_accuracy,1.0,1.0,ceiling,available,,,true,recall_accuracy,1.0,Recall accuracy,fraction,higher
sorn_direct_v1,sorn_direct_v1__cue_gain,cell_005,"[{""input_gain"":2.0}]","[{""scope"":""interface"",""parameter"":""input_gain"",""value"":2.0}]",cell_005,30,1,144,144,true,mean,2.0,200,167,33,12673,24,16,nothing,nothing,1,16710505966255441626,2541231920251608604,"[2,128]",recall_accuracy,1.0,1.0,ceiling,available,,,true,recall_accuracy,1.0,Recall accuracy,fraction,higher
sorn_direct_v1,sorn_direct_v1__cue_gain,cell_005,"[{""input_gain"":2.0}]","[{""scope"":""interface"",""parameter"":""input_gain"",""value"":2.0}]",cell_005,31,1,144,144,true,mean,2.0,200,167,33,12710,24,16,nothing,nothing,1,11812839796982125077,4041610743621828700,"[1,128]",recall_accuracy,1.0,1.0,ceiling,available,,,true,recall_accuracy,1.0,Recall accuracy,fraction,higher
sorn_direct_v1,sorn_direct_v1__cue_gain,cell_005,"[{""input_gain"":2.0}]","[{""scope"":""interface"",""parameter"":""input_gain"",""value"":2.0}]",cell_005,32,1,144,144,true,mean,2.0,200,167,33,12691,24,16,nothing,nothing,1,16406453392691124531,16705439672251359517,"[2,128]",recall_accuracy,0.0,0.0,floor,available,,,true,recall_accuracy,0.0,Recall accuracy,fraction,higher
sorn_direct_v1,sorn_direct_v1__cue_gain,cell_005,"[{""input_gain"":2.0}]","[{""scope"":""interface"",""parameter"":""input_gain"",""value"":2.0}]",cell_005,33,1,144,24,true,mean,2.0,200,167,33,12744,24,16,nothing,nothing,1,18330378760858546719,5559042496469174930,"[1,8]",recall_accuracy,0.0,0.0,floor,available,,,true,recall_accuracy,0.0,Recall accuracy,fraction,higher
sorn_direct_v1,sorn_direct_v1__cue_gain,cell_005,"[{""input_gain"":2.0}]","[{""scope"":""interface"",""parameter"":""input_gain"",""value"":2.0}]",cell_005,34,1,144,24,true,mean,2.0,200,167,33,12672,24,16,nothing,nothing,1,3715723027253993334,11622768072155729540,"[1,8]",recall_accuracy,1.0,1.0,ceiling,available,,,true,recall_accuracy,1.0,Recall accuracy,fraction,higher
sorn_direct_v1,sorn_direct_v1__cue_gain,cell_005,"[{""input_gain"":2.0}]","[{""scope"":""interface"",""parameter"":""input_gain"",""value"":2.0}]",cell_005,35,1,144,144,true,mean,2.0,200,167,33,12706,24,16,nothing,nothing,1,11042637072118289732,4642113296036802231,"[1,128]",recall_accuracy,1.0,1.0,ceiling,available,,,true,recall_accuracy,1.0,Recall accuracy,fraction,higher
sorn_direct_v1,sorn_direct_v1__cue_gain,cell_005,"[{""input_gain"":2.0}]","[{""scope"":""interface"",""parameter"":""input_gain"",""value"":2.0}]",cell_005,36,1,144,48,true,mean,2.0,200,167,33,12699,24,16,nothing,nothing,1,11778778505541887356,4759790416418358215,"[2,32]",recall_accuracy,0.0,0.0,floor,available,,,true,recall_accuracy,0.0,Recall accuracy,fraction,higher
sorn_direct_v1,sorn_direct_v1__cue_gain,cell_005,"[{""input_gain"":2.0}]","[{""scope"":""interface"",""parameter"":""input_gain"",""value"":2.0}]",cell_005,37,1,144,48,true,mean,2.0,200,167,33,12758,24,16,nothing,nothing,1,12349919897913586772,12221295028980735749,"[1,32]",recall_accuracy,0.0,0.0,floor,available,,,true,recall_accuracy,0.0,Recall accuracy,fraction,higher
sorn_direct_v1,sorn_direct_v1__cue_gain,cell_005,"[{""input_gain"":2.0}]","[{""scope"":""interface"",""parameter"":""input_gain"",""value"":2.0}]",cell_005,38,1,144,48,true,mean,2.0,200,167,33,12749,24,16,nothing,nothing,1,2094820528389185856,4307155270124468204,"[2,32]",recall_accuracy,1.0,1.0,ceiling,available,,,true,recall_accuracy,1.0,Recall accuracy,fraction,higher
sorn_direct_v1,sorn_direct_v1__cue_gain,cell_005,"[{""input_gain"":2.0}]","[{""scope"":""interface"",""parameter"":""input_gain"",""value"":2.0}]",cell_005,39,1,144,48,true,mean,2.0,200,167,33,12719,24,16,nothing,nothing,1,11467477645810861971,13772695671122785095,"[2,32]",recall_accuracy,1.0,1.0,ceiling,available,,,true,recall_accuracy,1.0,Recall accuracy,fraction,higher
sorn_direct_v1,sorn_direct_v1__cue_gain,cell_005,"[{""input_gain"":2.0}]","[{""scope"":""interface"",""parameter"":""input_gain"",""value"":2.0}]",cell_005,40,1,144,48,true,mean,2.0,200,167,33,12754,24,16,nothing,nothing,1,12067402140558866280,1827413742199942425,"[2,32]",recall_accuracy,0.0,0.0,floor,available,,,true,recall_accuracy,0.0,Recall accuracy,fraction,higher
sorn_direct_v1,sorn_direct_v1__cue_gain,cell_005,"[{""input_gain"":2.0}]","[{""scope"":""interface"",""parameter"":""input_gain"",""value"":2.0}]",cell_005,41,1,144,144,true,mean,2.0,200,167,33,12731,24,16,nothing,nothing,1,132902011912026565,1780461504424025134,"[2,128]",recall_accuracy,0.0,0.0,floor,available,,,true,recall_accuracy,0.0,Recall accuracy,fraction,higher
sorn_direct_v1,sorn_direct_v1__cue_gain,cell_005,"[{""input_gain"":2.0}]","[{""scope"":""interface"",""parameter"":""input_gain"",""value"":2.0}]",cell_005,42,1,144,24,true,mean,2.0,200,167,33,12658,24,16,nothing,nothing,1,2173737366513658484,8642874451656507712,"[1,8]",recall_accuracy,1.0,1.0,ceiling,available,,,true,recall_accuracy,1.0,Recall accuracy,fraction,higher
sorn_direct_v1,sorn_direct_v1__cue_gain,cell_005,"[{""input_gain"":2.0}]","[{""scope"":""interface"",""parameter"":""input_gain"",""value"":2.0}]",cell_005,43,1,144,144,true,mean,2.0,200,167,33,12710,24,16,nothing,nothing,1,5165084541978079275,7456934522800937254,"[2,128]",recall_accuracy,0.0,0.0,floor,available,,,true,recall_accuracy,0.0,Recall accuracy,fraction,higher
sorn_direct_v1,sorn_direct_v1__cue_gain,cell_005,"[{""input_gain"":2.0}]","[{""scope"":""interface"",""parameter"":""input_gain"",""value"":2.0}]",cell_005,44,1,144,48,true,mean,2.0,200,167,33,12637,24,16,nothing,nothing,1,2293836987134817461,257703088949437611,"[1,32]",recall_accuracy,0.0,0.0,floor,available,,,true,recall_accuracy,0.0,Recall accuracy,fraction,higher
sorn_direct_v1,sorn_direct_v1__cue_gain,cell_005,"[{""input_gain"":2.0}]","[{""scope"":""interface"",""parameter"":""input_gain"",""value"":2.0}]",cell_005,45,1,144,144,true,mean,2.0,200,167,33,12699,24,16,nothing,nothing,1,10128965811954267230,12347181926683009745,"[2,128]",recall_accuracy,1.0,1.0,ceiling,available,,,true,recall_accuracy,1.0,Recall accuracy,fraction,higher
sorn_direct_v1,sorn_direct_v1__cue_gain,cell_005,"[{""input_gain"":2.0}]","[{""scope"":""interface"",""parameter"":""input_gain"",""value"":2.0}]",cell_005,46,1,144,24,true,mean,2.0,200,167,33,12643,24,16,nothing,nothing,1,3451281025765506330,14451551029179234932,"[2,8]",recall_accuracy,0.0,0.0,floor,available,,,true,recall_accuracy,0.0,Recall accuracy,fraction,higher
sorn_direct_v1,sorn_direct_v1__cue_gain,cell_005,"[{""input_gain"":2.0}]","[{""scope"":""interface"",""parameter"":""input_gain"",""value"":2.0}]",cell_005,47,1,144,24,true,mean,2.0,200,167,33,12684,24,16,nothing,nothing,1,2294176740472559747,12823158141346789681,"[1,8]",recall_accuracy,0.0,0.0,floor,available,,,true,recall_accuracy,0.0,Recall accuracy,fraction,higher
sorn_direct_v1,sorn_direct_v1__cue_gain,cell_005,"[{""input_gain"":2.0}]","[{""scope"":""interface"",""parameter"":""input_gain"",""value"":2.0}]",cell_005,48,1,144,24,true,mean,2.0,200,167,33,12666,24,16,nothing,nothing,1,9784347037751403833,18048444690023247949,"[1,8]",recall_accuracy,1.0,1.0,ceiling,available,,,true,recall_accuracy,1.0,Recall accuracy,fraction,higher
sorn_direct_v1,sorn_direct_v1__cue_gain,cell_005,"[{""input_gain"":2.0}]","[{""scope"":""interface"",""parameter"":""input_gain"",""value"":2.0}]",cell_005,49,1,144,144,true,mean,2.0,200,167,33,12755,24,16,nothing,nothing,1,6588923318380175359,1248657061175819954,"[1,128]",recall_accuracy,0.0,0.0,floor,available,,,true,recall_accuracy,0.0,Recall accuracy,fraction,higher
sorn_direct_v1,sorn_direct_v1__cue_gain,cell_005,"[{""input_gain"":2.0}]","[{""scope"":""interface"",""parameter"":""input_gain"",""value"":2.0}]",cell_005,50,1,144,48,true,mean,2.0,200,167,33,12702,24,16,nothing,nothing,1,15035618909834924299,8342279397843918002,"[1,32]",recall_accuracy,0.0,0.0,floor,available,,,true,recall_accuracy,0.0,Recall accuracy,fraction,higher
sorn_direct_v1,sorn_direct_v1__cue_gain,cell_005,"[{""input_gain"":2.0}]","[{""scope"":""interface"",""parameter"":""input_gain"",""value"":2.0}]",cell_005,51,1,144,24,true,mean,2.0,200,167,33,12632,24,16,nothing,nothing,1,17223717394318311879,16475816545815083334,"[2,8]",recall_accuracy,0.0,0.0,floor,available,,,true,recall_accuracy,0.0,Recall accuracy,fraction,higher
sorn_direct_v1,sorn_direct_v1__cue_gain,cell_005,"[{""input_gain"":2.0}]","[{""scope"":""interface"",""parameter"":""input_gain"",""value"":2.0}]",cell_005,52,1,144,144,true,mean,2.0,200,167,33,12684,24,16,nothing,nothing,1,10129998799575410123,12395589511584612683,"[2,128]",recall_accuracy,0.0,0.0,floor,available,,,true,recall_accuracy,0.0,Recall accuracy,fraction,higher
sorn_direct_v1,sorn_direct_v1__cue_gain,cell_005,"[{""input_gain"":2.0}]","[{""scope"":""interface"",""parameter"":""input_gain"",""value"":2.0}]",cell_005,53,1,144,24,true,mean,2.0,200,167,33,12669,24,16,nothing,nothing,1,9671944610139963057,8890533234528554735,"[2,8]",recall_accuracy,0.0,0.0,floor,available,,,true,recall_accuracy,0.0,Recall accuracy,fraction,higher
sorn_direct_v1,sorn_direct_v1__cue_gain,cell_005,"[{""input_gain"":2.0}]","[{""scope"":""interface"",""parameter"":""input_gain"",""value"":2.0}]",cell_005,54,1,144,144,true,mean,2.0,200,167,33,12708,24,16,nothing,nothing,1,1788530956162033851,15373284929577107875,"[2,128]",recall_accuracy,1.0,1.0,ceiling,available,,,true,recall_accuracy,1.0,Recall accuracy,fraction,higher
sorn_direct_v1,sorn_direct_v1__cue_gain,cell_005,"[{""input_gain"":2.0}]","[{""scope"":""interface"",""parameter"":""input_gain"",""value"":2.0}]",cell_005,55,1,144,48,true,mean,2.0,200,167,33,12736,24,16,nothing,nothing,1,5441637634392943237,11815403074947356053,"[1,32]",recall_accuracy,1.0,1.0,ceiling,available,,,true,recall_accuracy,1.0,Recall accuracy,fraction,higher
sorn_direct_v1,sorn_direct_v1__cue_gain,cell_005,"[{""input_gain"":2.0}]","[{""scope"":""interface"",""parameter"":""input_gain"",""value"":2.0}]",cell_005,56,1,144,144,true,mean,2.0,200,167,33,12703,24,16,nothing,nothing,1,14347655445405055375,13162847327565096646,"[1,128]",recall_accuracy,0.0,0.0,floor,available,,,true,recall_accuracy,0.0,Recall accuracy,fraction,higher
sorn_direct_v1,sorn_direct_v1__cue_gain,cell_005,"[{""input_gain"":2.0}]","[{""scope"":""interface"",""parameter"":""input_gain"",""value"":2.0}]",cell_005,57,1,144,48,true,mean,2.0,200,167,33,12712,24,16,nothing,nothing,1,11644824721951697626,7511054878922844313,"[1,32]",recall_accuracy,0.0,0.0,floor,available,,,true,recall_accuracy,0.0,Recall accuracy,fraction,higher
sorn_direct_v1,sorn_direct_v1__cue_gain,cell_005,"[{""input_gain"":2.0}]","[{""scope"":""interface"",""parameter"":""input_gain"",""value"":2.0}]",cell_005,58,1,144,144,true,mean,2.0,200,167,33,12719,24,16,nothing,nothing,1,3614007658241057366,8570678930441301800,"[1,128]",recall_accuracy,0.0,0.0,floor,available,,,true,recall_accuracy,0.0,Recall accuracy,fraction,higher
sorn_direct_v1,sorn_direct_v1__cue_gain,cell_005,"[{""input_gain"":2.0}]","[{""scope"":""interface"",""parameter"":""input_gain"",""value"":2.0}]",cell_005,59,1,144,48,true,mean,2.0,200,167,33,12673,24,16,nothing,nothing,1,13936861783564098257,5426089333597508761,"[2,32]",recall_accuracy,1.0,1.0,ceiling,available,,,true,recall_accuracy,1.0,Recall accuracy,fraction,higher
sorn_direct_v1,sorn_direct_v1__cue_gain,cell_005,"[{""input_gain"":2.0}]","[{""scope"":""interface"",""parameter"":""input_gain"",""value"":2.0}]",cell_005,60,1,144,48,true,mean,2.0,200,167,33,12693,24,16,nothing,nothing,1,9527832416359745478,5214327403748666619,"[2,32]",recall_accuracy,0.0,0.0,floor,available,,,true,recall_accuracy,0.0,Recall accuracy,fraction,higher
sorn_direct_v1,sorn_direct_v1__cue_gain,cell_005,"[{""input_gain"":2.0}]","[{""scope"":""interface"",""parameter"":""input_gain"",""value"":2.0}]",cell_005,61,1,144,48,true,mean,2.0,200,167,33,12692,24,16,nothing,nothing,1,10646813720893225970,8002679564930726200,"[2,32]",recall_accuracy,0.0,0.0,floor,available,,,true,recall_accuracy,0.0,Recall accuracy,fraction,higher
sorn_direct_v1,sorn_direct_v1__cue_gain,cell_005,"[{""input_gain"":2.0}]","[{""scope"":""interface"",""parameter"":""input_gain"",""value"":2.0}]",cell_005,62,1,144,48,true,mean,2.0,200,167,33,12708,24,16,nothing,nothing,1,8430310599560062244,17228052206586944633,"[1,32]",recall_accuracy,1.0,1.0,ceiling,available,,,true,recall_accuracy,1.0,Recall accuracy,fraction,higher
sorn_direct_v1,sorn_direct_v1__cue_gain,cell_005,"[{""input_gain"":2.0}]","[{""scope"":""interface"",""parameter"":""input_gain"",""value"":2.0}]",cell_005,63,1,144,48,true,mean,2.0,200,167,33,12669,24,16,nothing,nothing,1,10825196418829806225,2441450863927944530,"[1,32]",recall_accuracy,1.0,1.0,ceiling,available,,,true,recall_accuracy,1.0,Recall accuracy,fraction,higher
sorn_direct_v1,sorn_direct_v1__cue_gain,cell_005,"[{""input_gain"":2.0}]","[{""scope"":""interface"",""parameter"":""input_gain"",""value"":2.0}]",cell_005,64,1,144,24,true,mean,2.0,200,167,33,12696,24,16,nothing,nothing,1,11073688597975590768,10959836952691641193,"[2,8]",recall_accuracy,1.0,1.0,ceiling,available,,,true,recall_accuracy,1.0,Recall accuracy,fraction,higher
sorn_direct_v1,sorn_direct_v1__cue_gain,cell_006,"[{""input_gain"":4.0}]","[{""scope"":""interface"",""parameter"":""input_gain"",""value"":4.0}]",cell_006,1,1,144,24,true,mean,4.0,200,167,33,12734,24,16,nothing,nothing,1,6988617693606842924,8092595526124825526,"[1,8]",recall_accuracy,0.0,0.0,floor,available,,,true,recall_accuracy,0.0,Recall accuracy,fraction,higher
sorn_direct_v1,sorn_direct_v1__cue_gain,cell_006,"[{""input_gain"":4.0}]","[{""scope"":""interface"",""parameter"":""input_gain"",""value"":4.0}]",cell_006,2,1,144,24,true,mean,4.0,200,167,33,12648,24,16,nothing,nothing,1,12435523913694825622,6701411026981952686,"[1,8]",recall_accuracy,0.0,0.0,floor,available,,,true,recall_accuracy,0.0,Recall accuracy,fraction,higher
sorn_direct_v1,sorn_direct_v1__cue_gain,cell_006,"[{""input_gain"":4.0}]","[{""scope"":""interface"",""parameter"":""input_gain"",""value"":4.0}]",cell_006,3,1,144,48,true,mean,4.0,200,167,33,12719,24,16,nothing,nothing,1,17451932277349772688,9335131981025201213,"[1,32]",recall_accuracy,1.0,1.0,ceiling,available,,,true,recall_accuracy,1.0,Recall accuracy,fraction,higher
sorn_direct_v1,sorn_direct_v1__cue_gain,cell_006,"[{""input_gain"":4.0}]","[{""scope"":""interface"",""parameter"":""input_gain"",""value"":4.0}]",cell_006,4,1,144,24,true,mean,4.0,200,167,33,12650,24,16,nothing,nothing,1,319271688181285881,9699077174267993794,"[1,8]",recall_accuracy,1.0,1.0,ceiling,available,,,true,recall_accuracy,1.0,Recall accuracy,fraction,higher
sorn_direct_v1,sorn_direct_v1__cue_gain,cell_006,"[{""input_gain"":4.0}]","[{""scope"":""interface"",""parameter"":""input_gain"",""value"":4.0}]",cell_006,5,1,144,24,true,mean,4.0,200,167,33,12748,24,16,nothing,nothing,1,5878868660913326862,15316878938203924676,"[1,8]",recall_accuracy,0.0,0.0,floor,available,,,true,recall_accuracy,0.0,Recall accuracy,fraction,higher
sorn_direct_v1,sorn_direct_v1__cue_gain,cell_006,"[{""input_gain"":4.0}]","[{""scope"":""interface"",""parameter"":""input_gain"",""value"":4.0}]",cell_006,6,1,144,144,true,mean,4.0,200,167,33,12718,24,16,nothing,nothing,1,7598746358257686632,17465024622011189119,"[1,128]",recall_accuracy,0.0,0.0,floor,available,,,true,recall_accuracy,0.0,Recall accuracy,fraction,higher
sorn_direct_v1,sorn_direct_v1__cue_gain,cell_006,"[{""input_gain"":4.0}]","[{""scope"":""interface"",""parameter"":""input_gain"",""value"":4.0}]",cell_006,7,1,144,144,true,mean,4.0,200,167,33,12621,24,16,nothing,nothing,1,16150082459129252060,16015605207609979784,"[2,128]",recall_accuracy,1.0,1.0,ceiling,available,,,true,recall_accuracy,1.0,Recall accuracy,fraction,higher
sorn_direct_v1,sorn_direct_v1__cue_gain,cell_006,"[{""input_gain"":4.0}]","[{""scope"":""interface"",""parameter"":""input_gain"",""value"":4.0}]",cell_006,8,1,144,48,true,mean,4.0,200,167,33,12706,24,16,nothing,nothing,1,13521130701945960369,439802552602527111,"[1,32]",recall_accuracy,1.0,1.0,ceiling,available,,,true,recall_accuracy,1.0,Recall accuracy,fraction,higher
sorn_direct_v1,sorn_direct_v1__cue_gain,cell_006,"[{""input_gain"":4.0}]","[{""scope"":""interface"",""parameter"":""input_gain"",""value"":4.0}]",cell_006,9,1,144,48,true,mean,4.0,200,167,33,12724,24,16,nothing,nothing,1,15901188754871269506,16815393164913437588,"[1,32]",recall_accuracy,0.0,0.0,floor,available,,,true,recall_accuracy,0.0,Recall accuracy,fraction,higher
sorn_direct_v1,sorn_direct_v1__cue_gain,cell_006,"[{""input_gain"":4.0}]","[{""scope"":""interface"",""parameter"":""input_gain"",""value"":4.0}]",cell_006,10,1,144,144,true,mean,4.0,200,167,33,12660,24,16,nothing,nothing,1,16099719485973972417,4643994514494534576,"[1,128]",recall_accuracy,1.0,1.0,ceiling,available,,,true,recall_accuracy,1.0,Recall accuracy,fraction,higher
sorn_direct_v1,sorn_direct_v1__cue_gain,cell_006,"[{""input_gain"":4.0}]","[{""scope"":""interface"",""parameter"":""input_gain"",""value"":4.0}]",cell_006,11,1,144,48,true,mean,4.0,200,167,33,12748,24,16,nothing,nothing,1,4152463356460392659,1264918944922948723,"[2,32]",recall_accuracy,1.0,1.0,ceiling,available,,,true,recall_accuracy,1.0,Recall accuracy,fraction,higher
sorn_direct_v1,sorn_direct_v1__cue_gain,cell_006,"[{""input_gain"":4.0}]","[{""scope"":""interface"",""parameter"":""input_gain"",""value"":4.0}]",cell_006,12,1,144,144,true,mean,4.0,200,167,33,12716,24,16,nothing,nothing,1,3007338349569202172,3411290568062191086,"[1,128]",recall_accuracy,0.0,0.0,floor,available,,,true,recall_accuracy,0.0,Recall accuracy,fraction,higher
sorn_direct_v1,sorn_direct_v1__cue_gain,cell_006,"[{""input_gain"":4.0}]","[{""scope"":""interface"",""parameter"":""input_gain"",""value"":4.0}]",cell_006,13,1,144,24,true,mean,4.0,200,167,33,12667,24,16,nothing,nothing,1,16319446833847550844,3160238541710195767,"[2,8]",recall_accuracy,1.0,1.0,ceiling,available,,,true,recall_accuracy,1.0,Recall accuracy,fraction,higher
sorn_direct_v1,sorn_direct_v1__cue_gain,cell_006,"[{""input_gain"":4.0}]","[{""scope"":""interface"",""parameter"":""input_gain"",""value"":4.0}]",cell_006,14,1,144,24,true,mean,4.0,200,167,33,12704,24,16,nothing,nothing,1,7818535715892005224,2475738350341787459,"[2,8]",recall_accuracy,0.0,0.0,floor,available,,,true,recall_accuracy,0.0,Recall accuracy,fraction,higher
sorn_direct_v1,sorn_direct_v1__cue_gain,cell_006,"[{""input_gain"":4.0}]","[{""scope"":""interface"",""parameter"":""input_gain"",""value"":4.0}]",cell_006,15,1,144,24,true,mean,4.0,200,167,33,12592,24,16,nothing,nothing,1,161186118638961470,9173535536611603934,"[1,8]",recall_accuracy,0.0,0.0,floor,available,,,true,recall_accuracy,0.0,Recall accuracy,fraction,higher
sorn_direct_v1,sorn_direct_v1__cue_gain,cell_006,"[{""input_gain"":4.0}]","[{""scope"":""interface"",""parameter"":""input_gain"",""value"":4.0}]",cell_006,16,1,144,144,true,mean,4.0,200,167,33,12714,24,16,nothing,nothing,1,4833948335651421745,17882706362734959438,"[1,128]",recall_accuracy,1.0,1.0,ceiling,available,,,true,recall_accuracy,1.0,Recall accuracy,fraction,higher
sorn_direct_v1,sorn_direct_v1__cue_gain,cell_006,"[{""input_gain"":4.0}]","[{""scope"":""interface"",""parameter"":""input_gain"",""value"":4.0}]",cell_006,17,1,144,48,true,mean,4.0,200,167,33,12700,24,16,nothing,nothing,1,2136891201429020070,10221160784258913491,"[2,32]",recall_accuracy,1.0,1.0,ceiling,available,,,true,recall_accuracy,1.0,Recall accuracy,fraction,higher
sorn_direct_v1,sorn_direct_v1__cue_gain,cell_006,"[{""input_gain"":4.0}]","[{""scope"":""interface"",""parameter"":""input_gain"",""value"":4.0}]",cell_006,18,1,144,48,true,mean,4.0,200,167,33,12673,24,16,nothing,nothing,1,16282497241923092714,12131565372770077396,"[1,32]",recall_accuracy,1.0,1.0,ceiling,available,,,true,recall_accuracy,1.0,Recall accuracy,fraction,higher
sorn_direct_v1,sorn_direct_v1__cue_gain,cell_006,"[{""input_gain"":4.0}]","[{""scope"":""interface"",""parameter"":""input_gain"",""value"":4.0}]",cell_006,19,1,144,144,true,mean,4.0,200,167,33,12677,24,16,nothing,nothing,1,4518423656513561537,3067316268179985911,"[2,128]",recall_accuracy,0.0,0.0,floor,available,,,true,recall_accuracy,0.0,Recall accuracy,fraction,higher
sorn_direct_v1,sorn_direct_v1__cue_gain,cell_006,"[{""input_gain"":4.0}]","[{""scope"":""interface"",""parameter"":""input_gain"",""value"":4.0}]",cell_006,20,1,144,48,true,mean,4.0,200,167,33,12611,24,16,nothing,nothing,1,13352057661976089239,4367688531973349399,"[1,32]",recall_accuracy,1.0,1.0,ceiling,available,,,true,recall_accuracy,1.0,Recall accuracy,fraction,higher
sorn_direct_v1,sorn_direct_v1__cue_gain,cell_006,"[{""input_gain"":4.0}]","[{""scope"":""interface"",""parameter"":""input_gain"",""value"":4.0}]",cell_006,21,1,144,48,true,mean,4.0,200,167,33,12712,24,16,nothing,nothing,1,11599071264557752026,14850400267946205414,"[2,32]",recall_accuracy,0.0,0.0,floor,available,,,true,recall_accuracy,0.0,Recall accuracy,fraction,higher
sorn_direct_v1,sorn_direct_v1__cue_gain,cell_006,"[{""input_gain"":4.0}]","[{""scope"":""interface"",""parameter"":""input_gain"",""value"":4.0}]",cell_006,22,1,144,144,true,mean,4.0,200,167,33,12754,24,16,nothing,nothing,1,12613220144194623857,1305036494483538562,"[2,128]",recall_accuracy,0.0,0.0,floor,available,,,true,recall_accuracy,0.0,Recall accuracy,fraction,higher
sorn_direct_v1,sorn_direct_v1__cue_gain,cell_006,"[{""input_gain"":4.0}]","[{""scope"":""interface"",""parameter"":""input_gain"",""value"":4.0}]",cell_006,23,1,144,48,true,mean,4.0,200,167,33,12661,24,16,nothing,nothing,1,10676245759590236857,9248486385473542497,"[2,32]",recall_accuracy,0.0,0.0,floor,available,,,true,recall_accuracy,0.0,Recall accuracy,fraction,higher
sorn_direct_v1,sorn_direct_v1__cue_gain,cell_006,"[{""input_gain"":4.0}]","[{""scope"":""interface"",""parameter"":""input_gain"",""value"":4.0}]",cell_006,24,1,144,48,true,mean,4.0,200,167,33,12678,24,16,nothing,nothing,1,13552181972285723367,2365857526890167594,"[1,32]",recall_accuracy,0.0,0.0,floor,available,,,true,recall_accuracy,0.0,Recall accuracy,fraction,higher
sorn_direct_v1,sorn_direct_v1__cue_gain,cell_006,"[{""input_gain"":4.0}]","[{""scope"":""interface"",""parameter"":""input_gain"",""value"":4.0}]",cell_006,25,1,144,144,true,mean,4.0,200,167,33,12687,24,16,nothing,nothing,1,11062734689108447575,13790341136909193717,"[2,128]",recall_accuracy,1.0,1.0,ceiling,available,,,true,recall_accuracy,1.0,Recall accuracy,fraction,higher
sorn_direct_v1,sorn_direct_v1__cue_gain,cell_006,"[{""input_gain"":4.0}]","[{""scope"":""interface"",""parameter"":""input_gain"",""value"":4.0}]",cell_006,26,1,144,24,true,mean,4.0,200,167,33,12662,24,16,nothing,nothing,1,5305804199067740437,9018541844550905015,"[2,8]",recall_accuracy,0.0,0.0,floor,available,,,true,recall_accuracy,0.0,Recall accuracy,fraction,higher
sorn_direct_v1,sorn_direct_v1__cue_gain,cell_006,"[{""input_gain"":4.0}]","[{""scope"":""interface"",""parameter"":""input_gain"",""value"":4.0}]",cell_006,27,1,144,144,true,mean,4.0,200,167,33,12735,24,16,nothing,nothing,1,1890021112084179423,16000658053978501663,"[1,128]",recall_accuracy,0.0,0.0,floor,available,,,true,recall_accuracy,0.0,Recall accuracy,fraction,higher
sorn_direct_v1,sorn_direct_v1__cue_gain,cell_006,"[{""input_gain"":4.0}]","[{""scope"":""interface"",""parameter"":""input_gain"",""value"":4.0}]",cell_006,28,1,144,48,true,mean,4.0,200,167,33,12726,24,16,nothing,nothing,1,1776018569195849574,7476633210553105177,"[1,32]",recall_accuracy,0.0,0.0,floor,available,,,true,recall_accuracy,0.0,Recall accuracy,fraction,higher
sorn_direct_v1,sorn_direct_v1__cue_gain,cell_006,"[{""input_gain"":4.0}]","[{""scope"":""interface"",""parameter"":""input_gain"",""value"":4.0}]",cell_006,29,1,144,48,true,mean,4.0,200,167,33,12686,24,16,nothing,nothing,1,4175005280181533032,5513416892640168739,"[1,32]",recall_accuracy,1.0,1.0,ceiling,available,,,true,recall_accuracy,1.0,Recall accuracy,fraction,higher
sorn_direct_v1,sorn_direct_v1__cue_gain,cell_006,"[{""input_gain"":4.0}]","[{""scope"":""interface"",""parameter"":""input_gain"",""value"":4.0}]",cell_006,30,1,144,144,true,mean,4.0,200,167,33,12673,24,16,nothing,nothing,1,16710505966255441626,2541231920251608604,"[2,128]",recall_accuracy,1.0,1.0,ceiling,available,,,true,recall_accuracy,1.0,Recall accuracy,fraction,higher
sorn_direct_v1,sorn_direct_v1__cue_gain,cell_006,"[{""input_gain"":4.0}]","[{""scope"":""interface"",""parameter"":""input_gain"",""value"":4.0}]",cell_006,31,1,144,144,true,mean,4.0,200,167,33,12710,24,16,nothing,nothing,1,11812839796982125077,4041610743621828700,"[1,128]",recall_accuracy,1.0,1.0,ceiling,available,,,true,recall_accuracy,1.0,Recall accuracy,fraction,higher
sorn_direct_v1,sorn_direct_v1__cue_gain,cell_006,"[{""input_gain"":4.0}]","[{""scope"":""interface"",""parameter"":""input_gain"",""value"":4.0}]",cell_006,32,1,144,144,true,mean,4.0,200,167,33,12691,24,16,nothing,nothing,1,16406453392691124531,16705439672251359517,"[2,128]",recall_accuracy,0.0,0.0,floor,available,,,true,recall_accuracy,0.0,Recall accuracy,fraction,higher
sorn_direct_v1,sorn_direct_v1__cue_gain,cell_006,"[{""input_gain"":4.0}]","[{""scope"":""interface"",""parameter"":""input_gain"",""value"":4.0}]",cell_006,33,1,144,24,true,mean,4.0,200,167,33,12744,24,16,nothing,nothing,1,18330378760858546719,5559042496469174930,"[1,8]",recall_accuracy,0.0,0.0,floor,available,,,true,recall_accuracy,0.0,Recall accuracy,fraction,higher
sorn_direct_v1,sorn_direct_v1__cue_gain,cell_006,"[{""input_gain"":4.0}]","[{""scope"":""interface"",""parameter"":""input_gain"",""value"":4.0}]",cell_006,34,1,144,24,true,mean,4.0,200,167,33,12672,24,16,nothing,nothing,1,3715723027253993334,11622768072155729540,"[1,8]",recall_accuracy,1.0,1.0,ceiling,available,,,true,recall_accuracy,1.0,Recall accuracy,fraction,higher
sorn_direct_v1,sorn_direct_v1__cue_gain,cell_006,"[{""input_gain"":4.0}]","[{""scope"":""interface"",""parameter"":""input_gain"",""value"":4.0}]",cell_006,35,1,144,144,true,mean,4.0,200,167,33,12706,24,16,nothing,nothing,1,11042637072118289732,4642113296036802231,"[1,128]",recall_accuracy,1.0,1.0,ceiling,available,,,true,recall_accuracy,1.0,Recall accuracy,fraction,higher
sorn_direct_v1,sorn_direct_v1__cue_gain,cell_006,"[{""input_gain"":4.0}]","[{""scope"":""interface"",""parameter"":""input_gain"",""value"":4.0}]",cell_006,36,1,144,48,true,mean,4.0,200,167,33,12699,24,16,nothing,nothing,1,11778778505541887356,4759790416418358215,"[2,32]",recall_accuracy,0.0,0.0,floor,available,,,true,recall_accuracy,0.0,Recall accuracy,fraction,higher
sorn_direct_v1,sorn_direct_v1__cue_gain,cell_006,"[{""input_gain"":4.0}]","[{""scope"":""interface"",""parameter"":""input_gain"",""value"":4.0}]",cell_006,37,1,144,48,true,mean,4.0,200,167,33,12758,24,16,nothing,nothing,1,12349919897913586772,12221295028980735749,"[1,32]",recall_accuracy,0.0,0.0,floor,available,,,true,recall_accuracy,0.0,Recall accuracy,fraction,higher
sorn_direct_v1,sorn_direct_v1__cue_gain,cell_006,"[{""input_gain"":4.0}]","[{""scope"":""interface"",""parameter"":""input_gain"",""value"":4.0}]",cell_006,38,1,144,48,true,mean,4.0,200,167,33,12749,24,16,nothing,nothing,1,2094820528389185856,4307155270124468204,"[2,32]",recall_accuracy,1.0,1.0,ceiling,available,,,true,recall_accuracy,1.0,Recall accuracy,fraction,higher
sorn_direct_v1,sorn_direct_v1__cue_gain,cell_006,"[{""input_gain"":4.0}]","[{""scope"":""interface"",""parameter"":""input_gain"",""value"":4.0}]",cell_006,39,1,144,48,true,mean,4.0,200,167,33,12719,24,16,nothing,nothing,1,11467477645810861971,13772695671122785095,"[2,32]",recall_accuracy,1.0,1.0,ceiling,available,,,true,recall_accuracy,1.0,Recall accuracy,fraction,higher
sorn_direct_v1,sorn_direct_v1__cue_gain,cell_006,"[{""input_gain"":4.0}]","[{""scope"":""interface"",""parameter"":""input_gain"",""value"":4.0}]",cell_006,40,1,144,48,true,mean,4.0,200,167,33,12754,24,16,nothing,nothing,1,12067402140558866280,1827413742199942425,"[2,32]",recall_accuracy,0.0,0.0,floor,available,,,true,recall_accuracy,0.0,Recall accuracy,fraction,higher
sorn_direct_v1,sorn_direct_v1__cue_gain,cell_006,"[{""input_gain"":4.0}]","[{""scope"":""interface"",""parameter"":""input_gain"",""value"":4.0}]",cell_006,41,1,144,144,true,mean,4.0,200,167,33,12731,24,16,nothing,nothing,1,132902011912026565,1780461504424025134,"[2,128]",recall_accuracy,0.0,0.0,floor,available,,,true,recall_accuracy,0.0,Recall accuracy,fraction,higher
sorn_direct_v1,sorn_direct_v1__cue_gain,cell_006,"[{""input_gain"":4.0}]","[{""scope"":""interface"",""parameter"":""input_gain"",""value"":4.0}]",cell_006,42,1,144,24,true,mean,4.0,200,167,33,12658,24,16,nothing,nothing,1,2173737366513658484,8642874451656507712,"[1,8]",recall_accuracy,1.0,1.0,ceiling,available,,,true,recall_accuracy,1.0,Recall accuracy,fraction,higher
sorn_direct_v1,sorn_direct_v1__cue_gain,cell_006,"[{""input_gain"":4.0}]","[{""scope"":""interface"",""parameter"":""input_gain"",""value"":4.0}]",cell_006,43,1,144,144,true,mean,4.0,200,167,33,12710,24,16,nothing,nothing,1,5165084541978079275,7456934522800937254,"[2,128]",recall_accuracy,0.0,0.0,floor,available,,,true,recall_accuracy,0.0,Recall accuracy,fraction,higher
sorn_direct_v1,sorn_direct_v1__cue_gain,cell_006,"[{""input_gain"":4.0}]","[{""scope"":""interface"",""parameter"":""input_gain"",""value"":4.0}]",cell_006,44,1,144,48,true,mean,4.0,200,167,33,12637,24,16,nothing,nothing,1,2293836987134817461,257703088949437611,"[1,32]",recall_accuracy,0.0,0.0,floor,available,,,true,recall_accuracy,0.0,Recall accuracy,fraction,higher
sorn_direct_v1,sorn_direct_v1__cue_gain,cell_006,"[{""input_gain"":4.0}]","[{""scope"":""interface"",""parameter"":""input_gain"",""value"":4.0}]",cell_006,45,1,144,144,true,mean,4.0,200,167,33,12699,24,16,nothing,nothing,1,10128965811954267230,12347181926683009745,"[2,128]",recall_accuracy,1.0,1.0,ceiling,available,,,true,recall_accuracy,1.0,Recall accuracy,fraction,higher
sorn_direct_v1,sorn_direct_v1__cue_gain,cell_006,"[{""input_gain"":4.0}]","[{""scope"":""interface"",""parameter"":""input_gain"",""value"":4.0}]",cell_006,46,1,144,24,true,mean,4.0,200,167,33,12643,24,16,nothing,nothing,1,3451281025765506330,14451551029179234932,"[2,8]",recall_accuracy,0.0,0.0,floor,available,,,true,recall_accuracy,0.0,Recall accuracy,fraction,higher
sorn_direct_v1,sorn_direct_v1__cue_gain,cell_006,"[{""input_gain"":4.0}]","[{""scope"":""interface"",""parameter"":""input_gain"",""value"":4.0}]",cell_006,47,1,144,24,true,mean,4.0,200,167,33,12684,24,16,nothing,nothing,1,2294176740472559747,12823158141346789681,"[1,8]",recall_accuracy,0.0,0.0,floor,available,,,true,recall_accuracy,0.0,Recall accuracy,fraction,higher
sorn_direct_v1,sorn_direct_v1__cue_gain,cell_006,"[{""input_gain"":4.0}]","[{""scope"":""interface"",""parameter"":""input_gain"",""value"":4.0}]",cell_006,48,1,144,24,true,mean,4.0,200,167,33,12666,24,16,nothing,nothing,1,9784347037751403833,18048444690023247949,"[1,8]",recall_accuracy,1.0,1.0,ceiling,available,,,true,recall_accuracy,1.0,Recall accuracy,fraction,higher
sorn_direct_v1,sorn_direct_v1__cue_gain,cell_006,"[{""input_gain"":4.0}]","[{""scope"":""interface"",""parameter"":""input_gain"",""value"":4.0}]",cell_006,49,1,144,144,true,mean,4.0,200,167,33,12755,24,16,nothing,nothing,1,6588923318380175359,1248657061175819954,"[1,128]",recall_accuracy,0.0,0.0,floor,available,,,true,recall_accuracy,0.0,Recall accuracy,fraction,higher
sorn_direct_v1,sorn_direct_v1__cue_gain,cell_006,"[{""input_gain"":4.0}]","[{""scope"":""interface"",""parameter"":""input_gain"",""value"":4.0}]",cell_006,50,1,144,48,true,mean,4.0,200,167,33,12702,24,16,nothing,nothing,1,15035618909834924299,8342279397843918002,"[1,32]",recall_accuracy,0.0,0.0,floor,available,,,true,recall_accuracy,0.0,Recall accuracy,fraction,higher
sorn_direct_v1,sorn_direct_v1__cue_gain,cell_006,"[{""input_gain"":4.0}]","[{""scope"":""interface"",""parameter"":""input_gain"",""value"":4.0}]",cell_006,51,1,144,24,true,mean,4.0,200,167,33,12632,24,16,nothing,nothing,1,17223717394318311879,16475816545815083334,"[2,8]",recall_accuracy,0.0,0.0,floor,available,,,true,recall_accuracy,0.0,Recall accuracy,fraction,higher
sorn_direct_v1,sorn_direct_v1__cue_gain,cell_006,"[{""input_gain"":4.0}]","[{""scope"":""interface"",""parameter"":""input_gain"",""value"":4.0}]",cell_006,52,1,144,144,true,mean,4.0,200,167,33,12684,24,16,nothing,nothing,1,10129998799575410123,12395589511584612683,"[2,128]",recall_accuracy,0.0,0.0,floor,available,,,true,recall_accuracy,0.0,Recall accuracy,fraction,higher
sorn_direct_v1,sorn_direct_v1__cue_gain,cell_006,"[{""input_gain"":4.0}]","[{""scope"":""interface"",""parameter"":""input_gain"",""value"":4.0}]",cell_006,53,1,144,24,true,mean,4.0,200,167,33,12669,24,16,nothing,nothing,1,9671944610139963057,8890533234528554735,"[2,8]",recall_accuracy,0.0,0.0,floor,available,,,true,recall_accuracy,0.0,Recall accuracy,fraction,higher
sorn_direct_v1,sorn_direct_v1__cue_gain,cell_006,"[{""input_gain"":4.0}]","[{""scope"":""interface"",""parameter"":""input_gain"",""value"":4.0}]",cell_006,54,1,144,144,true,mean,4.0,200,167,33,12708,24,16,nothing,nothing,1,1788530956162033851,15373284929577107875,"[2,128]",recall_accuracy,1.0,1.0,ceiling,available,,,true,recall_accuracy,1.0,Recall accuracy,fraction,higher
sorn_direct_v1,sorn_direct_v1__cue_gain,cell_006,"[{""input_gain"":4.0}]","[{""scope"":""interface"",""parameter"":""input_gain"",""value"":4.0}]",cell_006,55,1,144,48,true,mean,4.0,200,167,33,12736,24,16,nothing,nothing,1,5441637634392943237,11815403074947356053,"[1,32]",recall_accuracy,1.0,1.0,ceiling,available,,,true,recall_accuracy,1.0,Recall accuracy,fraction,higher
sorn_direct_v1,sorn_direct_v1__cue_gain,cell_006,"[{""input_gain"":4.0}]","[{""scope"":""interface"",""parameter"":""input_gain"",""value"":4.0}]",cell_006,56,1,144,144,true,mean,4.0,200,167,33,12703,24,16,nothing,nothing,1,14347655445405055375,13162847327565096646,"[1,128]",recall_accuracy,0.0,0.0,floor,available,,,true,recall_accuracy,0.0,Recall accuracy,fraction,higher
sorn_direct_v1,sorn_direct_v1__cue_gain,cell_006,"[{""input_gain"":4.0}]","[{""scope"":""interface"",""parameter"":""input_gain"",""value"":4.0}]",cell_006,57,1,144,48,true,mean,4.0,200,167,33,12712,24,16,nothing,nothing,1,11644824721951697626,7511054878922844313,"[1,32]",recall_accuracy,0.0,0.0,floor,available,,,true,recall_accuracy,0.0,Recall accuracy,fraction,higher
sorn_direct_v1,sorn_direct_v1__cue_gain,cell_006,"[{""input_gain"":4.0}]","[{""scope"":""interface"",""parameter"":""input_gain"",""value"":4.0}]",cell_006,58,1,144,144,true,mean,4.0,200,167,33,12719,24,16,nothing,nothing,1,3614007658241057366,8570678930441301800,"[1,128]",recall_accuracy,0.0,0.0,floor,available,,,true,recall_accuracy,0.0,Recall accuracy,fraction,higher
sorn_direct_v1,sorn_direct_v1__cue_gain,cell_006,"[{""input_gain"":4.0}]","[{""scope"":""interface"",""parameter"":""input_gain"",""value"":4.0}]",cell_006,59,1,144,48,true,mean,4.0,200,167,33,12673,24,16,nothing,nothing,1,13936861783564098257,5426089333597508761,"[2,32]",recall_accuracy,1.0,1.0,ceiling,available,,,true,recall_accuracy,1.0,Recall accuracy,fraction,higher
sorn_direct_v1,sorn_direct_v1__cue_gain,cell_006,"[{""input_gain"":4.0}]","[{""scope"":""interface"",""parameter"":""input_gain"",""value"":4.0}]",cell_006,60,1,144,48,true,mean,4.0,200,167,33,12693,24,16,nothing,nothing,1,9527832416359745478,5214327403748666619,"[2,32]",recall_accuracy,0.0,0.0,floor,available,,,true,recall_accuracy,0.0,Recall accuracy,fraction,higher
sorn_direct_v1,sorn_direct_v1__cue_gain,cell_006,"[{""input_gain"":4.0}]","[{""scope"":""interface"",""parameter"":""input_gain"",""value"":4.0}]",cell_006,61,1,144,48,true,mean,4.0,200,167,33,12692,24,16,nothing,nothing,1,10646813720893225970,8002679564930726200,"[2,32]",recall_accuracy,0.0,0.0,floor,available,,,true,recall_accuracy,0.0,Recall accuracy,fraction,higher
sorn_direct_v1,sorn_direct_v1__cue_gain,cell_006,"[{""input_gain"":4.0}]","[{""scope"":""interface"",""parameter"":""input_gain"",""value"":4.0}]",cell_006,62,1,144,48,true,mean,4.0,200,167,33,12708,24,16,nothing,nothing,1,8430310599560062244,17228052206586944633,"[1,32]",recall_accuracy,1.0,1.0,ceiling,available,,,true,recall_accuracy,1.0,Recall accuracy,fraction,higher
sorn_direct_v1,sorn_direct_v1__cue_gain,cell_006,"[{""input_gain"":4.0}]","[{""scope"":""interface"",""parameter"":""input_gain"",""value"":4.0}]",cell_006,63,1,144,48,true,mean,4.0,200,167,33,12669,24,16,nothing,nothing,1,10825196418829806225,2441450863927944530,"[1,32]",recall_accuracy,1.0,1.0,ceiling,available,,,true,recall_accuracy,1.0,Recall accuracy,fraction,higher
sorn_direct_v1,sorn_direct_v1__cue_gain,cell_006,"[{""input_gain"":4.0}]","[{""scope"":""interface"",""parameter"":""input_gain"",""value"":4.0}]",cell_006,64,1,144,24,true,mean,4.0,200,167,33,12696,24,16,nothing,nothing,1,11073688597975590768,10959836952691641193,"[2,8]",recall_accuracy,1.0,1.0,ceiling,available,,,true,recall_accuracy,1.0,Recall accuracy,fraction,higher
sorn_direct_v1,sorn_direct_v1__cue_gain,cell_007,"[{""input_gain"":8.0}]","[{""scope"":""interface"",""parameter"":""input_gain"",""value"":8.0}]",cell_007,1,1,144,24,true,mean,8.0,200,167,33,12734,24,16,nothing,nothing,1,6988617693606842924,8092595526124825526,"[1,8]",recall_accuracy,0.0,0.0,floor,available,,,true,recall_accuracy,0.0,Recall accuracy,fraction,higher
sorn_direct_v1,sorn_direct_v1__cue_gain,cell_007,"[{""input_gain"":8.0}]","[{""scope"":""interface"",""parameter"":""input_gain"",""value"":8.0}]",cell_007,2,1,144,24,true,mean,8.0,200,167,33,12648,24,16,nothing,nothing,1,12435523913694825622,6701411026981952686,"[1,8]",recall_accuracy,0.0,0.0,floor,available,,,true,recall_accuracy,0.0,Recall accuracy,fraction,higher
sorn_direct_v1,sorn_direct_v1__cue_gain,cell_007,"[{""input_gain"":8.0}]","[{""scope"":""interface"",""parameter"":""input_gain"",""value"":8.0}]",cell_007,3,1,144,48,true,mean,8.0,200,167,33,12719,24,16,nothing,nothing,1,17451932277349772688,9335131981025201213,"[1,32]",recall_accuracy,1.0,1.0,ceiling,available,,,true,recall_accuracy,1.0,Recall accuracy,fraction,higher
sorn_direct_v1,sorn_direct_v1__cue_gain,cell_007,"[{""input_gain"":8.0}]","[{""scope"":""interface"",""parameter"":""input_gain"",""value"":8.0}]",cell_007,4,1,144,24,true,mean,8.0,200,167,33,12650,24,16,nothing,nothing,1,319271688181285881,9699077174267993794,"[1,8]",recall_accuracy,1.0,1.0,ceiling,available,,,true,recall_accuracy,1.0,Recall accuracy,fraction,higher
sorn_direct_v1,sorn_direct_v1__cue_gain,cell_007,"[{""input_gain"":8.0}]","[{""scope"":""interface"",""parameter"":""input_gain"",""value"":8.0}]",cell_007,5,1,144,24,true,mean,8.0,200,167,33,12748,24,16,nothing,nothing,1,5878868660913326862,15316878938203924676,"[1,8]",recall_accuracy,0.0,0.0,floor,available,,,true,recall_accuracy,0.0,Recall accuracy,fraction,higher
sorn_direct_v1,sorn_direct_v1__cue_gain,cell_007,"[{""input_gain"":8.0}]","[{""scope"":""interface"",""parameter"":""input_gain"",""value"":8.0}]",cell_007,6,1,144,144,true,mean,8.0,200,167,33,12718,24,16,nothing,nothing,1,7598746358257686632,17465024622011189119,"[1,128]",recall_accuracy,0.0,0.0,floor,available,,,true,recall_accuracy,0.0,Recall accuracy,fraction,higher
sorn_direct_v1,sorn_direct_v1__cue_gain,cell_007,"[{""input_gain"":8.0}]","[{""scope"":""interface"",""parameter"":""input_gain"",""value"":8.0}]",cell_007,7,1,144,144,true,mean,8.0,200,167,33,12621,24,16,nothing,nothing,1,16150082459129252060,16015605207609979784,"[2,128]",recall_accuracy,1.0,1.0,ceiling,available,,,true,recall_accuracy,1.0,Recall accuracy,fraction,higher
sorn_direct_v1,sorn_direct_v1__cue_gain,cell_007,"[{""input_gain"":8.0}]","[{""scope"":""interface"",""parameter"":""input_gain"",""value"":8.0}]",cell_007,8,1,144,48,true,mean,8.0,200,167,33,12706,24,16,nothing,nothing,1,13521130701945960369,439802552602527111,"[1,32]",recall_accuracy,1.0,1.0,ceiling,available,,,true,recall_accuracy,1.0,Recall accuracy,fraction,higher
sorn_direct_v1,sorn_direct_v1__cue_gain,cell_007,"[{""input_gain"":8.0}]","[{""scope"":""interface"",""parameter"":""input_gain"",""value"":8.0}]",cell_007,9,1,144,48,true,mean,8.0,200,167,33,12724,24,16,nothing,nothing,1,15901188754871269506,16815393164913437588,"[1,32]",recall_accuracy,0.0,0.0,floor,available,,,true,recall_accuracy,0.0,Recall accuracy,fraction,higher
sorn_direct_v1,sorn_direct_v1__cue_gain,cell_007,"[{""input_gain"":8.0}]","[{""scope"":""interface"",""parameter"":""input_gain"",""value"":8.0}]",cell_007,10,1,144,144,true,mean,8.0,200,167,33,12660,24,16,nothing,nothing,1,16099719485973972417,4643994514494534576,"[1,128]",recall_accuracy,1.0,1.0,ceiling,available,,,true,recall_accuracy,1.0,Recall accuracy,fraction,higher
sorn_direct_v1,sorn_direct_v1__cue_gain,cell_007,"[{""input_gain"":8.0}]","[{""scope"":""interface"",""parameter"":""input_gain"",""value"":8.0}]",cell_007,11,1,144,48,true,mean,8.0,200,167,33,12748,24,16,nothing,nothing,1,4152463356460392659,1264918944922948723,"[2,32]",recall_accuracy,1.0,1.0,ceiling,available,,,true,recall_accuracy,1.0,Recall accuracy,fraction,higher
sorn_direct_v1,sorn_direct_v1__cue_gain,cell_007,"[{""input_gain"":8.0}]","[{""scope"":""interface"",""parameter"":""input_gain"",""value"":8.0}]",cell_007,12,1,144,144,true,mean,8.0,200,167,33,12716,24,16,nothing,nothing,1,3007338349569202172,3411290568062191086,"[1,128]",recall_accuracy,0.0,0.0,floor,available,,,true,recall_accuracy,0.0,Recall accuracy,fraction,higher
sorn_direct_v1,sorn_direct_v1__cue_gain,cell_007,"[{""input_gain"":8.0}]","[{""scope"":""interface"",""parameter"":""input_gain"",""value"":8.0}]",cell_007,13,1,144,24,true,mean,8.0,200,167,33,12667,24,16,nothing,nothing,1,16319446833847550844,3160238541710195767,"[2,8]",recall_accuracy,1.0,1.0,ceiling,available,,,true,recall_accuracy,1.0,Recall accuracy,fraction,higher
sorn_direct_v1,sorn_direct_v1__cue_gain,cell_007,"[{""input_gain"":8.0}]","[{""scope"":""interface"",""parameter"":""input_gain"",""value"":8.0}]",cell_007,14,1,144,24,true,mean,8.0,200,167,33,12704,24,16,nothing,nothing,1,7818535715892005224,2475738350341787459,"[2,8]",recall_accuracy,0.0,0.0,floor,available,,,true,recall_accuracy,0.0,Recall accuracy,fraction,higher
sorn_direct_v1,sorn_direct_v1__cue_gain,cell_007,"[{""input_gain"":8.0}]","[{""scope"":""interface"",""parameter"":""input_gain"",""value"":8.0}]",cell_007,15,1,144,24,true,mean,8.0,200,167,33,12592,24,16,nothing,nothing,1,161186118638961470,9173535536611603934,"[1,8]",recall_accuracy,0.0,0.0,floor,available,,,true,recall_accuracy,0.0,Recall accuracy,fraction,higher
sorn_direct_v1,sorn_direct_v1__cue_gain,cell_007,"[{""input_gain"":8.0}]","[{""scope"":""interface"",""parameter"":""input_gain"",""value"":8.0}]",cell_007,16,1,144,144,true,mean,8.0,200,167,33,12714,24,16,nothing,nothing,1,4833948335651421745,17882706362734959438,"[1,128]",recall_accuracy,1.0,1.0,ceiling,available,,,true,recall_accuracy,1.0,Recall accuracy,fraction,higher
sorn_direct_v1,sorn_direct_v1__cue_gain,cell_007,"[{""input_gain"":8.0}]","[{""scope"":""interface"",""parameter"":""input_gain"",""value"":8.0}]",cell_007,17,1,144,48,true,mean,8.0,200,167,33,12700,24,16,nothing,nothing,1,2136891201429020070,10221160784258913491,"[2,32]",recall_accuracy,1.0,1.0,ceiling,available,,,true,recall_accuracy,1.0,Recall accuracy,fraction,higher
sorn_direct_v1,sorn_direct_v1__cue_gain,cell_007,"[{""input_gain"":8.0}]","[{""scope"":""interface"",""parameter"":""input_gain"",""value"":8.0}]",cell_007,18,1,144,48,true,mean,8.0,200,167,33,12673,24,16,nothing,nothing,1,16282497241923092714,12131565372770077396,"[1,32]",recall_accuracy,1.0,1.0,ceiling,available,,,true,recall_accuracy,1.0,Recall accuracy,fraction,higher
sorn_direct_v1,sorn_direct_v1__cue_gain,cell_007,"[{""input_gain"":8.0}]","[{""scope"":""interface"",""parameter"":""input_gain"",""value"":8.0}]",cell_007,19,1,144,144,true,mean,8.0,200,167,33,12677,24,16,nothing,nothing,1,4518423656513561537,3067316268179985911,"[2,128]",recall_accuracy,0.0,0.0,floor,available,,,true,recall_accuracy,0.0,Recall accuracy,fraction,higher
sorn_direct_v1,sorn_direct_v1__cue_gain,cell_007,"[{""input_gain"":8.0}]","[{""scope"":""interface"",""parameter"":""input_gain"",""value"":8.0}]",cell_007,20,1,144,48,true,mean,8.0,200,167,33,12611,24,16,nothing,nothing,1,13352057661976089239,4367688531973349399,"[1,32]",recall_accuracy,1.0,1.0,ceiling,available,,,true,recall_accuracy,1.0,Recall accuracy,fraction,higher
sorn_direct_v1,sorn_direct_v1__cue_gain,cell_007,"[{""input_gain"":8.0}]","[{""scope"":""interface"",""parameter"":""input_gain"",""value"":8.0}]",cell_007,21,1,144,48,true,mean,8.0,200,167,33,12712,24,16,nothing,nothing,1,11599071264557752026,14850400267946205414,"[2,32]",recall_accuracy,0.0,0.0,floor,available,,,true,recall_accuracy,0.0,Recall accuracy,fraction,higher
sorn_direct_v1,sorn_direct_v1__cue_gain,cell_007,"[{""input_gain"":8.0}]","[{""scope"":""interface"",""parameter"":""input_gain"",""value"":8.0}]",cell_007,22,1,144,144,true,mean,8.0,200,167,33,12754,24,16,nothing,nothing,1,12613220144194623857,1305036494483538562,"[2,128]",recall_accuracy,0.0,0.0,floor,available,,,true,recall_accuracy,0.0,Recall accuracy,fraction,higher
sorn_direct_v1,sorn_direct_v1__cue_gain,cell_007,"[{""input_gain"":8.0}]","[{""scope"":""interface"",""parameter"":""input_gain"",""value"":8.0}]",cell_007,23,1,144,48,true,mean,8.0,200,167,33,12661,24,16,nothing,nothing,1,10676245759590236857,9248486385473542497,"[2,32]",recall_accuracy,0.0,0.0,floor,available,,,true,recall_accuracy,0.0,Recall accuracy,fraction,higher
sorn_direct_v1,sorn_direct_v1__cue_gain,cell_007,"[{""input_gain"":8.0}]","[{""scope"":""interface"",""parameter"":""input_gain"",""value"":8.0}]",cell_007,24,1,144,48,true,mean,8.0,200,167,33,12678,24,16,nothing,nothing,1,13552181972285723367,2365857526890167594,"[1,32]",recall_accuracy,0.0,0.0,floor,available,,,true,recall_accuracy,0.0,Recall accuracy,fraction,higher
sorn_direct_v1,sorn_direct_v1__cue_gain,cell_007,"[{""input_gain"":8.0}]","[{""scope"":""interface"",""parameter"":""input_gain"",""value"":8.0}]",cell_007,25,1,144,144,true,mean,8.0,200,167,33,12687,24,16,nothing,nothing,1,11062734689108447575,13790341136909193717,"[2,128]",recall_accuracy,1.0,1.0,ceiling,available,,,true,recall_accuracy,1.0,Recall accuracy,fraction,higher
sorn_direct_v1,sorn_direct_v1__cue_gain,cell_007,"[{""input_gain"":8.0}]","[{""scope"":""interface"",""parameter"":""input_gain"",""value"":8.0}]",cell_007,26,1,144,24,true,mean,8.0,200,167,33,12662,24,16,nothing,nothing,1,5305804199067740437,9018541844550905015,"[2,8]",recall_accuracy,0.0,0.0,floor,available,,,true,recall_accuracy,0.0,Recall accuracy,fraction,higher
sorn_direct_v1,sorn_direct_v1__cue_gain,cell_007,"[{""input_gain"":8.0}]","[{""scope"":""interface"",""parameter"":""input_gain"",""value"":8.0}]",cell_007,27,1,144,144,true,mean,8.0,200,167,33,12735,24,16,nothing,nothing,1,1890021112084179423,16000658053978501663,"[1,128]",recall_accuracy,0.0,0.0,floor,available,,,true,recall_accuracy,0.0,Recall accuracy,fraction,higher
sorn_direct_v1,sorn_direct_v1__cue_gain,cell_007,"[{""input_gain"":8.0}]","[{""scope"":""interface"",""parameter"":""input_gain"",""value"":8.0}]",cell_007,28,1,144,48,true,mean,8.0,200,167,33,12726,24,16,nothing,nothing,1,1776018569195849574,7476633210553105177,"[1,32]",recall_accuracy,0.0,0.0,floor,available,,,true,recall_accuracy,0.0,Recall accuracy,fraction,higher
sorn_direct_v1,sorn_direct_v1__cue_gain,cell_007,"[{""input_gain"":8.0}]","[{""scope"":""interface"",""parameter"":""input_gain"",""value"":8.0}]",cell_007,29,1,144,48,true,mean,8.0,200,167,33,12686,24,16,nothing,nothing,1,4175005280181533032,5513416892640168739,"[1,32]",recall_accuracy,1.0,1.0,ceiling,available,,,true,recall_accuracy,1.0,Recall accuracy,fraction,higher
sorn_direct_v1,sorn_direct_v1__cue_gain,cell_007,"[{""input_gain"":8.0}]","[{""scope"":""interface"",""parameter"":""input_gain"",""value"":8.0}]",cell_007,30,1,144,144,true,mean,8.0,200,167,33,12673,24,16,nothing,nothing,1,16710505966255441626,2541231920251608604,"[2,128]",recall_accuracy,1.0,1.0,ceiling,available,,,true,recall_accuracy,1.0,Recall accuracy,fraction,higher
sorn_direct_v1,sorn_direct_v1__cue_gain,cell_007,"[{""input_gain"":8.0}]","[{""scope"":""interface"",""parameter"":""input_gain"",""value"":8.0}]",cell_007,31,1,144,144,true,mean,8.0,200,167,33,12710,24,16,nothing,nothing,1,11812839796982125077,4041610743621828700,"[1,128]",recall_accuracy,1.0,1.0,ceiling,available,,,true,recall_accuracy,1.0,Recall accuracy,fraction,higher
sorn_direct_v1,sorn_direct_v1__cue_gain,cell_007,"[{""input_gain"":8.0}]","[{""scope"":""interface"",""parameter"":""input_gain"",""value"":8.0}]",cell_007,32,1,144,144,true,mean,8.0,200,167,33,12691,24,16,nothing,nothing,1,16406453392691124531,16705439672251359517,"[2,128]",recall_accuracy,0.0,0.0,floor,available,,,true,recall_accuracy,0.0,Recall accuracy,fraction,higher
sorn_direct_v1,sorn_direct_v1__cue_gain,cell_007,"[{""input_gain"":8.0}]","[{""scope"":""interface"",""parameter"":""input_gain"",""value"":8.0}]",cell_007,33,1,144,24,true,mean,8.0,200,167,33,12744,24,16,nothing,nothing,1,18330378760858546719,5559042496469174930,"[1,8]",recall_accuracy,0.0,0.0,floor,available,,,true,recall_accuracy,0.0,Recall accuracy,fraction,higher
sorn_direct_v1,sorn_direct_v1__cue_gain,cell_007,"[{""input_gain"":8.0}]","[{""scope"":""interface"",""parameter"":""input_gain"",""value"":8.0}]",cell_007,34,1,144,24,true,mean,8.0,200,167,33,12672,24,16,nothing,nothing,1,3715723027253993334,11622768072155729540,"[1,8]",recall_accuracy,1.0,1.0,ceiling,available,,,true,recall_accuracy,1.0,Recall accuracy,fraction,higher
sorn_direct_v1,sorn_direct_v1__cue_gain,cell_007,"[{""input_gain"":8.0}]","[{""scope"":""interface"",""parameter"":""input_gain"",""value"":8.0}]",cell_007,35,1,144,144,true,mean,8.0,200,167,33,12706,24,16,nothing,nothing,1,11042637072118289732,4642113296036802231,"[1,128]",recall_accuracy,1.0,1.0,ceiling,available,,,true,recall_accuracy,1.0,Recall accuracy,fraction,higher
sorn_direct_v1,sorn_direct_v1__cue_gain,cell_007,"[{""input_gain"":8.0}]","[{""scope"":""interface"",""parameter"":""input_gain"",""value"":8.0}]",cell_007,36,1,144,48,true,mean,8.0,200,167,33,12699,24,16,nothing,nothing,1,11778778505541887356,4759790416418358215,"[2,32]",recall_accuracy,0.0,0.0,floor,available,,,true,recall_accuracy,0.0,Recall accuracy,fraction,higher
sorn_direct_v1,sorn_direct_v1__cue_gain,cell_007,"[{""input_gain"":8.0}]","[{""scope"":""interface"",""parameter"":""input_gain"",""value"":8.0}]",cell_007,37,1,144,48,true,mean,8.0,200,167,33,12758,24,16,nothing,nothing,1,12349919897913586772,12221295028980735749,"[1,32]",recall_accuracy,0.0,0.0,floor,available,,,true,recall_accuracy,0.0,Recall accuracy,fraction,higher
sorn_direct_v1,sorn_direct_v1__cue_gain,cell_007,"[{""input_gain"":8.0}]","[{""scope"":""interface"",""parameter"":""input_gain"",""value"":8.0}]",cell_007,38,1,144,48,true,mean,8.0,200,167,33,12749,24,16,nothing,nothing,1,2094820528389185856,4307155270124468204,"[2,32]",recall_accuracy,1.0,1.0,ceiling,available,,,true,recall_accuracy,1.0,Recall accuracy,fraction,higher
sorn_direct_v1,sorn_direct_v1__cue_gain,cell_007,"[{""input_gain"":8.0}]","[{""scope"":""interface"",""parameter"":""input_gain"",""value"":8.0}]",cell_007,39,1,144,48,true,mean,8.0,200,167,33,12719,24,16,nothing,nothing,1,11467477645810861971,13772695671122785095,"[2,32]",recall_accuracy,1.0,1.0,ceiling,available,,,true,recall_accuracy,1.0,Recall accuracy,fraction,higher
sorn_direct_v1,sorn_direct_v1__cue_gain,cell_007,"[{""input_gain"":8.0}]","[{""scope"":""interface"",""parameter"":""input_gain"",""value"":8.0}]",cell_007,40,1,144,48,true,mean,8.0,200,167,33,12754,24,16,nothing,nothing,1,12067402140558866280,1827413742199942425,"[2,32]",recall_accuracy,0.0,0.0,floor,available,,,true,recall_accuracy,0.0,Recall accuracy,fraction,higher
sorn_direct_v1,sorn_direct_v1__cue_gain,cell_007,"[{""input_gain"":8.0}]","[{""scope"":""interface"",""parameter"":""input_gain"",""value"":8.0}]",cell_007,41,1,144,144,true,mean,8.0,200,167,33,12731,24,16,nothing,nothing,1,132902011912026565,1780461504424025134,"[2,128]",recall_accuracy,0.0,0.0,floor,available,,,true,recall_accuracy,0.0,Recall accuracy,fraction,higher
sorn_direct_v1,sorn_direct_v1__cue_gain,cell_007,"[{""input_gain"":8.0}]","[{""scope"":""interface"",""parameter"":""input_gain"",""value"":8.0}]",cell_007,42,1,144,24,true,mean,8.0,200,167,33,12658,24,16,nothing,nothing,1,2173737366513658484,8642874451656507712,"[1,8]",recall_accuracy,1.0,1.0,ceiling,available,,,true,recall_accuracy,1.0,Recall accuracy,fraction,higher
sorn_direct_v1,sorn_direct_v1__cue_gain,cell_007,"[{""input_gain"":8.0}]","[{""scope"":""interface"",""parameter"":""input_gain"",""value"":8.0}]",cell_007,43,1,144,144,true,mean,8.0,200,167,33,12710,24,16,nothing,nothing,1,5165084541978079275,7456934522800937254,"[2,128]",recall_accuracy,0.0,0.0,floor,available,,,true,recall_accuracy,0.0,Recall accuracy,fraction,higher
sorn_direct_v1,sorn_direct_v1__cue_gain,cell_007,"[{""input_gain"":8.0}]","[{""scope"":""interface"",""parameter"":""input_gain"",""value"":8.0}]",cell_007,44,1,144,48,true,mean,8.0,200,167,33,12637,24,16,nothing,nothing,1,2293836987134817461,257703088949437611,"[1,32]",recall_accuracy,0.0,0.0,floor,available,,,true,recall_accuracy,0.0,Recall accuracy,fraction,higher
sorn_direct_v1,sorn_direct_v1__cue_gain,cell_007,"[{""input_gain"":8.0}]","[{""scope"":""interface"",""parameter"":""input_gain"",""value"":8.0}]",cell_007,45,1,144,144,true,mean,8.0,200,167,33,12699,24,16,nothing,nothing,1,10128965811954267230,12347181926683009745,"[2,128]",recall_accuracy,1.0,1.0,ceiling,available,,,true,recall_accuracy,1.0,Recall accuracy,fraction,higher
sorn_direct_v1,sorn_direct_v1__cue_gain,cell_007,"[{""input_gain"":8.0}]","[{""scope"":""interface"",""parameter"":""input_gain"",""value"":8.0}]",cell_007,46,1,144,24,true,mean,8.0,200,167,33,12643,24,16,nothing,nothing,1,3451281025765506330,14451551029179234932,"[2,8]",recall_accuracy,0.0,0.0,floor,available,,,true,recall_accuracy,0.0,Recall accuracy,fraction,higher
sorn_direct_v1,sorn_direct_v1__cue_gain,cell_007,"[{""input_gain"":8.0}]","[{""scope"":""interface"",""parameter"":""input_gain"",""value"":8.0}]",cell_007,47,1,144,24,true,mean,8.0,200,167,33,12684,24,16,nothing,nothing,1,2294176740472559747,12823158141346789681,"[1,8]",recall_accuracy,0.0,0.0,floor,available,,,true,recall_accuracy,0.0,Recall accuracy,fraction,higher
sorn_direct_v1,sorn_direct_v1__cue_gain,cell_007,"[{""input_gain"":8.0}]","[{""scope"":""interface"",""parameter"":""input_gain"",""value"":8.0}]",cell_007,48,1,144,24,true,mean,8.0,200,167,33,12666,24,16,nothing,nothing,1,9784347037751403833,18048444690023247949,"[1,8]",recall_accuracy,1.0,1.0,ceiling,available,,,true,recall_accuracy,1.0,Recall accuracy,fraction,higher
sorn_direct_v1,sorn_direct_v1__cue_gain,cell_007,"[{""input_gain"":8.0}]","[{""scope"":""interface"",""parameter"":""input_gain"",""value"":8.0}]",cell_007,49,1,144,144,true,mean,8.0,200,167,33,12755,24,16,nothing,nothing,1,6588923318380175359,1248657061175819954,"[1,128]",recall_accuracy,0.0,0.0,floor,available,,,true,recall_accuracy,0.0,Recall accuracy,fraction,higher
sorn_direct_v1,sorn_direct_v1__cue_gain,cell_007,"[{""input_gain"":8.0}]","[{""scope"":""interface"",""parameter"":""input_gain"",""value"":8.0}]",cell_007,50,1,144,48,true,mean,8.0,200,167,33,12702,24,16,nothing,nothing,1,15035618909834924299,8342279397843918002,"[1,32]",recall_accuracy,0.0,0.0,floor,available,,,true,recall_accuracy,0.0,Recall accuracy,fraction,higher
sorn_direct_v1,sorn_direct_v1__cue_gain,cell_007,"[{""input_gain"":8.0}]","[{""scope"":""interface"",""parameter"":""input_gain"",""value"":8.0}]",cell_007,51,1,144,24,true,mean,8.0,200,167,33,12632,24,16,nothing,nothing,1,17223717394318311879,16475816545815083334,"[2,8]",recall_accuracy,0.0,0.0,floor,available,,,true,recall_accuracy,0.0,Recall accuracy,fraction,higher
sorn_direct_v1,sorn_direct_v1__cue_gain,cell_007,"[{""input_gain"":8.0}]","[{""scope"":""interface"",""parameter"":""input_gain"",""value"":8.0}]",cell_007,52,1,144,144,true,mean,8.0,200,167,33,12684,24,16,nothing,nothing,1,10129998799575410123,12395589511584612683,"[2,128]",recall_accuracy,0.0,0.0,floor,available,,,true,recall_accuracy,0.0,Recall accuracy,fraction,higher
sorn_direct_v1,sorn_direct_v1__cue_gain,cell_007,"[{""input_gain"":8.0}]","[{""scope"":""interface"",""parameter"":""input_gain"",""value"":8.0}]",cell_007,53,1,144,24,true,mean,8.0,200,167,33,12669,24,16,nothing,nothing,1,9671944610139963057,8890533234528554735,"[2,8]",recall_accuracy,0.0,0.0,floor,available,,,true,recall_accuracy,0.0,Recall accuracy,fraction,higher
sorn_direct_v1,sorn_direct_v1__cue_gain,cell_007,"[{""input_gain"":8.0}]","[{""scope"":""interface"",""parameter"":""input_gain"",""value"":8.0}]",cell_007,54,1,144,144,true,mean,8.0,200,167,33,12708,24,16,nothing,nothing,1,1788530956162033851,15373284929577107875,"[2,128]",recall_accuracy,1.0,1.0,ceiling,available,,,true,recall_accuracy,1.0,Recall accuracy,fraction,higher
sorn_direct_v1,sorn_direct_v1__cue_gain,cell_007,"[{""input_gain"":8.0}]","[{""scope"":""interface"",""parameter"":""input_gain"",""value"":8.0}]",cell_007,55,1,144,48,true,mean,8.0,200,167,33,12736,24,16,nothing,nothing,1,5441637634392943237,11815403074947356053,"[1,32]",recall_accuracy,1.0,1.0,ceiling,available,,,true,recall_accuracy,1.0,Recall accuracy,fraction,higher
sorn_direct_v1,sorn_direct_v1__cue_gain,cell_007,"[{""input_gain"":8.0}]","[{""scope"":""interface"",""parameter"":""input_gain"",""value"":8.0}]",cell_007,56,1,144,144,true,mean,8.0,200,167,33,12703,24,16,nothing,nothing,1,14347655445405055375,13162847327565096646,"[1,128]",recall_accuracy,0.0,0.0,floor,available,,,true,recall_accuracy,0.0,Recall accuracy,fraction,higher
sorn_direct_v1,sorn_direct_v1__cue_gain,cell_007,"[{""input_gain"":8.0}]","[{""scope"":""interface"",""parameter"":""input_gain"",""value"":8.0}]",cell_007,57,1,144,48,true,mean,8.0,200,167,33,12712,24,16,nothing,nothing,1,11644824721951697626,7511054878922844313,"[1,32]",recall_accuracy,0.0,0.0,floor,available,,,true,recall_accuracy,0.0,Recall accuracy,fraction,higher
sorn_direct_v1,sorn_direct_v1__cue_gain,cell_007,"[{""input_gain"":8.0}]","[{""scope"":""interface"",""parameter"":""input_gain"",""value"":8.0}]",cell_007,58,1,144,144,true,mean,8.0,200,167,33,12719,24,16,nothing,nothing,1,3614007658241057366,8570678930441301800,"[1,128]",recall_accuracy,0.0,0.0,floor,available,,,true,recall_accuracy,0.0,Recall accuracy,fraction,higher
sorn_direct_v1,sorn_direct_v1__cue_gain,cell_007,"[{""input_gain"":8.0}]","[{""scope"":""interface"",""parameter"":""input_gain"",""value"":8.0}]",cell_007,59,1,144,48,true,mean,8.0,200,167,33,12673,24,16,nothing,nothing,1,13936861783564098257,5426089333597508761,"[2,32]",recall_accuracy,1.0,1.0,ceiling,available,,,true,recall_accuracy,1.0,Recall accuracy,fraction,higher
sorn_direct_v1,sorn_direct_v1__cue_gain,cell_007,"[{""input_gain"":8.0}]","[{""scope"":""interface"",""parameter"":""input_gain"",""value"":8.0}]",cell_007,60,1,144,48,true,mean,8.0,200,167,33,12693,24,16,nothing,nothing,1,9527832416359745478,5214327403748666619,"[2,32]",recall_accuracy,0.0,0.0,floor,available,,,true,recall_accuracy,0.0,Recall accuracy,fraction,higher
sorn_direct_v1,sorn_direct_v1__cue_gain,cell_007,"[{""input_gain"":8.0}]","[{""scope"":""interface"",""parameter"":""input_gain"",""value"":8.0}]",cell_007,61,1,144,48,true,mean,8.0,200,167,33,12692,24,16,nothing,nothing,1,10646813720893225970,8002679564930726200,"[2,32]",recall_accuracy,0.0,0.0,floor,available,,,true,recall_accuracy,0.0,Recall accuracy,fraction,higher
sorn_direct_v1,sorn_direct_v1__cue_gain,cell_007,"[{""input_gain"":8.0}]","[{""scope"":""interface"",""parameter"":""input_gain"",""value"":8.0}]",cell_007,62,1,144,48,true,mean,8.0,200,167,33,12708,24,16,nothing,nothing,1,8430310599560062244,17228052206586944633,"[1,32]",recall_accuracy,1.0,1.0,ceiling,available,,,true,recall_accuracy,1.0,Recall accuracy,fraction,higher
sorn_direct_v1,sorn_direct_v1__cue_gain,cell_007,"[{""input_gain"":8.0}]","[{""scope"":""interface"",""parameter"":""input_gain"",""value"":8.0}]",cell_007,63,1,144,48,true,mean,8.0,200,167,33,12669,24,16,nothing,nothing,1,10825196418829806225,2441450863927944530,"[1,32]",recall_accuracy,1.0,1.0,ceiling,available,,,true,recall_accuracy,1.0,Recall accuracy,fraction,higher
sorn_direct_v1,sorn_direct_v1__cue_gain,cell_007,"[{""input_gain"":8.0}]","[{""scope"":""interface"",""parameter"":""input_gain"",""value"":8.0}]",cell_007,64,1,144,24,true,mean,8.0,200,167,33,12696,24,16,nothing,nothing,1,11073688597975590768,10959836952691641193,"[2,8]",recall_accuracy,1.0,1.0,ceiling,available,,,true,recall_accuracy,1.0,Recall accuracy,fraction,higher
sorn_direct_v1,sorn_direct_v1__cue_gain,cell_008,"[{""input_gain"":16.0}]","[{""scope"":""interface"",""parameter"":""input_gain"",""value"":16.0}]",cell_008,1,1,144,24,true,mean,16.0,200,167,33,12734,24,16,nothing,nothing,1,6988617693606842924,8092595526124825526,"[1,8]",recall_accuracy,0.0,0.0,floor,available,,,true,recall_accuracy,0.0,Recall accuracy,fraction,higher
sorn_direct_v1,sorn_direct_v1__cue_gain,cell_008,"[{""input_gain"":16.0}]","[{""scope"":""interface"",""parameter"":""input_gain"",""value"":16.0}]",cell_008,2,1,144,24,true,mean,16.0,200,167,33,12648,24,16,nothing,nothing,1,12435523913694825622,6701411026981952686,"[1,8]",recall_accuracy,0.0,0.0,floor,available,,,true,recall_accuracy,0.0,Recall accuracy,fraction,higher
sorn_direct_v1,sorn_direct_v1__cue_gain,cell_008,"[{""input_gain"":16.0}]","[{""scope"":""interface"",""parameter"":""input_gain"",""value"":16.0}]",cell_008,3,1,144,48,true,mean,16.0,200,167,33,12719,24,16,nothing,nothing,1,17451932277349772688,9335131981025201213,"[1,32]",recall_accuracy,1.0,1.0,ceiling,available,,,true,recall_accuracy,1.0,Recall accuracy,fraction,higher
sorn_direct_v1,sorn_direct_v1__cue_gain,cell_008,"[{""input_gain"":16.0}]","[{""scope"":""interface"",""parameter"":""input_gain"",""value"":16.0}]",cell_008,4,1,144,24,true,mean,16.0,200,167,33,12650,24,16,nothing,nothing,1,319271688181285881,9699077174267993794,"[1,8]",recall_accuracy,1.0,1.0,ceiling,available,,,true,recall_accuracy,1.0,Recall accuracy,fraction,higher
sorn_direct_v1,sorn_direct_v1__cue_gain,cell_008,"[{""input_gain"":16.0}]","[{""scope"":""interface"",""parameter"":""input_gain"",""value"":16.0}]",cell_008,5,1,144,24,true,mean,16.0,200,167,33,12748,24,16,nothing,nothing,1,5878868660913326862,15316878938203924676,"[1,8]",recall_accuracy,0.0,0.0,floor,available,,,true,recall_accuracy,0.0,Recall accuracy,fraction,higher
sorn_direct_v1,sorn_direct_v1__cue_gain,cell_008,"[{""input_gain"":16.0}]","[{""scope"":""interface"",""parameter"":""input_gain"",""value"":16.0}]",cell_008,6,1,144,144,true,mean,16.0,200,167,33,12718,24,16,nothing,nothing,1,7598746358257686632,17465024622011189119,"[1,128]",recall_accuracy,0.0,0.0,floor,available,,,true,recall_accuracy,0.0,Recall accuracy,fraction,higher
sorn_direct_v1,sorn_direct_v1__cue_gain,cell_008,"[{""input_gain"":16.0}]","[{""scope"":""interface"",""parameter"":""input_gain"",""value"":16.0}]",cell_008,7,1,144,144,true,mean,16.0,200,167,33,12621,24,16,nothing,nothing,1,16150082459129252060,16015605207609979784,"[2,128]",recall_accuracy,1.0,1.0,ceiling,available,,,true,recall_accuracy,1.0,Recall accuracy,fraction,higher
sorn_direct_v1,sorn_direct_v1__cue_gain,cell_008,"[{""input_gain"":16.0}]","[{""scope"":""interface"",""parameter"":""input_gain"",""value"":16.0}]",cell_008,8,1,144,48,true,mean,16.0,200,167,33,12706,24,16,nothing,nothing,1,13521130701945960369,439802552602527111,"[1,32]",recall_accuracy,1.0,1.0,ceiling,available,,,true,recall_accuracy,1.0,Recall accuracy,fraction,higher
sorn_direct_v1,sorn_direct_v1__cue_gain,cell_008,"[{""input_gain"":16.0}]","[{""scope"":""interface"",""parameter"":""input_gain"",""value"":16.0}]",cell_008,9,1,144,48,true,mean,16.0,200,167,33,12724,24,16,nothing,nothing,1,15901188754871269506,16815393164913437588,"[1,32]",recall_accuracy,0.0,0.0,floor,available,,,true,recall_accuracy,0.0,Recall accuracy,fraction,higher
sorn_direct_v1,sorn_direct_v1__cue_gain,cell_008,"[{""input_gain"":16.0}]","[{""scope"":""interface"",""parameter"":""input_gain"",""value"":16.0}]",cell_008,10,1,144,144,true,mean,16.0,200,167,33,12660,24,16,nothing,nothing,1,16099719485973972417,4643994514494534576,"[1,128]",recall_accuracy,1.0,1.0,ceiling,available,,,true,recall_accuracy,1.0,Recall accuracy,fraction,higher
sorn_direct_v1,sorn_direct_v1__cue_gain,cell_008,"[{""input_gain"":16.0}]","[{""scope"":""interface"",""parameter"":""input_gain"",""value"":16.0}]",cell_008,11,1,144,48,true,mean,16.0,200,167,33,12748,24,16,nothing,nothing,1,4152463356460392659,1264918944922948723,"[2,32]",recall_accuracy,1.0,1.0,ceiling,available,,,true,recall_accuracy,1.0,Recall accuracy,fraction,higher
sorn_direct_v1,sorn_direct_v1__cue_gain,cell_008,"[{""input_gain"":16.0}]","[{""scope"":""interface"",""parameter"":""input_gain"",""value"":16.0}]",cell_008,12,1,144,144,true,mean,16.0,200,167,33,12716,24,16,nothing,nothing,1,3007338349569202172,3411290568062191086,"[1,128]",recall_accuracy,0.0,0.0,floor,available,,,true,recall_accuracy,0.0,Recall accuracy,fraction,higher
sorn_direct_v1,sorn_direct_v1__cue_gain,cell_008,"[{""input_gain"":16.0}]","[{""scope"":""interface"",""parameter"":""input_gain"",""value"":16.0}]",cell_008,13,1,144,24,true,mean,16.0,200,167,33,12667,24,16,nothing,nothing,1,16319446833847550844,3160238541710195767,"[2,8]",recall_accuracy,1.0,1.0,ceiling,available,,,true,recall_accuracy,1.0,Recall accuracy,fraction,higher
sorn_direct_v1,sorn_direct_v1__cue_gain,cell_008,"[{""input_gain"":16.0}]","[{""scope"":""interface"",""parameter"":""input_gain"",""value"":16.0}]",cell_008,14,1,144,24,true,mean,16.0,200,167,33,12704,24,16,nothing,nothing,1,7818535715892005224,2475738350341787459,"[2,8]",recall_accuracy,0.0,0.0,floor,available,,,true,recall_accuracy,0.0,Recall accuracy,fraction,higher
sorn_direct_v1,sorn_direct_v1__cue_gain,cell_008,"[{""input_gain"":16.0}]","[{""scope"":""interface"",""parameter"":""input_gain"",""value"":16.0}]",cell_008,15,1,144,24,true,mean,16.0,200,167,33,12592,24,16,nothing,nothing,1,161186118638961470,9173535536611603934,"[1,8]",recall_accuracy,0.0,0.0,floor,available,,,true,recall_accuracy,0.0,Recall accuracy,fraction,higher
sorn_direct_v1,sorn_direct_v1__cue_gain,cell_008,"[{""input_gain"":16.0}]","[{""scope"":""interface"",""parameter"":""input_gain"",""value"":16.0}]",cell_008,16,1,144,144,true,mean,16.0,200,167,33,12714,24,16,nothing,nothing,1,4833948335651421745,17882706362734959438,"[1,128]",recall_accuracy,1.0,1.0,ceiling,available,,,true,recall_accuracy,1.0,Recall accuracy,fraction,higher
sorn_direct_v1,sorn_direct_v1__cue_gain,cell_008,"[{""input_gain"":16.0}]","[{""scope"":""interface"",""parameter"":""input_gain"",""value"":16.0}]",cell_008,17,1,144,48,true,mean,16.0,200,167,33,12700,24,16,nothing,nothing,1,2136891201429020070,10221160784258913491,"[2,32]",recall_accuracy,1.0,1.0,ceiling,available,,,true,recall_accuracy,1.0,Recall accuracy,fraction,higher
sorn_direct_v1,sorn_direct_v1__cue_gain,cell_008,"[{""input_gain"":16.0}]","[{""scope"":""interface"",""parameter"":""input_gain"",""value"":16.0}]",cell_008,18,1,144,48,true,mean,16.0,200,167,33,12673,24,16,nothing,nothing,1,16282497241923092714,12131565372770077396,"[1,32]",recall_accuracy,1.0,1.0,ceiling,available,,,true,recall_accuracy,1.0,Recall accuracy,fraction,higher
sorn_direct_v1,sorn_direct_v1__cue_gain,cell_008,"[{""input_gain"":16.0}]","[{""scope"":""interface"",""parameter"":""input_gain"",""value"":16.0}]",cell_008,19,1,144,144,true,mean,16.0,200,167,33,12677,24,16,nothing,nothing,1,4518423656513561537,3067316268179985911,"[2,128]",recall_accuracy,0.0,0.0,floor,available,,,true,recall_accuracy,0.0,Recall accuracy,fraction,higher
sorn_direct_v1,sorn_direct_v1__cue_gain,cell_008,"[{""input_gain"":16.0}]","[{""scope"":""interface"",""parameter"":""input_gain"",""value"":16.0}]",cell_008,20,1,144,48,true,mean,16.0,200,167,33,12611,24,16,nothing,nothing,1,13352057661976089239,4367688531973349399,"[1,32]",recall_accuracy,1.0,1.0,ceiling,available,,,true,recall_accuracy,1.0,Recall accuracy,fraction,higher
sorn_direct_v1,sorn_direct_v1__cue_gain,cell_008,"[{""input_gain"":16.0}]","[{""scope"":""interface"",""parameter"":""input_gain"",""value"":16.0}]",cell_008,21,1,144,48,true,mean,16.0,200,167,33,12712,24,16,nothing,nothing,1,11599071264557752026,14850400267946205414,"[2,32]",recall_accuracy,0.0,0.0,floor,available,,,true,recall_accuracy,0.0,Recall accuracy,fraction,higher
sorn_direct_v1,sorn_direct_v1__cue_gain,cell_008,"[{""input_gain"":16.0}]","[{""scope"":""interface"",""parameter"":""input_gain"",""value"":16.0}]",cell_008,22,1,144,144,true,mean,16.0,200,167,33,12754,24,16,nothing,nothing,1,12613220144194623857,1305036494483538562,"[2,128]",recall_accuracy,0.0,0.0,floor,available,,,true,recall_accuracy,0.0,Recall accuracy,fraction,higher
sorn_direct_v1,sorn_direct_v1__cue_gain,cell_008,"[{""input_gain"":16.0}]","[{""scope"":""interface"",""parameter"":""input_gain"",""value"":16.0}]",cell_008,23,1,144,48,true,mean,16.0,200,167,33,12661,24,16,nothing,nothing,1,10676245759590236857,9248486385473542497,"[2,32]",recall_accuracy,0.0,0.0,floor,available,,,true,recall_accuracy,0.0,Recall accuracy,fraction,higher
sorn_direct_v1,sorn_direct_v1__cue_gain,cell_008,"[{""input_gain"":16.0}]","[{""scope"":""interface"",""parameter"":""input_gain"",""value"":16.0}]",cell_008,24,1,144,48,true,mean,16.0,200,167,33,12678,24,16,nothing,nothing,1,13552181972285723367,2365857526890167594,"[1,32]",recall_accuracy,0.0,0.0,floor,available,,,true,recall_accuracy,0.0,Recall accuracy,fraction,higher
sorn_direct_v1,sorn_direct_v1__cue_gain,cell_008,"[{""input_gain"":16.0}]","[{""scope"":""interface"",""parameter"":""input_gain"",""value"":16.0}]",cell_008,25,1,144,144,true,mean,16.0,200,167,33,12687,24,16,nothing,nothing,1,11062734689108447575,13790341136909193717,"[2,128]",recall_accuracy,1.0,1.0,ceiling,available,,,true,recall_accuracy,1.0,Recall accuracy,fraction,higher
sorn_direct_v1,sorn_direct_v1__cue_gain,cell_008,"[{""input_gain"":16.0}]","[{""scope"":""interface"",""parameter"":""input_gain"",""value"":16.0}]",cell_008,26,1,144,24,true,mean,16.0,200,167,33,12662,24,16,nothing,nothing,1,5305804199067740437,9018541844550905015,"[2,8]",recall_accuracy,0.0,0.0,floor,available,,,true,recall_accuracy,0.0,Recall accuracy,fraction,higher
sorn_direct_v1,sorn_direct_v1__cue_gain,cell_008,"[{""input_gain"":16.0}]","[{""scope"":""interface"",""parameter"":""input_gain"",""value"":16.0}]",cell_008,27,1,144,144,true,mean,16.0,200,167,33,12735,24,16,nothing,nothing,1,1890021112084179423,16000658053978501663,"[1,128]",recall_accuracy,0.0,0.0,floor,available,,,true,recall_accuracy,0.0,Recall accuracy,fraction,higher
sorn_direct_v1,sorn_direct_v1__cue_gain,cell_008,"[{""input_gain"":16.0}]","[{""scope"":""interface"",""parameter"":""input_gain"",""value"":16.0}]",cell_008,28,1,144,48,true,mean,16.0,200,167,33,12726,24,16,nothing,nothing,1,1776018569195849574,7476633210553105177,"[1,32]",recall_accuracy,0.0,0.0,floor,available,,,true,recall_accuracy,0.0,Recall accuracy,fraction,higher
sorn_direct_v1,sorn_direct_v1__cue_gain,cell_008,"[{""input_gain"":16.0}]","[{""scope"":""interface"",""parameter"":""input_gain"",""value"":16.0}]",cell_008,29,1,144,48,true,mean,16.0,200,167,33,12686,24,16,nothing,nothing,1,4175005280181533032,5513416892640168739,"[1,32]",recall_accuracy,1.0,1.0,ceiling,available,,,true,recall_accuracy,1.0,Recall accuracy,fraction,higher
sorn_direct_v1,sorn_direct_v1__cue_gain,cell_008,"[{""input_gain"":16.0}]","[{""scope"":""interface"",""parameter"":""input_gain"",""value"":16.0}]",cell_008,30,1,144,144,true,mean,16.0,200,167,33,12673,24,16,nothing,nothing,1,16710505966255441626,2541231920251608604,"[2,128]",recall_accuracy,1.0,1.0,ceiling,available,,,true,recall_accuracy,1.0,Recall accuracy,fraction,higher
sorn_direct_v1,sorn_direct_v1__cue_gain,cell_008,"[{""input_gain"":16.0}]","[{""scope"":""interface"",""parameter"":""input_gain"",""value"":16.0}]",cell_008,31,1,144,144,true,mean,16.0,200,167,33,12710,24,16,nothing,nothing,1,11812839796982125077,4041610743621828700,"[1,128]",recall_accuracy,1.0,1.0,ceiling,available,,,true,recall_accuracy,1.0,Recall accuracy,fraction,higher
sorn_direct_v1,sorn_direct_v1__cue_gain,cell_008,"[{""input_gain"":16.0}]","[{""scope"":""interface"",""parameter"":""input_gain"",""value"":16.0}]",cell_008,32,1,144,144,true,mean,16.0,200,167,33,12691,24,16,nothing,nothing,1,16406453392691124531,16705439672251359517,"[2,128]",recall_accuracy,0.0,0.0,floor,available,,,true,recall_accuracy,0.0,Recall accuracy,fraction,higher
sorn_direct_v1,sorn_direct_v1__cue_gain,cell_008,"[{""input_gain"":16.0}]","[{""scope"":""interface"",""parameter"":""input_gain"",""value"":16.0}]",cell_008,33,1,144,24,true,mean,16.0,200,167,33,12744,24,16,nothing,nothing,1,18330378760858546719,5559042496469174930,"[1,8]",recall_accuracy,0.0,0.0,floor,available,,,true,recall_accuracy,0.0,Recall accuracy,fraction,higher
sorn_direct_v1,sorn_direct_v1__cue_gain,cell_008,"[{""input_gain"":16.0}]","[{""scope"":""interface"",""parameter"":""input_gain"",""value"":16.0}]",cell_008,34,1,144,24,true,mean,16.0,200,167,33,12672,24,16,nothing,nothing,1,3715723027253993334,11622768072155729540,"[1,8]",recall_accuracy,1.0,1.0,ceiling,available,,,true,recall_accuracy,1.0,Recall accuracy,fraction,higher
sorn_direct_v1,sorn_direct_v1__cue_gain,cell_008,"[{""input_gain"":16.0}]","[{""scope"":""interface"",""parameter"":""input_gain"",""value"":16.0}]",cell_008,35,1,144,144,true,mean,16.0,200,167,33,12706,24,16,nothing,nothing,1,11042637072118289732,4642113296036802231,"[1,128]",recall_accuracy,1.0,1.0,ceiling,available,,,true,recall_accuracy,1.0,Recall accuracy,fraction,higher
sorn_direct_v1,sorn_direct_v1__cue_gain,cell_008,"[{""input_gain"":16.0}]","[{""scope"":""interface"",""parameter"":""input_gain"",""value"":16.0}]",cell_008,36,1,144,48,true,mean,16.0,200,167,33,12699,24,16,nothing,nothing,1,11778778505541887356,4759790416418358215,"[2,32]",recall_accuracy,0.0,0.0,floor,available,,,true,recall_accuracy,0.0,Recall accuracy,fraction,higher
sorn_direct_v1,sorn_direct_v1__cue_gain,cell_008,"[{""input_gain"":16.0}]","[{""scope"":""interface"",""parameter"":""input_gain"",""value"":16.0}]",cell_008,37,1,144,48,true,mean,16.0,200,167,33,12758,24,16,nothing,nothing,1,12349919897913586772,12221295028980735749,"[1,32]",recall_accuracy,0.0,0.0,floor,available,,,true,recall_accuracy,0.0,Recall accuracy,fraction,higher
sorn_direct_v1,sorn_direct_v1__cue_gain,cell_008,"[{""input_gain"":16.0}]","[{""scope"":""interface"",""parameter"":""input_gain"",""value"":16.0}]",cell_008,38,1,144,48,true,mean,16.0,200,167,33,12749,24,16,nothing,nothing,1,2094820528389185856,4307155270124468204,"[2,32]",recall_accuracy,1.0,1.0,ceiling,available,,,true,recall_accuracy,1.0,Recall accuracy,fraction,higher
sorn_direct_v1,sorn_direct_v1__cue_gain,cell_008,"[{""input_gain"":16.0}]","[{""scope"":""interface"",""parameter"":""input_gain"",""value"":16.0}]",cell_008,39,1,144,48,true,mean,16.0,200,167,33,12719,24,16,nothing,nothing,1,11467477645810861971,13772695671122785095,"[2,32]",recall_accuracy,1.0,1.0,ceiling,available,,,true,recall_accuracy,1.0,Recall accuracy,fraction,higher
sorn_direct_v1,sorn_direct_v1__cue_gain,cell_008,"[{""input_gain"":16.0}]","[{""scope"":""interface"",""parameter"":""input_gain"",""value"":16.0}]",cell_008,40,1,144,48,true,mean,16.0,200,167,33,12754,24,16,nothing,nothing,1,12067402140558866280,1827413742199942425,"[2,32]",recall_accuracy,0.0,0.0,floor,available,,,true,recall_accuracy,0.0,Recall accuracy,fraction,higher
sorn_direct_v1,sorn_direct_v1__cue_gain,cell_008,"[{""input_gain"":16.0}]","[{""scope"":""interface"",""parameter"":""input_gain"",""value"":16.0}]",cell_008,41,1,144,144,true,mean,16.0,200,167,33,12731,24,16,nothing,nothing,1,132902011912026565,1780461504424025134,"[2,128]",recall_accuracy,0.0,0.0,floor,available,,,true,recall_accuracy,0.0,Recall accuracy,fraction,higher
sorn_direct_v1,sorn_direct_v1__cue_gain,cell_008,"[{""input_gain"":16.0}]","[{""scope"":""interface"",""parameter"":""input_gain"",""value"":16.0}]",cell_008,42,1,144,24,true,mean,16.0,200,167,33,12658,24,16,nothing,nothing,1,2173737366513658484,8642874451656507712,"[1,8]",recall_accuracy,1.0,1.0,ceiling,available,,,true,recall_accuracy,1.0,Recall accuracy,fraction,higher
sorn_direct_v1,sorn_direct_v1__cue_gain,cell_008,"[{""input_gain"":16.0}]","[{""scope"":""interface"",""parameter"":""input_gain"",""value"":16.0}]",cell_008,43,1,144,144,true,mean,16.0,200,167,33,12710,24,16,nothing,nothing,1,5165084541978079275,7456934522800937254,"[2,128]",recall_accuracy,0.0,0.0,floor,available,,,true,recall_accuracy,0.0,Recall accuracy,fraction,higher
sorn_direct_v1,sorn_direct_v1__cue_gain,cell_008,"[{""input_gain"":16.0}]","[{""scope"":""interface"",""parameter"":""input_gain"",""value"":16.0}]",cell_008,44,1,144,48,true,mean,16.0,200,167,33,12637,24,16,nothing,nothing,1,2293836987134817461,257703088949437611,"[1,32]",recall_accuracy,0.0,0.0,floor,available,,,true,recall_accuracy,0.0,Recall accuracy,fraction,higher
sorn_direct_v1,sorn_direct_v1__cue_gain,cell_008,"[{""input_gain"":16.0}]","[{""scope"":""interface"",""parameter"":""input_gain"",""value"":16.0}]",cell_008,45,1,144,144,true,mean,16.0,200,167,33,12699,24,16,nothing,nothing,1,10128965811954267230,12347181926683009745,"[2,128]",recall_accuracy,1.0,1.0,ceiling,available,,,true,recall_accuracy,1.0,Recall accuracy,fraction,higher
sorn_direct_v1,sorn_direct_v1__cue_gain,cell_008,"[{""input_gain"":16.0}]","[{""scope"":""interface"",""parameter"":""input_gain"",""value"":16.0}]",cell_008,46,1,144,24,true,mean,16.0,200,167,33,12643,24,16,nothing,nothing,1,3451281025765506330,14451551029179234932,"[2,8]",recall_accuracy,0.0,0.0,floor,available,,,true,recall_accuracy,0.0,Recall accuracy,fraction,higher
sorn_direct_v1,sorn_direct_v1__cue_gain,cell_008,"[{""input_gain"":16.0}]","[{""scope"":""interface"",""parameter"":""input_gain"",""value"":16.0}]",cell_008,47,1,144,24,true,mean,16.0,200,167,33,12684,24,16,nothing,nothing,1,2294176740472559747,12823158141346789681,"[1,8]",recall_accuracy,0.0,0.0,floor,available,,,true,recall_accuracy,0.0,Recall accuracy,fraction,higher
sorn_direct_v1,sorn_direct_v1__cue_gain,cell_008,"[{""input_gain"":16.0}]","[{""scope"":""interface"",""parameter"":""input_gain"",""value"":16.0}]",cell_008,48,1,144,24,true,mean,16.0,200,167,33,12666,24,16,nothing,nothing,1,9784347037751403833,18048444690023247949,"[1,8]",recall_accuracy,1.0,1.0,ceiling,available,,,true,recall_accuracy,1.0,Recall accuracy,fraction,higher
sorn_direct_v1,sorn_direct_v1__cue_gain,cell_008,"[{""input_gain"":16.0}]","[{""scope"":""interface"",""parameter"":""input_gain"",""value"":16.0}]",cell_008,49,1,144,144,true,mean,16.0,200,167,33,12755,24,16,nothing,nothing,1,6588923318380175359,1248657061175819954,"[1,128]",recall_accuracy,0.0,0.0,floor,available,,,true,recall_accuracy,0.0,Recall accuracy,fraction,higher
sorn_direct_v1,sorn_direct_v1__cue_gain,cell_008,"[{""input_gain"":16.0}]","[{""scope"":""interface"",""parameter"":""input_gain"",""value"":16.0}]",cell_008,50,1,144,48,true,mean,16.0,200,167,33,12702,24,16,nothing,nothing,1,15035618909834924299,8342279397843918002,"[1,32]",recall_accuracy,0.0,0.0,floor,available,,,true,recall_accuracy,0.0,Recall accuracy,fraction,higher
sorn_direct_v1,sorn_direct_v1__cue_gain,cell_008,"[{""input_gain"":16.0}]","[{""scope"":""interface"",""parameter"":""input_gain"",""value"":16.0}]",cell_008,51,1,144,24,true,mean,16.0,200,167,33,12632,24,16,nothing,nothing,1,17223717394318311879,16475816545815083334,"[2,8]",recall_accuracy,0.0,0.0,floor,available,,,true,recall_accuracy,0.0,Recall accuracy,fraction,higher
sorn_direct_v1,sorn_direct_v1__cue_gain,cell_008,"[{""input_gain"":16.0}]","[{""scope"":""interface"",""parameter"":""input_gain"",""value"":16.0}]",cell_008,52,1,144,144,true,mean,16.0,200,167,33,12684,24,16,nothing,nothing,1,10129998799575410123,12395589511584612683,"[2,128]",recall_accuracy,0.0,0.0,floor,available,,,true,recall_accuracy,0.0,Recall accuracy,fraction,higher
sorn_direct_v1,sorn_direct_v1__cue_gain,cell_008,"[{""input_gain"":16.0}]","[{""scope"":""interface"",""parameter"":""input_gain"",""value"":16.0}]",cell_008,53,1,144,24,true,mean,16.0,200,167,33,12669,24,16,nothing,nothing,1,9671944610139963057,8890533234528554735,"[2,8]",recall_accuracy,0.0,0.0,floor,available,,,true,recall_accuracy,0.0,Recall accuracy,fraction,higher
sorn_direct_v1,sorn_direct_v1__cue_gain,cell_008,"[{""input_gain"":16.0}]","[{""scope"":""interface"",""parameter"":""input_gain"",""value"":16.0}]",cell_008,54,1,144,144,true,mean,16.0,200,167,33,12708,24,16,nothing,nothing,1,1788530956162033851,15373284929577107875,"[2,128]",recall_accuracy,1.0,1.0,ceiling,available,,,true,recall_accuracy,1.0,Recall accuracy,fraction,higher
sorn_direct_v1,sorn_direct_v1__cue_gain,cell_008,"[{""input_gain"":16.0}]","[{""scope"":""interface"",""parameter"":""input_gain"",""value"":16.0}]",cell_008,55,1,144,48,true,mean,16.0,200,167,33,12736,24,16,nothing,nothing,1,5441637634392943237,11815403074947356053,"[1,32]",recall_accuracy,1.0,1.0,ceiling,available,,,true,recall_accuracy,1.0,Recall accuracy,fraction,higher
sorn_direct_v1,sorn_direct_v1__cue_gain,cell_008,"[{""input_gain"":16.0}]","[{""scope"":""interface"",""parameter"":""input_gain"",""value"":16.0}]",cell_008,56,1,144,144,true,mean,16.0,200,167,33,12703,24,16,nothing,nothing,1,14347655445405055375,13162847327565096646,"[1,128]",recall_accuracy,0.0,0.0,floor,available,,,true,recall_accuracy,0.0,Recall accuracy,fraction,higher
sorn_direct_v1,sorn_direct_v1__cue_gain,cell_008,"[{""input_gain"":16.0}]","[{""scope"":""interface"",""parameter"":""input_gain"",""value"":16.0}]",cell_008,57,1,144,48,true,mean,16.0,200,167,33,12712,24,16,nothing,nothing,1,11644824721951697626,7511054878922844313,"[1,32]",recall_accuracy,0.0,0.0,floor,available,,,true,recall_accuracy,0.0,Recall accuracy,fraction,higher
sorn_direct_v1,sorn_direct_v1__cue_gain,cell_008,"[{""input_gain"":16.0}]","[{""scope"":""interface"",""parameter"":""input_gain"",""value"":16.0}]",cell_008,58,1,144,144,true,mean,16.0,200,167,33,12719,24,16,nothing,nothing,1,3614007658241057366,8570678930441301800,"[1,128]",recall_accuracy,0.0,0.0,floor,available,,,true,recall_accuracy,0.0,Recall accuracy,fraction,higher
sorn_direct_v1,sorn_direct_v1__cue_gain,cell_008,"[{""input_gain"":16.0}]","[{""scope"":""interface"",""parameter"":""input_gain"",""value"":16.0}]",cell_008,59,1,144,48,true,mean,16.0,200,167,33,12673,24,16,nothing,nothing,1,13936861783564098257,5426089333597508761,"[2,32]",recall_accuracy,1.0,1.0,ceiling,available,,,true,recall_accuracy,1.0,Recall accuracy,fraction,higher
sorn_direct_v1,sorn_direct_v1__cue_gain,cell_008,"[{""input_gain"":16.0}]","[{""scope"":""interface"",""parameter"":""input_gain"",""value"":16.0}]",cell_008,60,1,144,48,true,mean,16.0,200,167,33,12693,24,16,nothing,nothing,1,9527832416359745478,5214327403748666619,"[2,32]",recall_accuracy,0.0,0.0,floor,available,,,true,recall_accuracy,0.0,Recall accuracy,fraction,higher
sorn_direct_v1,sorn_direct_v1__cue_gain,cell_008,"[{""input_gain"":16.0}]","[{""scope"":""interface"",""parameter"":""input_gain"",""value"":16.0}]",cell_008,61,1,144,48,true,mean,16.0,200,167,33,12692,24,16,nothing,nothing,1,10646813720893225970,8002679564930726200,"[2,32]",recall_accuracy,0.0,0.0,floor,available,,,true,recall_accuracy,0.0,Recall accuracy,fraction,higher
sorn_direct_v1,sorn_direct_v1__cue_gain,cell_008,"[{""input_gain"":16.0}]","[{""scope"":""interface"",""parameter"":""input_gain"",""value"":16.0}]",cell_008,62,1,144,48,true,mean,16.0,200,167,33,12708,24,16,nothing,nothing,1,8430310599560062244,17228052206586944633,"[1,32]",recall_accuracy,1.0,1.0,ceiling,available,,,true,recall_accuracy,1.0,Recall accuracy,fraction,higher
sorn_direct_v1,sorn_direct_v1__cue_gain,cell_008,"[{""input_gain"":16.0}]","[{""scope"":""interface"",""parameter"":""input_gain"",""value"":16.0}]",cell_008,63,1,144,48,true,mean,16.0,200,167,33,12669,24,16,nothing,nothing,1,10825196418829806225,2441450863927944530,"[1,32]",recall_accuracy,1.0,1.0,ceiling,available,,,true,recall_accuracy,1.0,Recall accuracy,fraction,higher
sorn_direct_v1,sorn_direct_v1__cue_gain,cell_008,"[{""input_gain"":16.0}]","[{""scope"":""interface"",""parameter"":""input_gain"",""value"":16.0}]",cell_008,64,1,144,24,true,mean,16.0,200,167,33,12696,24,16,nothing,nothing,1,11073688597975590768,10959836952691641193,"[2,8]",recall_accuracy,1.0,1.0,ceiling,available,,,true,recall_accuracy,1.0,Recall accuracy,fraction,higher
sorn_direct_v1,sorn_direct_v1__cue_gain,cell_009,"[{""input_gain"":32.0}]","[{""scope"":""interface"",""parameter"":""input_gain"",""value"":32.0}]",cell_009,1,1,144,24,true,mean,32.0,200,167,33,12734,24,16,nothing,nothing,1,6988617693606842924,8092595526124825526,"[1,8]",recall_accuracy,0.0,0.0,floor,available,,,true,recall_accuracy,0.0,Recall accuracy,fraction,higher
sorn_direct_v1,sorn_direct_v1__cue_gain,cell_009,"[{""input_gain"":32.0}]","[{""scope"":""interface"",""parameter"":""input_gain"",""value"":32.0}]",cell_009,2,1,144,24,true,mean,32.0,200,167,33,12648,24,16,nothing,nothing,1,12435523913694825622,6701411026981952686,"[1,8]",recall_accuracy,0.0,0.0,floor,available,,,true,recall_accuracy,0.0,Recall accuracy,fraction,higher
sorn_direct_v1,sorn_direct_v1__cue_gain,cell_009,"[{""input_gain"":32.0}]","[{""scope"":""interface"",""parameter"":""input_gain"",""value"":32.0}]",cell_009,3,1,144,48,true,mean,32.0,200,167,33,12719,24,16,nothing,nothing,1,17451932277349772688,9335131981025201213,"[1,32]",recall_accuracy,1.0,1.0,ceiling,available,,,true,recall_accuracy,1.0,Recall accuracy,fraction,higher
sorn_direct_v1,sorn_direct_v1__cue_gain,cell_009,"[{""input_gain"":32.0}]","[{""scope"":""interface"",""parameter"":""input_gain"",""value"":32.0}]",cell_009,4,1,144,24,true,mean,32.0,200,167,33,12650,24,16,nothing,nothing,1,319271688181285881,9699077174267993794,"[1,8]",recall_accuracy,1.0,1.0,ceiling,available,,,true,recall_accuracy,1.0,Recall accuracy,fraction,higher
sorn_direct_v1,sorn_direct_v1__cue_gain,cell_009,"[{""input_gain"":32.0}]","[{""scope"":""interface"",""parameter"":""input_gain"",""value"":32.0}]",cell_009,5,1,144,24,true,mean,32.0,200,167,33,12748,24,16,nothing,nothing,1,5878868660913326862,15316878938203924676,"[1,8]",recall_accuracy,0.0,0.0,floor,available,,,true,recall_accuracy,0.0,Recall accuracy,fraction,higher
sorn_direct_v1,sorn_direct_v1__cue_gain,cell_009,"[{""input_gain"":32.0}]","[{""scope"":""interface"",""parameter"":""input_gain"",""value"":32.0}]",cell_009,6,1,144,144,true,mean,32.0,200,167,33,12718,24,16,nothing,nothing,1,7598746358257686632,17465024622011189119,"[1,128]",recall_accuracy,0.0,0.0,floor,available,,,true,recall_accuracy,0.0,Recall accuracy,fraction,higher
sorn_direct_v1,sorn_direct_v1__cue_gain,cell_009,"[{""input_gain"":32.0}]","[{""scope"":""interface"",""parameter"":""input_gain"",""value"":32.0}]",cell_009,7,1,144,144,true,mean,32.0,200,167,33,12621,24,16,nothing,nothing,1,16150082459129252060,16015605207609979784,"[2,128]",recall_accuracy,1.0,1.0,ceiling,available,,,true,recall_accuracy,1.0,Recall accuracy,fraction,higher
sorn_direct_v1,sorn_direct_v1__cue_gain,cell_009,"[{""input_gain"":32.0}]","[{""scope"":""interface"",""parameter"":""input_gain"",""value"":32.0}]",cell_009,8,1,144,48,true,mean,32.0,200,167,33,12706,24,16,nothing,nothing,1,13521130701945960369,439802552602527111,"[1,32]",recall_accuracy,1.0,1.0,ceiling,available,,,true,recall_accuracy,1.0,Recall accuracy,fraction,higher
sorn_direct_v1,sorn_direct_v1__cue_gain,cell_009,"[{""input_gain"":32.0}]","[{""scope"":""interface"",""parameter"":""input_gain"",""value"":32.0}]",cell_009,9,1,144,48,true,mean,32.0,200,167,33,12724,24,16,nothing,nothing,1,15901188754871269506,16815393164913437588,"[1,32]",recall_accuracy,0.0,0.0,floor,available,,,true,recall_accuracy,0.0,Recall accuracy,fraction,higher
sorn_direct_v1,sorn_direct_v1__cue_gain,cell_009,"[{""input_gain"":32.0}]","[{""scope"":""interface"",""parameter"":""input_gain"",""value"":32.0}]",cell_009,10,1,144,144,true,mean,32.0,200,167,33,12660,24,16,nothing,nothing,1,16099719485973972417,4643994514494534576,"[1,128]",recall_accuracy,1.0,1.0,ceiling,available,,,true,recall_accuracy,1.0,Recall accuracy,fraction,higher
sorn_direct_v1,sorn_direct_v1__cue_gain,cell_009,"[{""input_gain"":32.0}]","[{""scope"":""interface"",""parameter"":""input_gain"",""value"":32.0}]",cell_009,11,1,144,48,true,mean,32.0,200,167,33,12748,24,16,nothing,nothing,1,4152463356460392659,1264918944922948723,"[2,32]",recall_accuracy,1.0,1.0,ceiling,available,,,true,recall_accuracy,1.0,Recall accuracy,fraction,higher
sorn_direct_v1,sorn_direct_v1__cue_gain,cell_009,"[{""input_gain"":32.0}]","[{""scope"":""interface"",""parameter"":""input_gain"",""value"":32.0}]",cell_009,12,1,144,144,true,mean,32.0,200,167,33,12716,24,16,nothing,nothing,1,3007338349569202172,3411290568062191086,"[1,128]",recall_accuracy,0.0,0.0,floor,available,,,true,recall_accuracy,0.0,Recall accuracy,fraction,higher
sorn_direct_v1,sorn_direct_v1__cue_gain,cell_009,"[{""input_gain"":32.0}]","[{""scope"":""interface"",""parameter"":""input_gain"",""value"":32.0}]",cell_009,13,1,144,24,true,mean,32.0,200,167,33,12667,24,16,nothing,nothing,1,16319446833847550844,3160238541710195767,"[2,8]",recall_accuracy,1.0,1.0,ceiling,available,,,true,recall_accuracy,1.0,Recall accuracy,fraction,higher
sorn_direct_v1,sorn_direct_v1__cue_gain,cell_009,"[{""input_gain"":32.0}]","[{""scope"":""interface"",""parameter"":""input_gain"",""value"":32.0}]",cell_009,14,1,144,24,true,mean,32.0,200,167,33,12704,24,16,nothing,nothing,1,7818535715892005224,2475738350341787459,"[2,8]",recall_accuracy,0.0,0.0,floor,available,,,true,recall_accuracy,0.0,Recall accuracy,fraction,higher
sorn_direct_v1,sorn_direct_v1__cue_gain,cell_009,"[{""input_gain"":32.0}]","[{""scope"":""interface"",""parameter"":""input_gain"",""value"":32.0}]",cell_009,15,1,144,24,true,mean,32.0,200,167,33,12592,24,16,nothing,nothing,1,161186118638961470,9173535536611603934,"[1,8]",recall_accuracy,0.0,0.0,floor,available,,,true,recall_accuracy,0.0,Recall accuracy,fraction,higher
sorn_direct_v1,sorn_direct_v1__cue_gain,cell_009,"[{""input_gain"":32.0}]","[{""scope"":""interface"",""parameter"":""input_gain"",""value"":32.0}]",cell_009,16,1,144,144,true,mean,32.0,200,167,33,12714,24,16,nothing,nothing,1,4833948335651421745,17882706362734959438,"[1,128]",recall_accuracy,1.0,1.0,ceiling,available,,,true,recall_accuracy,1.0,Recall accuracy,fraction,higher
sorn_direct_v1,sorn_direct_v1__cue_gain,cell_009,"[{""input_gain"":32.0}]","[{""scope"":""interface"",""parameter"":""input_gain"",""value"":32.0}]",cell_009,17,1,144,48,true,mean,32.0,200,167,33,12700,24,16,nothing,nothing,1,2136891201429020070,10221160784258913491,"[2,32]",recall_accuracy,1.0,1.0,ceiling,available,,,true,recall_accuracy,1.0,Recall accuracy,fraction,higher
sorn_direct_v1,sorn_direct_v1__cue_gain,cell_009,"[{""input_gain"":32.0}]","[{""scope"":""interface"",""parameter"":""input_gain"",""value"":32.0}]",cell_009,18,1,144,48,true,mean,32.0,200,167,33,12673,24,16,nothing,nothing,1,16282497241923092714,12131565372770077396,"[1,32]",recall_accuracy,1.0,1.0,ceiling,available,,,true,recall_accuracy,1.0,Recall accuracy,fraction,higher
sorn_direct_v1,sorn_direct_v1__cue_gain,cell_009,"[{""input_gain"":32.0}]","[{""scope"":""interface"",""parameter"":""input_gain"",""value"":32.0}]",cell_009,19,1,144,144,true,mean,32.0,200,167,33,12677,24,16,nothing,nothing,1,4518423656513561537,3067316268179985911,"[2,128]",recall_accuracy,0.0,0.0,floor,available,,,true,recall_accuracy,0.0,Recall accuracy,fraction,higher
sorn_direct_v1,sorn_direct_v1__cue_gain,cell_009,"[{""input_gain"":32.0}]","[{""scope"":""interface"",""parameter"":""input_gain"",""value"":32.0}]",cell_009,20,1,144,48,true,mean,32.0,200,167,33,12611,24,16,nothing,nothing,1,13352057661976089239,4367688531973349399,"[1,32]",recall_accuracy,1.0,1.0,ceiling,available,,,true,recall_accuracy,1.0,Recall accuracy,fraction,higher
sorn_direct_v1,sorn_direct_v1__cue_gain,cell_009,"[{""input_gain"":32.0}]","[{""scope"":""interface"",""parameter"":""input_gain"",""value"":32.0}]",cell_009,21,1,144,48,true,mean,32.0,200,167,33,12712,24,16,nothing,nothing,1,11599071264557752026,14850400267946205414,"[2,32]",recall_accuracy,0.0,0.0,floor,available,,,true,recall_accuracy,0.0,Recall accuracy,fraction,higher
sorn_direct_v1,sorn_direct_v1__cue_gain,cell_009,"[{""input_gain"":32.0}]","[{""scope"":""interface"",""parameter"":""input_gain"",""value"":32.0}]",cell_009,22,1,144,144,true,mean,32.0,200,167,33,12754,24,16,nothing,nothing,1,12613220144194623857,1305036494483538562,"[2,128]",recall_accuracy,0.0,0.0,floor,available,,,true,recall_accuracy,0.0,Recall accuracy,fraction,higher
sorn_direct_v1,sorn_direct_v1__cue_gain,cell_009,"[{""input_gain"":32.0}]","[{""scope"":""interface"",""parameter"":""input_gain"",""value"":32.0}]",cell_009,23,1,144,48,true,mean,32.0,200,167,33,12661,24,16,nothing,nothing,1,10676245759590236857,9248486385473542497,"[2,32]",recall_accuracy,0.0,0.0,floor,available,,,true,recall_accuracy,0.0,Recall accuracy,fraction,higher
sorn_direct_v1,sorn_direct_v1__cue_gain,cell_009,"[{""input_gain"":32.0}]","[{""scope"":""interface"",""parameter"":""input_gain"",""value"":32.0}]",cell_009,24,1,144,48,true,mean,32.0,200,167,33,12678,24,16,nothing,nothing,1,13552181972285723367,2365857526890167594,"[1,32]",recall_accuracy,0.0,0.0,floor,available,,,true,recall_accuracy,0.0,Recall accuracy,fraction,higher
sorn_direct_v1,sorn_direct_v1__cue_gain,cell_009,"[{""input_gain"":32.0}]","[{""scope"":""interface"",""parameter"":""input_gain"",""value"":32.0}]",cell_009,25,1,144,144,true,mean,32.0,200,167,33,12687,24,16,nothing,nothing,1,11062734689108447575,13790341136909193717,"[2,128]",recall_accuracy,1.0,1.0,ceiling,available,,,true,recall_accuracy,1.0,Recall accuracy,fraction,higher
sorn_direct_v1,sorn_direct_v1__cue_gain,cell_009,"[{""input_gain"":32.0}]","[{""scope"":""interface"",""parameter"":""input_gain"",""value"":32.0}]",cell_009,26,1,144,24,true,mean,32.0,200,167,33,12662,24,16,nothing,nothing,1,5305804199067740437,9018541844550905015,"[2,8]",recall_accuracy,0.0,0.0,floor,available,,,true,recall_accuracy,0.0,Recall accuracy,fraction,higher
sorn_direct_v1,sorn_direct_v1__cue_gain,cell_009,"[{""input_gain"":32.0}]","[{""scope"":""interface"",""parameter"":""input_gain"",""value"":32.0}]",cell_009,27,1,144,144,true,mean,32.0,200,167,33,12735,24,16,nothing,nothing,1,1890021112084179423,16000658053978501663,"[1,128]",recall_accuracy,0.0,0.0,floor,available,,,true,recall_accuracy,0.0,Recall accuracy,fraction,higher
sorn_direct_v1,sorn_direct_v1__cue_gain,cell_009,"[{""input_gain"":32.0}]","[{""scope"":""interface"",""parameter"":""input_gain"",""value"":32.0}]",cell_009,28,1,144,48,true,mean,32.0,200,167,33,12726,24,16,nothing,nothing,1,1776018569195849574,7476633210553105177,"[1,32]",recall_accuracy,0.0,0.0,floor,available,,,true,recall_accuracy,0.0,Recall accuracy,fraction,higher
sorn_direct_v1,sorn_direct_v1__cue_gain,cell_009,"[{""input_gain"":32.0}]","[{""scope"":""interface"",""parameter"":""input_gain"",""value"":32.0}]",cell_009,29,1,144,48,true,mean,32.0,200,167,33,12686,24,16,nothing,nothing,1,4175005280181533032,5513416892640168739,"[1,32]",recall_accuracy,1.0,1.0,ceiling,available,,,true,recall_accuracy,1.0,Recall accuracy,fraction,higher
sorn_direct_v1,sorn_direct_v1__cue_gain,cell_009,"[{""input_gain"":32.0}]","[{""scope"":""interface"",""parameter"":""input_gain"",""value"":32.0}]",cell_009,30,1,144,144,true,mean,32.0,200,167,33,12673,24,16,nothing,nothing,1,16710505966255441626,2541231920251608604,"[2,128]",recall_accuracy,1.0,1.0,ceiling,available,,,true,recall_accuracy,1.0,Recall accuracy,fraction,higher
sorn_direct_v1,sorn_direct_v1__cue_gain,cell_009,"[{""input_gain"":32.0}]","[{""scope"":""interface"",""parameter"":""input_gain"",""value"":32.0}]",cell_009,31,1,144,144,true,mean,32.0,200,167,33,12710,24,16,nothing,nothing,1,11812839796982125077,4041610743621828700,"[1,128]",recall_accuracy,1.0,1.0,ceiling,available,,,true,recall_accuracy,1.0,Recall accuracy,fraction,higher
sorn_direct_v1,sorn_direct_v1__cue_gain,cell_009,"[{""input_gain"":32.0}]","[{""scope"":""interface"",""parameter"":""input_gain"",""value"":32.0}]",cell_009,32,1,144,144,true,mean,32.0,200,167,33,12691,24,16,nothing,nothing,1,16406453392691124531,16705439672251359517,"[2,128]",recall_accuracy,0.0,0.0,floor,available,,,true,recall_accuracy,0.0,Recall accuracy,fraction,higher
sorn_direct_v1,sorn_direct_v1__cue_gain,cell_009,"[{""input_gain"":32.0}]","[{""scope"":""interface"",""parameter"":""input_gain"",""value"":32.0}]",cell_009,33,1,144,24,true,mean,32.0,200,167,33,12744,24,16,nothing,nothing,1,18330378760858546719,5559042496469174930,"[1,8]",recall_accuracy,0.0,0.0,floor,available,,,true,recall_accuracy,0.0,Recall accuracy,fraction,higher
sorn_direct_v1,sorn_direct_v1__cue_gain,cell_009,"[{""input_gain"":32.0}]","[{""scope"":""interface"",""parameter"":""input_gain"",""value"":32.0}]",cell_009,34,1,144,24,true,mean,32.0,200,167,33,12672,24,16,nothing,nothing,1,3715723027253993334,11622768072155729540,"[1,8]",recall_accuracy,1.0,1.0,ceiling,available,,,true,recall_accuracy,1.0,Recall accuracy,fraction,higher
sorn_direct_v1,sorn_direct_v1__cue_gain,cell_009,"[{""input_gain"":32.0}]","[{""scope"":""interface"",""parameter"":""input_gain"",""value"":32.0}]",cell_009,35,1,144,144,true,mean,32.0,200,167,33,12706,24,16,nothing,nothing,1,11042637072118289732,4642113296036802231,"[1,128]",recall_accuracy,1.0,1.0,ceiling,available,,,true,recall_accuracy,1.0,Recall accuracy,fraction,higher
sorn_direct_v1,sorn_direct_v1__cue_gain,cell_009,"[{""input_gain"":32.0}]","[{""scope"":""interface"",""parameter"":""input_gain"",""value"":32.0}]",cell_009,36,1,144,48,true,mean,32.0,200,167,33,12699,24,16,nothing,nothing,1,11778778505541887356,4759790416418358215,"[2,32]",recall_accuracy,0.0,0.0,floor,available,,,true,recall_accuracy,0.0,Recall accuracy,fraction,higher
sorn_direct_v1,sorn_direct_v1__cue_gain,cell_009,"[{""input_gain"":32.0}]","[{""scope"":""interface"",""parameter"":""input_gain"",""value"":32.0}]",cell_009,37,1,144,48,true,mean,32.0,200,167,33,12758,24,16,nothing,nothing,1,12349919897913586772,12221295028980735749,"[1,32]",recall_accuracy,0.0,0.0,floor,available,,,true,recall_accuracy,0.0,Recall accuracy,fraction,higher
sorn_direct_v1,sorn_direct_v1__cue_gain,cell_009,"[{""input_gain"":32.0}]","[{""scope"":""interface"",""parameter"":""input_gain"",""value"":32.0}]",cell_009,38,1,144,48,true,mean,32.0,200,167,33,12749,24,16,nothing,nothing,1,2094820528389185856,4307155270124468204,"[2,32]",recall_accuracy,1.0,1.0,ceiling,available,,,true,recall_accuracy,1.0,Recall accuracy,fraction,higher
sorn_direct_v1,sorn_direct_v1__cue_gain,cell_009,"[{""input_gain"":32.0}]","[{""scope"":""interface"",""parameter"":""input_gain"",""value"":32.0}]",cell_009,39,1,144,48,true,mean,32.0,200,167,33,12719,24,16,nothing,nothing,1,11467477645810861971,13772695671122785095,"[2,32]",recall_accuracy,1.0,1.0,ceiling,available,,,true,recall_accuracy,1.0,Recall accuracy,fraction,higher
sorn_direct_v1,sorn_direct_v1__cue_gain,cell_009,"[{""input_gain"":32.0}]","[{""scope"":""interface"",""parameter"":""input_gain"",""value"":32.0}]",cell_009,40,1,144,48,true,mean,32.0,200,167,33,12754,24,16,nothing,nothing,1,12067402140558866280,1827413742199942425,"[2,32]",recall_accuracy,0.0,0.0,floor,available,,,true,recall_accuracy,0.0,Recall accuracy,fraction,higher
sorn_direct_v1,sorn_direct_v1__cue_gain,cell_009,"[{""input_gain"":32.0}]","[{""scope"":""interface"",""parameter"":""input_gain"",""value"":32.0}]",cell_009,41,1,144,144,true,mean,32.0,200,167,33,12731,24,16,nothing,nothing,1,132902011912026565,1780461504424025134,"[2,128]",recall_accuracy,0.0,0.0,floor,available,,,true,recall_accuracy,0.0,Recall accuracy,fraction,higher
sorn_direct_v1,sorn_direct_v1__cue_gain,cell_009,"[{""input_gain"":32.0}]","[{""scope"":""interface"",""parameter"":""input_gain"",""value"":32.0}]",cell_009,42,1,144,24,true,mean,32.0,200,167,33,12658,24,16,nothing,nothing,1,2173737366513658484,8642874451656507712,"[1,8]",recall_accuracy,1.0,1.0,ceiling,available,,,true,recall_accuracy,1.0,Recall accuracy,fraction,higher
sorn_direct_v1,sorn_direct_v1__cue_gain,cell_009,"[{""input_gain"":32.0}]","[{""scope"":""interface"",""parameter"":""input_gain"",""value"":32.0}]",cell_009,43,1,144,144,true,mean,32.0,200,167,33,12710,24,16,nothing,nothing,1,5165084541978079275,7456934522800937254,"[2,128]",recall_accuracy,0.0,0.0,floor,available,,,true,recall_accuracy,0.0,Recall accuracy,fraction,higher
sorn_direct_v1,sorn_direct_v1__cue_gain,cell_009,"[{""input_gain"":32.0}]","[{""scope"":""interface"",""parameter"":""input_gain"",""value"":32.0}]",cell_009,44,1,144,48,true,mean,32.0,200,167,33,12637,24,16,nothing,nothing,1,2293836987134817461,257703088949437611,"[1,32]",recall_accuracy,0.0,0.0,floor,available,,,true,recall_accuracy,0.0,Recall accuracy,fraction,higher
sorn_direct_v1,sorn_direct_v1__cue_gain,cell_009,"[{""input_gain"":32.0}]","[{""scope"":""interface"",""parameter"":""input_gain"",""value"":32.0}]",cell_009,45,1,144,144,true,mean,32.0,200,167,33,12699,24,16,nothing,nothing,1,10128965811954267230,12347181926683009745,"[2,128]",recall_accuracy,1.0,1.0,ceiling,available,,,true,recall_accuracy,1.0,Recall accuracy,fraction,higher
sorn_direct_v1,sorn_direct_v1__cue_gain,cell_009,"[{""input_gain"":32.0}]","[{""scope"":""interface"",""parameter"":""input_gain"",""value"":32.0}]",cell_009,46,1,144,24,true,mean,32.0,200,167,33,12643,24,16,nothing,nothing,1,3451281025765506330,14451551029179234932,"[2,8]",recall_accuracy,0.0,0.0,floor,available,,,true,recall_accuracy,0.0,Recall accuracy,fraction,higher
sorn_direct_v1,sorn_direct_v1__cue_gain,cell_009,"[{""input_gain"":32.0}]","[{""scope"":""interface"",""parameter"":""input_gain"",""value"":32.0}]",cell_009,47,1,144,24,true,mean,32.0,200,167,33,12684,24,16,nothing,nothing,1,2294176740472559747,12823158141346789681,"[1,8]",recall_accuracy,0.0,0.0,floor,available,,,true,recall_accuracy,0.0,Recall accuracy,fraction,higher
sorn_direct_v1,sorn_direct_v1__cue_gain,cell_009,"[{""input_gain"":32.0}]","[{""scope"":""interface"",""parameter"":""input_gain"",""value"":32.0}]",cell_009,48,1,144,24,true,mean,32.0,200,167,33,12666,24,16,nothing,nothing,1,9784347037751403833,18048444690023247949,"[1,8]",recall_accuracy,1.0,1.0,ceiling,available,,,true,recall_accuracy,1.0,Recall accuracy,fraction,higher
sorn_direct_v1,sorn_direct_v1__cue_gain,cell_009,"[{""input_gain"":32.0}]","[{""scope"":""interface"",""parameter"":""input_gain"",""value"":32.0}]",cell_009,49,1,144,144,true,mean,32.0,200,167,33,12755,24,16,nothing,nothing,1,6588923318380175359,1248657061175819954,"[1,128]",recall_accuracy,0.0,0.0,floor,available,,,true,recall_accuracy,0.0,Recall accuracy,fraction,higher
sorn_direct_v1,sorn_direct_v1__cue_gain,cell_009,"[{""input_gain"":32.0}]","[{""scope"":""interface"",""parameter"":""input_gain"",""value"":32.0}]",cell_009,50,1,144,48,true,mean,32.0,200,167,33,12702,24,16,nothing,nothing,1,15035618909834924299,8342279397843918002,"[1,32]",recall_accuracy,0.0,0.0,floor,available,,,true,recall_accuracy,0.0,Recall accuracy,fraction,higher
sorn_direct_v1,sorn_direct_v1__cue_gain,cell_009,"[{""input_gain"":32.0}]","[{""scope"":""interface"",""parameter"":""input_gain"",""value"":32.0}]",cell_009,51,1,144,24,true,mean,32.0,200,167,33,12632,24,16,nothing,nothing,1,17223717394318311879,16475816545815083334,"[2,8]",recall_accuracy,0.0,0.0,floor,available,,,true,recall_accuracy,0.0,Recall accuracy,fraction,higher
sorn_direct_v1,sorn_direct_v1__cue_gain,cell_009,"[{""input_gain"":32.0}]","[{""scope"":""interface"",""parameter"":""input_gain"",""value"":32.0}]",cell_009,52,1,144,144,true,mean,32.0,200,167,33,12684,24,16,nothing,nothing,1,10129998799575410123,12395589511584612683,"[2,128]",recall_accuracy,0.0,0.0,floor,available,,,true,recall_accuracy,0.0,Recall accuracy,fraction,higher
sorn_direct_v1,sorn_direct_v1__cue_gain,cell_009,"[{""input_gain"":32.0}]","[{""scope"":""interface"",""parameter"":""input_gain"",""value"":32.0}]",cell_009,53,1,144,24,true,mean,32.0,200,167,33,12669,24,16,nothing,nothing,1,9671944610139963057,8890533234528554735,"[2,8]",recall_accuracy,0.0,0.0,floor,available,,,true,recall_accuracy,0.0,Recall accuracy,fraction,higher
sorn_direct_v1,sorn_direct_v1__cue_gain,cell_009,"[{""input_gain"":32.0}]","[{""scope"":""interface"",""parameter"":""input_gain"",""value"":32.0}]",cell_009,54,1,144,144,true,mean,32.0,200,167,33,12708,24,16,nothing,nothing,1,1788530956162033851,15373284929577107875,"[2,128]",recall_accuracy,1.0,1.0,ceiling,available,,,true,recall_accuracy,1.0,Recall accuracy,fraction,higher
sorn_direct_v1,sorn_direct_v1__cue_gain,cell_009,"[{""input_gain"":32.0}]","[{""scope"":""interface"",""parameter"":""input_gain"",""value"":32.0}]",cell_009,55,1,144,48,true,mean,32.0,200,167,33,12736,24,16,nothing,nothing,1,5441637634392943237,11815403074947356053,"[1,32]",recall_accuracy,1.0,1.0,ceiling,available,,,true,recall_accuracy,1.0,Recall accuracy,fraction,higher
sorn_direct_v1,sorn_direct_v1__cue_gain,cell_009,"[{""input_gain"":32.0}]","[{""scope"":""interface"",""parameter"":""input_gain"",""value"":32.0}]",cell_009,56,1,144,144,true,mean,32.0,200,167,33,12703,24,16,nothing,nothing,1,14347655445405055375,13162847327565096646,"[1,128]",recall_accuracy,0.0,0.0,floor,available,,,true,recall_accuracy,0.0,Recall accuracy,fraction,higher
sorn_direct_v1,sorn_direct_v1__cue_gain,cell_009,"[{""input_gain"":32.0}]","[{""scope"":""interface"",""parameter"":""input_gain"",""value"":32.0}]",cell_009,57,1,144,48,true,mean,32.0,200,167,33,12712,24,16,nothing,nothing,1,11644824721951697626,7511054878922844313,"[1,32]",recall_accuracy,0.0,0.0,floor,available,,,true,recall_accuracy,0.0,Recall accuracy,fraction,higher
sorn_direct_v1,sorn_direct_v1__cue_gain,cell_009,"[{""input_gain"":32.0}]","[{""scope"":""interface"",""parameter"":""input_gain"",""value"":32.0}]",cell_009,58,1,144,144,true,mean,32.0,200,167,33,12719,24,16,nothing,nothing,1,3614007658241057366,8570678930441301800,"[1,128]",recall_accuracy,0.0,0.0,floor,available,,,true,recall_accuracy,0.0,Recall accuracy,fraction,higher
sorn_direct_v1,sorn_direct_v1__cue_gain,cell_009,"[{""input_gain"":32.0}]","[{""scope"":""interface"",""parameter"":""input_gain"",""value"":32.0}]",cell_009,59,1,144,48,true,mean,32.0,200,167,33,12673,24,16,nothing,nothing,1,13936861783564098257,5426089333597508761,"[2,32]",recall_accuracy,1.0,1.0,ceiling,available,,,true,recall_accuracy,1.0,Recall accuracy,fraction,higher
sorn_direct_v1,sorn_direct_v1__cue_gain,cell_009,"[{""input_gain"":32.0}]","[{""scope"":""interface"",""parameter"":""input_gain"",""value"":32.0}]",cell_009,60,1,144,48,true,mean,32.0,200,167,33,12693,24,16,nothing,nothing,1,9527832416359745478,5214327403748666619,"[2,32]",recall_accuracy,0.0,0.0,floor,available,,,true,recall_accuracy,0.0,Recall accuracy,fraction,higher
sorn_direct_v1,sorn_direct_v1__cue_gain,cell_009,"[{""input_gain"":32.0}]","[{""scope"":""interface"",""parameter"":""input_gain"",""value"":32.0}]",cell_009,61,1,144,48,true,mean,32.0,200,167,33,12692,24,16,nothing,nothing,1,10646813720893225970,8002679564930726200,"[2,32]",recall_accuracy,0.0,0.0,floor,available,,,true,recall_accuracy,0.0,Recall accuracy,fraction,higher
sorn_direct_v1,sorn_direct_v1__cue_gain,cell_009,"[{""input_gain"":32.0}]","[{""scope"":""interface"",""parameter"":""input_gain"",""value"":32.0}]",cell_009,62,1,144,48,true,mean,32.0,200,167,33,12708,24,16,nothing,nothing,1,8430310599560062244,17228052206586944633,"[1,32]",recall_accuracy,1.0,1.0,ceiling,available,,,true,recall_accuracy,1.0,Recall accuracy,fraction,higher
sorn_direct_v1,sorn_direct_v1__cue_gain,cell_009,"[{""input_gain"":32.0}]","[{""scope"":""interface"",""parameter"":""input_gain"",""value"":32.0}]",cell_009,63,1,144,48,true,mean,32.0,200,167,33,12669,24,16,nothing,nothing,1,10825196418829806225,2441450863927944530,"[1,32]",recall_accuracy,1.0,1.0,ceiling,available,,,true,recall_accuracy,1.0,Recall accuracy,fraction,higher
sorn_direct_v1,sorn_direct_v1__cue_gain,cell_009,"[{""input_gain"":32.0}]","[{""scope"":""interface"",""parameter"":""input_gain"",""value"":32.0}]",cell_009,64,1,144,24,true,mean,32.0,200,167,33,12696,24,16,nothing,nothing,1,11073688597975590768,10959836952691641193,"[2,8]",recall_accuracy,1.0,1.0,ceiling,available,,,true,recall_accuracy,1.0,Recall accuracy,fraction,higher
sorn_direct_v1,sorn_direct_v1__cue_gain,cell_010,"[{""input_gain"":64.0}]","[{""scope"":""interface"",""parameter"":""input_gain"",""value"":64.0}]",cell_010,1,1,144,24,true,mean,64.0,200,167,33,12734,24,16,nothing,nothing,1,6988617693606842924,8092595526124825526,"[1,8]",recall_accuracy,0.0,0.0,floor,available,,,true,recall_accuracy,0.0,Recall accuracy,fraction,higher
sorn_direct_v1,sorn_direct_v1__cue_gain,cell_010,"[{""input_gain"":64.0}]","[{""scope"":""interface"",""parameter"":""input_gain"",""value"":64.0}]",cell_010,2,1,144,24,true,mean,64.0,200,167,33,12648,24,16,nothing,nothing,1,12435523913694825622,6701411026981952686,"[1,8]",recall_accuracy,0.0,0.0,floor,available,,,true,recall_accuracy,0.0,Recall accuracy,fraction,higher
sorn_direct_v1,sorn_direct_v1__cue_gain,cell_010,"[{""input_gain"":64.0}]","[{""scope"":""interface"",""parameter"":""input_gain"",""value"":64.0}]",cell_010,3,1,144,48,true,mean,64.0,200,167,33,12719,24,16,nothing,nothing,1,17451932277349772688,9335131981025201213,"[1,32]",recall_accuracy,1.0,1.0,ceiling,available,,,true,recall_accuracy,1.0,Recall accuracy,fraction,higher
sorn_direct_v1,sorn_direct_v1__cue_gain,cell_010,"[{""input_gain"":64.0}]","[{""scope"":""interface"",""parameter"":""input_gain"",""value"":64.0}]",cell_010,4,1,144,24,true,mean,64.0,200,167,33,12650,24,16,nothing,nothing,1,319271688181285881,9699077174267993794,"[1,8]",recall_accuracy,1.0,1.0,ceiling,available,,,true,recall_accuracy,1.0,Recall accuracy,fraction,higher
sorn_direct_v1,sorn_direct_v1__cue_gain,cell_010,"[{""input_gain"":64.0}]","[{""scope"":""interface"",""parameter"":""input_gain"",""value"":64.0}]",cell_010,5,1,144,24,true,mean,64.0,200,167,33,12748,24,16,nothing,nothing,1,5878868660913326862,15316878938203924676,"[1,8]",recall_accuracy,0.0,0.0,floor,available,,,true,recall_accuracy,0.0,Recall accuracy,fraction,higher
sorn_direct_v1,sorn_direct_v1__cue_gain,cell_010,"[{""input_gain"":64.0}]","[{""scope"":""interface"",""parameter"":""input_gain"",""value"":64.0}]",cell_010,6,1,144,144,true,mean,64.0,200,167,33,12718,24,16,nothing,nothing,1,7598746358257686632,17465024622011189119,"[1,128]",recall_accuracy,0.0,0.0,floor,available,,,true,recall_accuracy,0.0,Recall accuracy,fraction,higher
sorn_direct_v1,sorn_direct_v1__cue_gain,cell_010,"[{""input_gain"":64.0}]","[{""scope"":""interface"",""parameter"":""input_gain"",""value"":64.0}]",cell_010,7,1,144,144,true,mean,64.0,200,167,33,12621,24,16,nothing,nothing,1,16150082459129252060,16015605207609979784,"[2,128]",recall_accuracy,1.0,1.0,ceiling,available,,,true,recall_accuracy,1.0,Recall accuracy,fraction,higher
sorn_direct_v1,sorn_direct_v1__cue_gain,cell_010,"[{""input_gain"":64.0}]","[{""scope"":""interface"",""parameter"":""input_gain"",""value"":64.0}]",cell_010,8,1,144,48,true,mean,64.0,200,167,33,12706,24,16,nothing,nothing,1,13521130701945960369,439802552602527111,"[1,32]",recall_accuracy,1.0,1.0,ceiling,available,,,true,recall_accuracy,1.0,Recall accuracy,fraction,higher
sorn_direct_v1,sorn_direct_v1__cue_gain,cell_010,"[{""input_gain"":64.0}]","[{""scope"":""interface"",""parameter"":""input_gain"",""value"":64.0}]",cell_010,9,1,144,48,true,mean,64.0,200,167,33,12724,24,16,nothing,nothing,1,15901188754871269506,16815393164913437588,"[1,32]",recall_accuracy,0.0,0.0,floor,available,,,true,recall_accuracy,0.0,Recall accuracy,fraction,higher
sorn_direct_v1,sorn_direct_v1__cue_gain,cell_010,"[{""input_gain"":64.0}]","[{""scope"":""interface"",""parameter"":""input_gain"",""value"":64.0}]",cell_010,10,1,144,144,true,mean,64.0,200,167,33,12660,24,16,nothing,nothing,1,16099719485973972417,4643994514494534576,"[1,128]",recall_accuracy,1.0,1.0,ceiling,available,,,true,recall_accuracy,1.0,Recall accuracy,fraction,higher
sorn_direct_v1,sorn_direct_v1__cue_gain,cell_010,"[{""input_gain"":64.0}]","[{""scope"":""interface"",""parameter"":""input_gain"",""value"":64.0}]",cell_010,11,1,144,48,true,mean,64.0,200,167,33,12748,24,16,nothing,nothing,1,4152463356460392659,1264918944922948723,"[2,32]",recall_accuracy,1.0,1.0,ceiling,available,,,true,recall_accuracy,1.0,Recall accuracy,fraction,higher
sorn_direct_v1,sorn_direct_v1__cue_gain,cell_010,"[{""input_gain"":64.0}]","[{""scope"":""interface"",""parameter"":""input_gain"",""value"":64.0}]",cell_010,12,1,144,144,true,mean,64.0,200,167,33,12716,24,16,nothing,nothing,1,3007338349569202172,3411290568062191086,"[1,128]",recall_accuracy,0.0,0.0,floor,available,,,true,recall_accuracy,0.0,Recall accuracy,fraction,higher
sorn_direct_v1,sorn_direct_v1__cue_gain,cell_010,"[{""input_gain"":64.0}]","[{""scope"":""interface"",""parameter"":""input_gain"",""value"":64.0}]",cell_010,13,1,144,24,true,mean,64.0,200,167,33,12667,24,16,nothing,nothing,1,16319446833847550844,3160238541710195767,"[2,8]",recall_accuracy,1.0,1.0,ceiling,available,,,true,recall_accuracy,1.0,Recall accuracy,fraction,higher
sorn_direct_v1,sorn_direct_v1__cue_gain,cell_010,"[{""input_gain"":64.0}]","[{""scope"":""interface"",""parameter"":""input_gain"",""value"":64.0}]",cell_010,14,1,144,24,true,mean,64.0,200,167,33,12704,24,16,nothing,nothing,1,7818535715892005224,2475738350341787459,"[2,8]",recall_accuracy,0.0,0.0,floor,available,,,true,recall_accuracy,0.0,Recall accuracy,fraction,higher
sorn_direct_v1,sorn_direct_v1__cue_gain,cell_010,"[{""input_gain"":64.0}]","[{""scope"":""interface"",""parameter"":""input_gain"",""value"":64.0}]",cell_010,15,1,144,24,true,mean,64.0,200,167,33,12592,24,16,nothing,nothing,1,161186118638961470,9173535536611603934,"[1,8]",recall_accuracy,0.0,0.0,floor,available,,,true,recall_accuracy,0.0,Recall accuracy,fraction,higher
sorn_direct_v1,sorn_direct_v1__cue_gain,cell_010,"[{""input_gain"":64.0}]","[{""scope"":""interface"",""parameter"":""input_gain"",""value"":64.0}]",cell_010,16,1,144,144,true,mean,64.0,200,167,33,12714,24,16,nothing,nothing,1,4833948335651421745,17882706362734959438,"[1,128]",recall_accuracy,1.0,1.0,ceiling,available,,,true,recall_accuracy,1.0,Recall accuracy,fraction,higher
sorn_direct_v1,sorn_direct_v1__cue_gain,cell_010,"[{""input_gain"":64.0}]","[{""scope"":""interface"",""parameter"":""input_gain"",""value"":64.0}]",cell_010,17,1,144,48,true,mean,64.0,200,167,33,12700,24,16,nothing,nothing,1,2136891201429020070,10221160784258913491,"[2,32]",recall_accuracy,1.0,1.0,ceiling,available,,,true,recall_accuracy,1.0,Recall accuracy,fraction,higher
sorn_direct_v1,sorn_direct_v1__cue_gain,cell_010,"[{""input_gain"":64.0}]","[{""scope"":""interface"",""parameter"":""input_gain"",""value"":64.0}]",cell_010,18,1,144,48,true,mean,64.0,200,167,33,12673,24,16,nothing,nothing,1,16282497241923092714,12131565372770077396,"[1,32]",recall_accuracy,1.0,1.0,ceiling,available,,,true,recall_accuracy,1.0,Recall accuracy,fraction,higher
sorn_direct_v1,sorn_direct_v1__cue_gain,cell_010,"[{""input_gain"":64.0}]","[{""scope"":""interface"",""parameter"":""input_gain"",""value"":64.0}]",cell_010,19,1,144,144,true,mean,64.0,200,167,33,12677,24,16,nothing,nothing,1,4518423656513561537,3067316268179985911,"[2,128]",recall_accuracy,0.0,0.0,floor,available,,,true,recall_accuracy,0.0,Recall accuracy,fraction,higher
sorn_direct_v1,sorn_direct_v1__cue_gain,cell_010,"[{""input_gain"":64.0}]","[{""scope"":""interface"",""parameter"":""input_gain"",""value"":64.0}]",cell_010,20,1,144,48,true,mean,64.0,200,167,33,12611,24,16,nothing,nothing,1,13352057661976089239,4367688531973349399,"[1,32]",recall_accuracy,1.0,1.0,ceiling,available,,,true,recall_accuracy,1.0,Recall accuracy,fraction,higher
sorn_direct_v1,sorn_direct_v1__cue_gain,cell_010,"[{""input_gain"":64.0}]","[{""scope"":""interface"",""parameter"":""input_gain"",""value"":64.0}]",cell_010,21,1,144,48,true,mean,64.0,200,167,33,12712,24,16,nothing,nothing,1,11599071264557752026,14850400267946205414,"[2,32]",recall_accuracy,0.0,0.0,floor,available,,,true,recall_accuracy,0.0,Recall accuracy,fraction,higher
sorn_direct_v1,sorn_direct_v1__cue_gain,cell_010,"[{""input_gain"":64.0}]","[{""scope"":""interface"",""parameter"":""input_gain"",""value"":64.0}]",cell_010,22,1,144,144,true,mean,64.0,200,167,33,12754,24,16,nothing,nothing,1,12613220144194623857,1305036494483538562,"[2,128]",recall_accuracy,0.0,0.0,floor,available,,,true,recall_accuracy,0.0,Recall accuracy,fraction,higher
sorn_direct_v1,sorn_direct_v1__cue_gain,cell_010,"[{""input_gain"":64.0}]","[{""scope"":""interface"",""parameter"":""input_gain"",""value"":64.0}]",cell_010,23,1,144,48,true,mean,64.0,200,167,33,12661,24,16,nothing,nothing,1,10676245759590236857,9248486385473542497,"[2,32]",recall_accuracy,0.0,0.0,floor,available,,,true,recall_accuracy,0.0,Recall accuracy,fraction,higher
sorn_direct_v1,sorn_direct_v1__cue_gain,cell_010,"[{""input_gain"":64.0}]","[{""scope"":""interface"",""parameter"":""input_gain"",""value"":64.0}]",cell_010,24,1,144,48,true,mean,64.0,200,167,33,12678,24,16,nothing,nothing,1,13552181972285723367,2365857526890167594,"[1,32]",recall_accuracy,0.0,0.0,floor,available,,,true,recall_accuracy,0.0,Recall accuracy,fraction,higher
sorn_direct_v1,sorn_direct_v1__cue_gain,cell_010,"[{""input_gain"":64.0}]","[{""scope"":""interface"",""parameter"":""input_gain"",""value"":64.0}]",cell_010,25,1,144,144,true,mean,64.0,200,167,33,12687,24,16,nothing,nothing,1,11062734689108447575,13790341136909193717,"[2,128]",recall_accuracy,1.0,1.0,ceiling,available,,,true,recall_accuracy,1.0,Recall accuracy,fraction,higher
sorn_direct_v1,sorn_direct_v1__cue_gain,cell_010,"[{""input_gain"":64.0}]","[{""scope"":""interface"",""parameter"":""input_gain"",""value"":64.0}]",cell_010,26,1,144,24,true,mean,64.0,200,167,33,12662,24,16,nothing,nothing,1,5305804199067740437,9018541844550905015,"[2,8]",recall_accuracy,0.0,0.0,floor,available,,,true,recall_accuracy,0.0,Recall accuracy,fraction,higher
sorn_direct_v1,sorn_direct_v1__cue_gain,cell_010,"[{""input_gain"":64.0}]","[{""scope"":""interface"",""parameter"":""input_gain"",""value"":64.0}]",cell_010,27,1,144,144,true,mean,64.0,200,167,33,12735,24,16,nothing,nothing,1,1890021112084179423,16000658053978501663,"[1,128]",recall_accuracy,0.0,0.0,floor,available,,,true,recall_accuracy,0.0,Recall accuracy,fraction,higher
sorn_direct_v1,sorn_direct_v1__cue_gain,cell_010,"[{""input_gain"":64.0}]","[{""scope"":""interface"",""parameter"":""input_gain"",""value"":64.0}]",cell_010,28,1,144,48,true,mean,64.0,200,167,33,12726,24,16,nothing,nothing,1,1776018569195849574,7476633210553105177,"[1,32]",recall_accuracy,0.0,0.0,floor,available,,,true,recall_accuracy,0.0,Recall accuracy,fraction,higher
sorn_direct_v1,sorn_direct_v1__cue_gain,cell_010,"[{""input_gain"":64.0}]","[{""scope"":""interface"",""parameter"":""input_gain"",""value"":64.0}]",cell_010,29,1,144,48,true,mean,64.0,200,167,33,12686,24,16,nothing,nothing,1,4175005280181533032,5513416892640168739,"[1,32]",recall_accuracy,1.0,1.0,ceiling,available,,,true,recall_accuracy,1.0,Recall accuracy,fraction,higher
sorn_direct_v1,sorn_direct_v1__cue_gain,cell_010,"[{""input_gain"":64.0}]","[{""scope"":""interface"",""parameter"":""input_gain"",""value"":64.0}]",cell_010,30,1,144,144,true,mean,64.0,200,167,33,12673,24,16,nothing,nothing,1,16710505966255441626,2541231920251608604,"[2,128]",recall_accuracy,1.0,1.0,ceiling,available,,,true,recall_accuracy,1.0,Recall accuracy,fraction,higher
sorn_direct_v1,sorn_direct_v1__cue_gain,cell_010,"[{""input_gain"":64.0}]","[{""scope"":""interface"",""parameter"":""input_gain"",""value"":64.0}]",cell_010,31,1,144,144,true,mean,64.0,200,167,33,12710,24,16,nothing,nothing,1,11812839796982125077,4041610743621828700,"[1,128]",recall_accuracy,1.0,1.0,ceiling,available,,,true,recall_accuracy,1.0,Recall accuracy,fraction,higher
sorn_direct_v1,sorn_direct_v1__cue_gain,cell_010,"[{""input_gain"":64.0}]","[{""scope"":""interface"",""parameter"":""input_gain"",""value"":64.0}]",cell_010,32,1,144,144,true,mean,64.0,200,167,33,12691,24,16,nothing,nothing,1,16406453392691124531,16705439672251359517,"[2,128]",recall_accuracy,0.0,0.0,floor,available,,,true,recall_accuracy,0.0,Recall accuracy,fraction,higher
sorn_direct_v1,sorn_direct_v1__cue_gain,cell_010,"[{""input_gain"":64.0}]","[{""scope"":""interface"",""parameter"":""input_gain"",""value"":64.0}]",cell_010,33,1,144,24,true,mean,64.0,200,167,33,12744,24,16,nothing,nothing,1,18330378760858546719,5559042496469174930,"[1,8]",recall_accuracy,0.0,0.0,floor,available,,,true,recall_accuracy,0.0,Recall accuracy,fraction,higher
sorn_direct_v1,sorn_direct_v1__cue_gain,cell_010,"[{""input_gain"":64.0}]","[{""scope"":""interface"",""parameter"":""input_gain"",""value"":64.0}]",cell_010,34,1,144,24,true,mean,64.0,200,167,33,12672,24,16,nothing,nothing,1,3715723027253993334,11622768072155729540,"[1,8]",recall_accuracy,1.0,1.0,ceiling,available,,,true,recall_accuracy,1.0,Recall accuracy,fraction,higher
sorn_direct_v1,sorn_direct_v1__cue_gain,cell_010,"[{""input_gain"":64.0}]","[{""scope"":""interface"",""parameter"":""input_gain"",""value"":64.0}]",cell_010,35,1,144,144,true,mean,64.0,200,167,33,12706,24,16,nothing,nothing,1,11042637072118289732,4642113296036802231,"[1,128]",recall_accuracy,1.0,1.0,ceiling,available,,,true,recall_accuracy,1.0,Recall accuracy,fraction,higher
sorn_direct_v1,sorn_direct_v1__cue_gain,cell_010,"[{""input_gain"":64.0}]","[{""scope"":""interface"",""parameter"":""input_gain"",""value"":64.0}]",cell_010,36,1,144,48,true,mean,64.0,200,167,33,12699,24,16,nothing,nothing,1,11778778505541887356,4759790416418358215,"[2,32]",recall_accuracy,0.0,0.0,floor,available,,,true,recall_accuracy,0.0,Recall accuracy,fraction,higher
sorn_direct_v1,sorn_direct_v1__cue_gain,cell_010,"[{""input_gain"":64.0}]","[{""scope"":""interface"",""parameter"":""input_gain"",""value"":64.0}]",cell_010,37,1,144,48,true,mean,64.0,200,167,33,12758,24,16,nothing,nothing,1,12349919897913586772,12221295028980735749,"[1,32]",recall_accuracy,0.0,0.0,floor,available,,,true,recall_accuracy,0.0,Recall accuracy,fraction,higher
sorn_direct_v1,sorn_direct_v1__cue_gain,cell_010,"[{""input_gain"":64.0}]","[{""scope"":""interface"",""parameter"":""input_gain"",""value"":64.0}]",cell_010,38,1,144,48,true,mean,64.0,200,167,33,12749,24,16,nothing,nothing,1,2094820528389185856,4307155270124468204,"[2,32]",recall_accuracy,1.0,1.0,ceiling,available,,,true,recall_accuracy,1.0,Recall accuracy,fraction,higher
sorn_direct_v1,sorn_direct_v1__cue_gain,cell_010,"[{""input_gain"":64.0}]","[{""scope"":""interface"",""parameter"":""input_gain"",""value"":64.0}]",cell_010,39,1,144,48,true,mean,64.0,200,167,33,12719,24,16,nothing,nothing,1,11467477645810861971,13772695671122785095,"[2,32]",recall_accuracy,1.0,1.0,ceiling,available,,,true,recall_accuracy,1.0,Recall accuracy,fraction,higher
sorn_direct_v1,sorn_direct_v1__cue_gain,cell_010,"[{""input_gain"":64.0}]","[{""scope"":""interface"",""parameter"":""input_gain"",""value"":64.0}]",cell_010,40,1,144,48,true,mean,64.0,200,167,33,12754,24,16,nothing,nothing,1,12067402140558866280,1827413742199942425,"[2,32]",recall_accuracy,0.0,0.0,floor,available,,,true,recall_accuracy,0.0,Recall accuracy,fraction,higher
sorn_direct_v1,sorn_direct_v1__cue_gain,cell_010,"[{""input_gain"":64.0}]","[{""scope"":""interface"",""parameter"":""input_gain"",""value"":64.0}]",cell_010,41,1,144,144,true,mean,64.0,200,167,33,12731,24,16,nothing,nothing,1,132902011912026565,1780461504424025134,"[2,128]",recall_accuracy,0.0,0.0,floor,available,,,true,recall_accuracy,0.0,Recall accuracy,fraction,higher
sorn_direct_v1,sorn_direct_v1__cue_gain,cell_010,"[{""input_gain"":64.0}]","[{""scope"":""interface"",""parameter"":""input_gain"",""value"":64.0}]",cell_010,42,1,144,24,true,mean,64.0,200,167,33,12658,24,16,nothing,nothing,1,2173737366513658484,8642874451656507712,"[1,8]",recall_accuracy,1.0,1.0,ceiling,available,,,true,recall_accuracy,1.0,Recall accuracy,fraction,higher
sorn_direct_v1,sorn_direct_v1__cue_gain,cell_010,"[{""input_gain"":64.0}]","[{""scope"":""interface"",""parameter"":""input_gain"",""value"":64.0}]",cell_010,43,1,144,144,true,mean,64.0,200,167,33,12710,24,16,nothing,nothing,1,5165084541978079275,7456934522800937254,"[2,128]",recall_accuracy,0.0,0.0,floor,available,,,true,recall_accuracy,0.0,Recall accuracy,fraction,higher
sorn_direct_v1,sorn_direct_v1__cue_gain,cell_010,"[{""input_gain"":64.0}]","[{""scope"":""interface"",""parameter"":""input_gain"",""value"":64.0}]",cell_010,44,1,144,48,true,mean,64.0,200,167,33,12637,24,16,nothing,nothing,1,2293836987134817461,257703088949437611,"[1,32]",recall_accuracy,0.0,0.0,floor,available,,,true,recall_accuracy,0.0,Recall accuracy,fraction,higher
sorn_direct_v1,sorn_direct_v1__cue_gain,cell_010,"[{""input_gain"":64.0}]","[{""scope"":""interface"",""parameter"":""input_gain"",""value"":64.0}]",cell_010,45,1,144,144,true,mean,64.0,200,167,33,12699,24,16,nothing,nothing,1,10128965811954267230,12347181926683009745,"[2,128]",recall_accuracy,1.0,1.0,ceiling,available,,,true,recall_accuracy,1.0,Recall accuracy,fraction,higher
sorn_direct_v1,sorn_direct_v1__cue_gain,cell_010,"[{""input_gain"":64.0}]","[{""scope"":""interface"",""parameter"":""input_gain"",""value"":64.0}]",cell_010,46,1,144,24,true,mean,64.0,200,167,33,12643,24,16,nothing,nothing,1,3451281025765506330,14451551029179234932,"[2,8]",recall_accuracy,0.0,0.0,floor,available,,,true,recall_accuracy,0.0,Recall accuracy,fraction,higher
sorn_direct_v1,sorn_direct_v1__cue_gain,cell_010,"[{""input_gain"":64.0}]","[{""scope"":""interface"",""parameter"":""input_gain"",""value"":64.0}]",cell_010,47,1,144,24,true,mean,64.0,200,167,33,12684,24,16,nothing,nothing,1,2294176740472559747,12823158141346789681,"[1,8]",recall_accuracy,0.0,0.0,floor,available,,,true,recall_accuracy,0.0,Recall accuracy,fraction,higher
sorn_direct_v1,sorn_direct_v1__cue_gain,cell_010,"[{""input_gain"":64.0}]","[{""scope"":""interface"",""parameter"":""input_gain"",""value"":64.0}]",cell_010,48,1,144,24,true,mean,64.0,200,167,33,12666,24,16,nothing,nothing,1,9784347037751403833,18048444690023247949,"[1,8]",recall_accuracy,1.0,1.0,ceiling,available,,,true,recall_accuracy,1.0,Recall accuracy,fraction,higher
sorn_direct_v1,sorn_direct_v1__cue_gain,cell_010,"[{""input_gain"":64.0}]","[{""scope"":""interface"",""parameter"":""input_gain"",""value"":64.0}]",cell_010,49,1,144,144,true,mean,64.0,200,167,33,12755,24,16,nothing,nothing,1,6588923318380175359,1248657061175819954,"[1,128]",recall_accuracy,0.0,0.0,floor,available,,,true,recall_accuracy,0.0,Recall accuracy,fraction,higher
sorn_direct_v1,sorn_direct_v1__cue_gain,cell_010,"[{""input_gain"":64.0}]","[{""scope"":""interface"",""parameter"":""input_gain"",""value"":64.0}]",cell_010,50,1,144,48,true,mean,64.0,200,167,33,12702,24,16,nothing,nothing,1,15035618909834924299,8342279397843918002,"[1,32]",recall_accuracy,0.0,0.0,floor,available,,,true,recall_accuracy,0.0,Recall accuracy,fraction,higher
sorn_direct_v1,sorn_direct_v1__cue_gain,cell_010,"[{""input_gain"":64.0}]","[{""scope"":""interface"",""parameter"":""input_gain"",""value"":64.0}]",cell_010,51,1,144,24,true,mean,64.0,200,167,33,12632,24,16,nothing,nothing,1,17223717394318311879,16475816545815083334,"[2,8]",recall_accuracy,0.0,0.0,floor,available,,,true,recall_accuracy,0.0,Recall accuracy,fraction,higher
sorn_direct_v1,sorn_direct_v1__cue_gain,cell_010,"[{""input_gain"":64.0}]","[{""scope"":""interface"",""parameter"":""input_gain"",""value"":64.0}]",cell_010,52,1,144,144,true,mean,64.0,200,167,33,12684,24,16,nothing,nothing,1,10129998799575410123,12395589511584612683,"[2,128]",recall_accuracy,0.0,0.0,floor,available,,,true,recall_accuracy,0.0,Recall accuracy,fraction,higher
sorn_direct_v1,sorn_direct_v1__cue_gain,cell_010,"[{""input_gain"":64.0}]","[{""scope"":""interface"",""parameter"":""input_gain"",""value"":64.0}]",cell_010,53,1,144,24,true,mean,64.0,200,167,33,12669,24,16,nothing,nothing,1,9671944610139963057,8890533234528554735,"[2,8]",recall_accuracy,0.0,0.0,floor,available,,,true,recall_accuracy,0.0,Recall accuracy,fraction,higher
sorn_direct_v1,sorn_direct_v1__cue_gain,cell_010,"[{""input_gain"":64.0}]","[{""scope"":""interface"",""parameter"":""input_gain"",""value"":64.0}]",cell_010,54,1,144,144,true,mean,64.0,200,167,33,12708,24,16,nothing,nothing,1,1788530956162033851,15373284929577107875,"[2,128]",recall_accuracy,1.0,1.0,ceiling,available,,,true,recall_accuracy,1.0,Recall accuracy,fraction,higher
sorn_direct_v1,sorn_direct_v1__cue_gain,cell_010,"[{""input_gain"":64.0}]","[{""scope"":""interface"",""parameter"":""input_gain"",""value"":64.0}]",cell_010,55,1,144,48,true,mean,64.0,200,167,33,12736,24,16,nothing,nothing,1,5441637634392943237,11815403074947356053,"[1,32]",recall_accuracy,1.0,1.0,ceiling,available,,,true,recall_accuracy,1.0,Recall accuracy,fraction,higher
sorn_direct_v1,sorn_direct_v1__cue_gain,cell_010,"[{""input_gain"":64.0}]","[{""scope"":""interface"",""parameter"":""input_gain"",""value"":64.0}]",cell_010,56,1,144,144,true,mean,64.0,200,167,33,12703,24,16,nothing,nothing,1,14347655445405055375,13162847327565096646,"[1,128]",recall_accuracy,0.0,0.0,floor,available,,,true,recall_accuracy,0.0,Recall accuracy,fraction,higher
sorn_direct_v1,sorn_direct_v1__cue_gain,cell_010,"[{""input_gain"":64.0}]","[{""scope"":""interface"",""parameter"":""input_gain"",""value"":64.0}]",cell_010,57,1,144,48,true,mean,64.0,200,167,33,12712,24,16,nothing,nothing,1,11644824721951697626,7511054878922844313,"[1,32]",recall_accuracy,0.0,0.0,floor,available,,,true,recall_accuracy,0.0,Recall accuracy,fraction,higher
sorn_direct_v1,sorn_direct_v1__cue_gain,cell_010,"[{""input_gain"":64.0}]","[{""scope"":""interface"",""parameter"":""input_gain"",""value"":64.0}]",cell_010,58,1,144,144,true,mean,64.0,200,167,33,12719,24,16,nothing,nothing,1,3614007658241057366,8570678930441301800,"[1,128]",recall_accuracy,0.0,0.0,floor,available,,,true,recall_accuracy,0.0,Recall accuracy,fraction,higher
sorn_direct_v1,sorn_direct_v1__cue_gain,cell_010,"[{""input_gain"":64.0}]","[{""scope"":""interface"",""parameter"":""input_gain"",""value"":64.0}]",cell_010,59,1,144,48,true,mean,64.0,200,167,33,12673,24,16,nothing,nothing,1,13936861783564098257,5426089333597508761,"[2,32]",recall_accuracy,1.0,1.0,ceiling,available,,,true,recall_accuracy,1.0,Recall accuracy,fraction,higher
sorn_direct_v1,sorn_direct_v1__cue_gain,cell_010,"[{""input_gain"":64.0}]","[{""scope"":""interface"",""parameter"":""input_gain"",""value"":64.0}]",cell_010,60,1,144,48,true,mean,64.0,200,167,33,12693,24,16,nothing,nothing,1,9527832416359745478,5214327403748666619,"[2,32]",recall_accuracy,0.0,0.0,floor,available,,,true,recall_accuracy,0.0,Recall accuracy,fraction,higher
sorn_direct_v1,sorn_direct_v1__cue_gain,cell_010,"[{""input_gain"":64.0}]","[{""scope"":""interface"",""parameter"":""input_gain"",""value"":64.0}]",cell_010,61,1,144,48,true,mean,64.0,200,167,33,12692,24,16,nothing,nothing,1,10646813720893225970,8002679564930726200,"[2,32]",recall_accuracy,0.0,0.0,floor,available,,,true,recall_accuracy,0.0,Recall accuracy,fraction,higher
sorn_direct_v1,sorn_direct_v1__cue_gain,cell_010,"[{""input_gain"":64.0}]","[{""scope"":""interface"",""parameter"":""input_gain"",""value"":64.0}]",cell_010,62,1,144,48,true,mean,64.0,200,167,33,12708,24,16,nothing,nothing,1,8430310599560062244,17228052206586944633,"[1,32]",recall_accuracy,1.0,1.0,ceiling,available,,,true,recall_accuracy,1.0,Recall accuracy,fraction,higher
sorn_direct_v1,sorn_direct_v1__cue_gain,cell_010,"[{""input_gain"":64.0}]","[{""scope"":""interface"",""parameter"":""input_gain"",""value"":64.0}]",cell_010,63,1,144,48,true,mean,64.0,200,167,33,12669,24,16,nothing,nothing,1,10825196418829806225,2441450863927944530,"[1,32]",recall_accuracy,1.0,1.0,ceiling,available,,,true,recall_accuracy,1.0,Recall accuracy,fraction,higher
sorn_direct_v1,sorn_direct_v1__cue_gain,cell_010,"[{""input_gain"":64.0}]","[{""scope"":""interface"",""parameter"":""input_gain"",""value"":64.0}]",cell_010,64,1,144,24,true,mean,64.0,200,167,33,12696,24,16,nothing,nothing,1,11073688597975590768,10959836952691641193,"[2,8]",recall_accuracy,1.0,1.0,ceiling,available,,,true,recall_accuracy,1.0,Recall accuracy,fraction,higher
