case,condition,block,trial,window,executed_scored_ticks,terminated,aggregate,input_gain,dynamic_nodes,excitatory_nodes,inhibitory_nodes,recurrent_edges,input_edges,output_edges,seed_ledger_agents,topology_seed,world_seed,initial_state,score_key,raw_score,normalized_score,normalized_bound,normalization_status,anchor_scored_ticks,viable,liveness,profile_metric,profile_value,profile_label,profile_unit,profile_direction
delayed_cue,falandays_direct_v1__cue_pilot,1,1,144,24,true,mean,0.125,200,200,0,3979,48,42,1,10020470956265327104,7833037243821811183,"{""cue"":1,""delay"":8}",recall_accuracy,1.0,1.0,ceiling,available,,,false,recall_accuracy,1.0,Recall accuracy,fraction,higher
delayed_cue,falandays_direct_v1__cue_pilot,2,1,144,144,true,mean,0.125,200,200,0,4055,64,40,1,14246055676801775020,4923829078842474769,"{""cue"":2,""delay"":128}",recall_accuracy,0.0,0.0,floor,available,,,false,recall_accuracy,0.0,Recall accuracy,fraction,higher
delayed_cue,falandays_direct_v1__cue_pilot,3,1,144,144,true,mean,0.125,200,200,0,3941,54,29,1,2929387443181183701,13402120460600784000,"{""cue"":1,""delay"":128}",recall_accuracy,1.0,1.0,ceiling,available,,,false,recall_accuracy,1.0,Recall accuracy,fraction,higher
delayed_cue,falandays_direct_v1__cue_pilot,4,1,144,24,true,mean,0.125,200,200,0,3900,51,36,1,281963158943288977,7731560309677227480,"{""cue"":1,""delay"":8}",recall_accuracy,1.0,1.0,ceiling,available,,,false,recall_accuracy,1.0,Recall accuracy,fraction,higher
delayed_cue,falandays_direct_v1__cue_pilot,5,1,144,48,true,mean,0.125,200,200,0,3994,61,31,1,1118801614417592054,14757108128484374152,"{""cue"":2,""delay"":32}",recall_accuracy,0.0,0.0,floor,available,,,false,recall_accuracy,0.0,Recall accuracy,fraction,higher
delayed_cue,falandays_direct_v1__cue_pilot,6,1,144,144,true,mean,0.125,200,200,0,3965,71,47,1,461708797928593900,5885953833326647753,"{""cue"":2,""delay"":128}",recall_accuracy,0.0,0.0,floor,available,,,false,recall_accuracy,0.0,Recall accuracy,fraction,higher
delayed_cue,falandays_direct_v1__cue_pilot,7,1,144,48,true,mean,0.125,200,200,0,3855,65,35,1,11918915535779105006,7305078290292916194,"{""cue"":1,""delay"":32}",recall_accuracy,1.0,1.0,ceiling,available,,,false,recall_accuracy,1.0,Recall accuracy,fraction,higher
delayed_cue,falandays_direct_v1__cue_pilot,8,1,144,24,true,mean,0.125,200,200,0,3903,69,34,1,7682394112600615841,7923997601292254179,"{""cue"":2,""delay"":8}",recall_accuracy,0.0,0.0,floor,available,,,false,recall_accuracy,0.0,Recall accuracy,fraction,higher
delayed_cue,falandays_direct_v1__cue_pilot,9,1,144,48,true,mean,0.125,200,200,0,3981,57,41,1,14085987359674609968,8654124664606755756,"{""cue"":2,""delay"":32}",recall_accuracy,0.0,0.0,floor,available,,,false,recall_accuracy,0.0,Recall accuracy,fraction,higher
delayed_cue,falandays_direct_v1__cue_pilot,10,1,144,24,true,mean,0.125,200,200,0,3952,48,30,1,2699422631798698885,14948098441097652089,"{""cue"":2,""delay"":8}",recall_accuracy,0.0,0.0,floor,available,,,false,recall_accuracy,0.0,Recall accuracy,fraction,higher
delayed_cue,falandays_direct_v1__cue_pilot,11,1,144,48,true,mean,0.125,200,200,0,4020,58,37,1,14135795407688954894,3688813224852722217,"{""cue"":2,""delay"":32}",recall_accuracy,0.0,0.0,floor,available,,,false,recall_accuracy,0.0,Recall accuracy,fraction,higher
delayed_cue,falandays_direct_v1__cue_pilot,12,1,144,48,true,mean,0.125,200,200,0,3994,54,47,1,2709342939048905287,11313003562910833839,"{""cue"":1,""delay"":32}",recall_accuracy,1.0,1.0,ceiling,available,,,false,recall_accuracy,1.0,Recall accuracy,fraction,higher
delayed_cue,falandays_direct_v1__cue_pilot,13,1,144,48,true,mean,0.125,200,200,0,3965,63,35,1,4183893646916259204,7620629583172677377,"{""cue"":2,""delay"":32}",recall_accuracy,0.0,0.0,floor,available,,,false,recall_accuracy,0.0,Recall accuracy,fraction,higher
delayed_cue,falandays_direct_v1__cue_pilot,14,1,144,24,true,mean,0.125,200,200,0,4031,59,37,1,9145875451113571442,9007689564834059811,"{""cue"":2,""delay"":8}",recall_accuracy,0.0,0.0,floor,available,,,false,recall_accuracy,0.0,Recall accuracy,fraction,higher
delayed_cue,falandays_direct_v1__cue_pilot,15,1,144,144,true,mean,0.125,200,200,0,3964,77,35,1,3008766603840968182,16465218612303165052,"{""cue"":1,""delay"":128}",recall_accuracy,1.0,1.0,ceiling,available,,,false,recall_accuracy,1.0,Recall accuracy,fraction,higher
delayed_cue,falandays_direct_v1__cue_pilot,16,1,144,144,true,mean,0.125,200,200,0,4003,66,37,1,11249370966640397013,9253600968700658956,"{""cue"":1,""delay"":128}",recall_accuracy,1.0,1.0,ceiling,available,,,false,recall_accuracy,1.0,Recall accuracy,fraction,higher
delayed_cue,falandays_direct_v1__cue_pilot,17,1,144,24,true,mean,0.125,200,200,0,3962,64,52,1,11336107500834328683,7231068646943227173,"{""cue"":1,""delay"":8}",recall_accuracy,1.0,1.0,ceiling,available,,,false,recall_accuracy,1.0,Recall accuracy,fraction,higher
delayed_cue,falandays_direct_v1__cue_pilot,18,1,144,144,true,mean,0.125,200,200,0,3912,59,42,1,14583112693887324418,14609240300733671663,"{""cue"":1,""delay"":128}",recall_accuracy,1.0,1.0,ceiling,available,,,false,recall_accuracy,1.0,Recall accuracy,fraction,higher
delayed_cue,falandays_direct_v1__cue_pilot,19,1,144,24,true,mean,0.125,200,200,0,4053,47,39,1,3511425891034134834,6991636395867746219,"{""cue"":2,""delay"":8}",recall_accuracy,0.0,0.0,floor,available,,,false,recall_accuracy,0.0,Recall accuracy,fraction,higher
delayed_cue,falandays_direct_v1__cue_pilot,20,1,144,144,true,mean,0.125,200,200,0,3956,55,35,1,9665668109965195923,10461435943494771585,"{""cue"":1,""delay"":128}",recall_accuracy,1.0,1.0,ceiling,available,,,false,recall_accuracy,1.0,Recall accuracy,fraction,higher
delayed_cue,falandays_direct_v1__cue_pilot,21,1,144,48,true,mean,0.125,200,200,0,4078,56,51,1,6902986414004543150,5416661579998404624,"{""cue"":1,""delay"":32}",recall_accuracy,1.0,1.0,ceiling,available,,,false,recall_accuracy,1.0,Recall accuracy,fraction,higher
delayed_cue,falandays_direct_v1__cue_pilot,22,1,144,48,true,mean,0.125,200,200,0,4124,74,36,1,8825372919934649232,7882667760995557606,"{""cue"":1,""delay"":32}",recall_accuracy,1.0,1.0,ceiling,available,,,false,recall_accuracy,1.0,Recall accuracy,fraction,higher
delayed_cue,falandays_direct_v1__cue_pilot,23,1,144,24,true,mean,0.125,200,200,0,3998,60,40,1,6236559834194837027,12112332401919133547,"{""cue"":2,""delay"":8}",recall_accuracy,0.0,0.0,floor,available,,,false,recall_accuracy,0.0,Recall accuracy,fraction,higher
delayed_cue,falandays_direct_v1__cue_pilot,24,1,144,24,true,mean,0.125,200,200,0,3875,54,44,1,16567802312103445570,11643029525362392454,"{""cue"":2,""delay"":8}",recall_accuracy,0.0,0.0,floor,available,,,false,recall_accuracy,0.0,Recall accuracy,fraction,higher
delayed_cue,falandays_direct_v1__cue_pilot,25,1,144,48,true,mean,0.125,200,200,0,4007,57,38,1,7935830174379335636,10460884635036068201,"{""cue"":2,""delay"":32}",recall_accuracy,0.0,0.0,floor,available,,,false,recall_accuracy,0.0,Recall accuracy,fraction,higher
delayed_cue,falandays_direct_v1__cue_pilot,26,1,144,48,true,mean,0.125,200,200,0,4073,71,44,1,4250996398056876358,14383457197430757047,"{""cue"":2,""delay"":32}",recall_accuracy,0.0,0.0,floor,available,,,false,recall_accuracy,0.0,Recall accuracy,fraction,higher
delayed_cue,falandays_direct_v1__cue_pilot,27,1,144,144,true,mean,0.125,200,200,0,3944,71,42,1,2246626268925841803,2464763767336698011,"{""cue"":2,""delay"":128}",recall_accuracy,0.0,0.0,floor,available,,,false,recall_accuracy,0.0,Recall accuracy,fraction,higher
delayed_cue,falandays_direct_v1__cue_pilot,28,1,144,144,true,mean,0.125,200,200,0,3865,64,41,1,7728900105431985969,6159722965017159520,"{""cue"":2,""delay"":128}",recall_accuracy,0.0,0.0,floor,available,,,false,recall_accuracy,0.0,Recall accuracy,fraction,higher
delayed_cue,falandays_direct_v1__cue_pilot,29,1,144,24,true,mean,0.125,200,200,0,4002,47,44,1,9318350794572855319,990217331029627589,"{""cue"":1,""delay"":8}",recall_accuracy,1.0,1.0,ceiling,available,,,false,recall_accuracy,1.0,Recall accuracy,fraction,higher
delayed_cue,falandays_direct_v1__cue_pilot,30,1,144,144,true,mean,0.125,200,200,0,4015,52,49,1,8956394808977502638,16691355355063461289,"{""cue"":1,""delay"":128}",recall_accuracy,1.0,1.0,ceiling,available,,,false,recall_accuracy,1.0,Recall accuracy,fraction,higher
delayed_cue,falandays_direct_v1__cue_pilot,31,1,144,24,true,mean,0.125,200,200,0,3951,65,45,1,10531430931960112027,437272586768104324,"{""cue"":2,""delay"":8}",recall_accuracy,0.0,0.0,floor,available,,,false,recall_accuracy,0.0,Recall accuracy,fraction,higher
delayed_cue,falandays_direct_v1__cue_pilot,32,1,144,24,true,mean,0.125,200,200,0,4017,59,35,1,12032310628841775255,152564221908248669,"{""cue"":2,""delay"":8}",recall_accuracy,0.0,0.0,floor,available,,,false,recall_accuracy,0.0,Recall accuracy,fraction,higher
delayed_cue,falandays_direct_v1__cue_pilot,33,1,144,24,true,mean,0.125,200,200,0,4002,55,31,1,1072071041638551265,1872579077626432581,"{""cue"":2,""delay"":8}",recall_accuracy,0.0,0.0,floor,available,,,false,recall_accuracy,0.0,Recall accuracy,fraction,higher
delayed_cue,falandays_direct_v1__cue_pilot,34,1,144,48,true,mean,0.125,200,200,0,3926,60,43,1,6822312833772154391,172322410839173398,"{""cue"":1,""delay"":32}",recall_accuracy,1.0,1.0,ceiling,available,,,false,recall_accuracy,1.0,Recall accuracy,fraction,higher
delayed_cue,falandays_direct_v1__cue_pilot,35,1,144,48,true,mean,0.125,200,200,0,3969,65,38,1,6512812686849621579,1867930520921966924,"{""cue"":2,""delay"":32}",recall_accuracy,0.0,0.0,floor,available,,,false,recall_accuracy,0.0,Recall accuracy,fraction,higher
delayed_cue,falandays_direct_v1__cue_pilot,36,1,144,48,true,mean,0.125,200,200,0,3920,65,42,1,5548739966263696648,9489355222374571138,"{""cue"":1,""delay"":32}",recall_accuracy,1.0,1.0,ceiling,available,,,false,recall_accuracy,1.0,Recall accuracy,fraction,higher
delayed_cue,falandays_direct_v1__cue_pilot,37,1,144,24,true,mean,0.125,200,200,0,3891,66,39,1,8514516786920401491,13407941294844607642,"{""cue"":2,""delay"":8}",recall_accuracy,0.0,0.0,floor,available,,,false,recall_accuracy,0.0,Recall accuracy,fraction,higher
delayed_cue,falandays_direct_v1__cue_pilot,38,1,144,48,true,mean,0.125,200,200,0,3994,66,35,1,14009811934138796414,12200404415516286254,"{""cue"":2,""delay"":32}",recall_accuracy,0.0,0.0,floor,available,,,false,recall_accuracy,0.0,Recall accuracy,fraction,higher
delayed_cue,falandays_direct_v1__cue_pilot,39,1,144,24,true,mean,0.125,200,200,0,4008,66,30,1,4058116552165381717,11912874298920438734,"{""cue"":2,""delay"":8}",recall_accuracy,0.0,0.0,floor,available,,,false,recall_accuracy,0.0,Recall accuracy,fraction,higher
delayed_cue,falandays_direct_v1__cue_pilot,40,1,144,144,true,mean,0.125,200,200,0,4030,71,47,1,16333411997249874005,7364631191195490369,"{""cue"":2,""delay"":128}",recall_accuracy,0.0,0.0,floor,available,,,false,recall_accuracy,0.0,Recall accuracy,fraction,higher
delayed_cue,falandays_direct_v1__cue_pilot,41,1,144,48,true,mean,0.125,200,200,0,3916,60,34,1,15622969693699443790,11025283218651675887,"{""cue"":1,""delay"":32}",recall_accuracy,1.0,1.0,ceiling,available,,,false,recall_accuracy,1.0,Recall accuracy,fraction,higher
delayed_cue,falandays_direct_v1__cue_pilot,42,1,144,48,true,mean,0.125,200,200,0,3877,61,45,1,13284220070478417414,11586831232749726705,"{""cue"":2,""delay"":32}",recall_accuracy,0.0,0.0,floor,available,,,false,recall_accuracy,0.0,Recall accuracy,fraction,higher
delayed_cue,falandays_direct_v1__cue_pilot,43,1,144,144,true,mean,0.125,200,200,0,3847,75,43,1,13046840878264438086,4790376359106899968,"{""cue"":1,""delay"":128}",recall_accuracy,1.0,1.0,ceiling,available,,,false,recall_accuracy,1.0,Recall accuracy,fraction,higher
delayed_cue,falandays_direct_v1__cue_pilot,44,1,144,24,true,mean,0.125,200,200,0,4017,63,34,1,10143895329956947600,10474793773248952592,"{""cue"":1,""delay"":8}",recall_accuracy,1.0,1.0,ceiling,available,,,false,recall_accuracy,1.0,Recall accuracy,fraction,higher
delayed_cue,falandays_direct_v1__cue_pilot,45,1,144,144,true,mean,0.125,200,200,0,4026,66,28,1,14545625448721324487,8368947532352539109,"{""cue"":1,""delay"":128}",recall_accuracy,1.0,1.0,ceiling,available,,,false,recall_accuracy,1.0,Recall accuracy,fraction,higher
delayed_cue,falandays_direct_v1__cue_pilot,46,1,144,48,true,mean,0.125,200,200,0,3943,52,41,1,6811661029092908853,7573658266822497555,"{""cue"":1,""delay"":32}",recall_accuracy,1.0,1.0,ceiling,available,,,false,recall_accuracy,1.0,Recall accuracy,fraction,higher
delayed_cue,falandays_direct_v1__cue_pilot,47,1,144,48,true,mean,0.125,200,200,0,4021,53,27,1,10319700923600120064,11164244345997371055,"{""cue"":2,""delay"":32}",recall_accuracy,0.0,0.0,floor,available,,,false,recall_accuracy,0.0,Recall accuracy,fraction,higher
delayed_cue,falandays_direct_v1__cue_pilot,48,1,144,24,true,mean,0.125,200,200,0,4020,52,36,1,2705715966813100137,6135936011044478210,"{""cue"":1,""delay"":8}",recall_accuracy,1.0,1.0,ceiling,available,,,false,recall_accuracy,1.0,Recall accuracy,fraction,higher
delayed_cue,falandays_direct_v1__cue_pilot,49,1,144,24,true,mean,0.125,200,200,0,4091,55,34,1,16436448134303851165,6213597901932483794,"{""cue"":1,""delay"":8}",recall_accuracy,1.0,1.0,ceiling,available,,,false,recall_accuracy,1.0,Recall accuracy,fraction,higher
delayed_cue,falandays_direct_v1__cue_pilot,50,1,144,24,true,mean,0.125,200,200,0,4003,75,41,1,15168487338355224681,3538632752452620444,"{""cue"":2,""delay"":8}",recall_accuracy,0.0,0.0,floor,available,,,false,recall_accuracy,0.0,Recall accuracy,fraction,higher
delayed_cue,falandays_direct_v1__cue_pilot,51,1,144,144,true,mean,0.125,200,200,0,3945,59,50,1,16629456321675769925,9253859340977142129,"{""cue"":1,""delay"":128}",recall_accuracy,1.0,1.0,ceiling,available,,,false,recall_accuracy,1.0,Recall accuracy,fraction,higher
delayed_cue,falandays_direct_v1__cue_pilot,52,1,144,48,true,mean,0.125,200,200,0,3897,54,36,1,6286194586899697081,3085148682663351247,"{""cue"":2,""delay"":32}",recall_accuracy,0.0,0.0,floor,available,,,false,recall_accuracy,0.0,Recall accuracy,fraction,higher
delayed_cue,falandays_direct_v1__cue_pilot,53,1,144,48,true,mean,0.125,200,200,0,3989,64,41,1,4993652665870384404,2752483952000498297,"{""cue"":1,""delay"":32}",recall_accuracy,1.0,1.0,ceiling,available,,,false,recall_accuracy,1.0,Recall accuracy,fraction,higher
delayed_cue,falandays_direct_v1__cue_pilot,54,1,144,24,true,mean,0.125,200,200,0,4045,65,47,1,16950063920069612076,960392228513830461,"{""cue"":1,""delay"":8}",recall_accuracy,1.0,1.0,ceiling,available,,,false,recall_accuracy,1.0,Recall accuracy,fraction,higher
delayed_cue,falandays_direct_v1__cue_pilot,55,1,144,24,true,mean,0.125,200,200,0,3895,57,39,1,1862295174544445822,6477960279529346096,"{""cue"":2,""delay"":8}",recall_accuracy,0.0,0.0,floor,available,,,false,recall_accuracy,0.0,Recall accuracy,fraction,higher
delayed_cue,falandays_direct_v1__cue_pilot,56,1,144,24,true,mean,0.125,200,200,0,3950,66,30,1,3675505845960502385,2420344093678623438,"{""cue"":2,""delay"":8}",recall_accuracy,0.0,0.0,floor,available,,,false,recall_accuracy,0.0,Recall accuracy,fraction,higher
delayed_cue,falandays_direct_v1__cue_pilot,57,1,144,144,true,mean,0.125,200,200,0,3984,61,38,1,2473736073344538832,3928945947083975551,"{""cue"":2,""delay"":128}",recall_accuracy,0.0,0.0,floor,available,,,false,recall_accuracy,0.0,Recall accuracy,fraction,higher
delayed_cue,falandays_direct_v1__cue_pilot,58,1,144,48,true,mean,0.125,200,200,0,3944,57,40,1,863333919889411678,9441613745715514839,"{""cue"":2,""delay"":32}",recall_accuracy,0.0,0.0,floor,available,,,false,recall_accuracy,0.0,Recall accuracy,fraction,higher
delayed_cue,falandays_direct_v1__cue_pilot,59,1,144,48,true,mean,0.125,200,200,0,3892,65,43,1,15687972060898063153,16119334337036452075,"{""cue"":1,""delay"":32}",recall_accuracy,1.0,1.0,ceiling,available,,,false,recall_accuracy,1.0,Recall accuracy,fraction,higher
delayed_cue,falandays_direct_v1__cue_pilot,60,1,144,24,true,mean,0.125,200,200,0,4030,68,41,1,14873644063999546110,13378338712449002368,"{""cue"":2,""delay"":8}",recall_accuracy,0.0,0.0,floor,available,,,false,recall_accuracy,0.0,Recall accuracy,fraction,higher
delayed_cue,falandays_direct_v1__cue_pilot,61,1,144,48,true,mean,0.125,200,200,0,3888,62,40,1,16989203405591973490,2183507025913576686,"{""cue"":2,""delay"":32}",recall_accuracy,0.0,0.0,floor,available,,,false,recall_accuracy,0.0,Recall accuracy,fraction,higher
delayed_cue,falandays_direct_v1__cue_pilot,62,1,144,144,true,mean,0.125,200,200,0,3963,80,34,1,5410747690197425571,16198371108778572921,"{""cue"":2,""delay"":128}",recall_accuracy,0.0,0.0,floor,available,,,false,recall_accuracy,0.0,Recall accuracy,fraction,higher
delayed_cue,falandays_direct_v1__cue_pilot,63,1,144,48,true,mean,0.125,200,200,0,3946,65,38,1,3882571933059805568,6263019249063420766,"{""cue"":2,""delay"":32}",recall_accuracy,0.0,0.0,floor,available,,,false,recall_accuracy,0.0,Recall accuracy,fraction,higher
delayed_cue,falandays_direct_v1__cue_pilot,64,1,144,48,true,mean,0.125,200,200,0,3950,57,42,1,345473255217892074,10626294230072449383,"{""cue"":2,""delay"":32}",recall_accuracy,0.0,0.0,floor,available,,,false,recall_accuracy,0.0,Recall accuracy,fraction,higher
delayed_cue,falandays_direct_v1__cue_pilot,65,1,144,24,true,mean,0.125,200,200,0,3982,52,40,1,5067619733994967177,243964136393792281,"{""cue"":2,""delay"":8}",recall_accuracy,0.0,0.0,floor,available,,,false,recall_accuracy,0.0,Recall accuracy,fraction,higher
delayed_cue,falandays_direct_v1__cue_pilot,66,1,144,144,true,mean,0.125,200,200,0,4099,60,41,1,4023687938901674683,16568669157571587861,"{""cue"":2,""delay"":128}",recall_accuracy,0.0,0.0,floor,available,,,false,recall_accuracy,0.0,Recall accuracy,fraction,higher
delayed_cue,falandays_direct_v1__cue_pilot,67,1,144,24,true,mean,0.125,200,200,0,3943,58,39,1,8015880953829626058,7501605634579758634,"{""cue"":1,""delay"":8}",recall_accuracy,1.0,1.0,ceiling,available,,,false,recall_accuracy,1.0,Recall accuracy,fraction,higher
delayed_cue,falandays_direct_v1__cue_pilot,68,1,144,144,true,mean,0.125,200,200,0,4035,83,44,1,17093550928865960919,8208033475401905379,"{""cue"":2,""delay"":128}",recall_accuracy,0.0,0.0,floor,available,,,false,recall_accuracy,0.0,Recall accuracy,fraction,higher
delayed_cue,falandays_direct_v1__cue_pilot,69,1,144,144,true,mean,0.125,200,200,0,4006,54,37,1,14112147857108770127,13356662379799987784,"{""cue"":1,""delay"":128}",recall_accuracy,1.0,1.0,ceiling,available,,,false,recall_accuracy,1.0,Recall accuracy,fraction,higher
delayed_cue,falandays_direct_v1__cue_pilot,70,1,144,24,true,mean,0.125,200,200,0,3944,57,36,1,7205239554251703389,8035157228053094001,"{""cue"":2,""delay"":8}",recall_accuracy,0.0,0.0,floor,available,,,false,recall_accuracy,0.0,Recall accuracy,fraction,higher
delayed_cue,falandays_direct_v1__cue_pilot,71,1,144,48,true,mean,0.125,200,200,0,4008,58,41,1,17433873007442145068,3646258474484183429,"{""cue"":2,""delay"":32}",recall_accuracy,0.0,0.0,floor,available,,,false,recall_accuracy,0.0,Recall accuracy,fraction,higher
delayed_cue,falandays_direct_v1__cue_pilot,72,1,144,24,true,mean,0.125,200,200,0,3951,70,44,1,10514153851860375291,3706660346503529620,"{""cue"":1,""delay"":8}",recall_accuracy,1.0,1.0,ceiling,available,,,false,recall_accuracy,1.0,Recall accuracy,fraction,higher
delayed_cue,falandays_direct_v1__cue_pilot,73,1,144,24,true,mean,0.125,200,200,0,4022,49,42,1,4724725558156975392,5583561669797560892,"{""cue"":2,""delay"":8}",recall_accuracy,0.0,0.0,floor,available,,,false,recall_accuracy,0.0,Recall accuracy,fraction,higher
delayed_cue,falandays_direct_v1__cue_pilot,74,1,144,144,true,mean,0.125,200,200,0,3989,61,42,1,3871458749360505473,7406610784075232701,"{""cue"":1,""delay"":128}",recall_accuracy,1.0,1.0,ceiling,available,,,false,recall_accuracy,1.0,Recall accuracy,fraction,higher
delayed_cue,falandays_direct_v1__cue_pilot,75,1,144,48,true,mean,0.125,200,200,0,3932,68,44,1,8511390863418335168,13450806396034304269,"{""cue"":2,""delay"":32}",recall_accuracy,0.0,0.0,floor,available,,,false,recall_accuracy,0.0,Recall accuracy,fraction,higher
delayed_cue,falandays_direct_v1__cue_pilot,76,1,144,24,true,mean,0.125,200,200,0,3993,48,45,1,8672611052784901864,2195413309589781367,"{""cue"":1,""delay"":8}",recall_accuracy,1.0,1.0,ceiling,available,,,false,recall_accuracy,1.0,Recall accuracy,fraction,higher
delayed_cue,falandays_direct_v1__cue_pilot,77,1,144,144,true,mean,0.125,200,200,0,4044,53,31,1,9533840109570626001,12020459811848018816,"{""cue"":2,""delay"":128}",recall_accuracy,0.0,0.0,floor,available,,,false,recall_accuracy,0.0,Recall accuracy,fraction,higher
delayed_cue,falandays_direct_v1__cue_pilot,78,1,144,24,true,mean,0.125,200,200,0,4065,50,36,1,6759496619658586282,1595620491159436282,"{""cue"":1,""delay"":8}",recall_accuracy,1.0,1.0,ceiling,available,,,false,recall_accuracy,1.0,Recall accuracy,fraction,higher
delayed_cue,falandays_direct_v1__cue_pilot,79,1,144,144,true,mean,0.125,200,200,0,4034,47,42,1,4155128474552221587,3495381576393975302,"{""cue"":2,""delay"":128}",recall_accuracy,0.0,0.0,floor,available,,,false,recall_accuracy,0.0,Recall accuracy,fraction,higher
delayed_cue,falandays_direct_v1__cue_pilot,80,1,144,24,true,mean,0.125,200,200,0,3996,66,34,1,11102407810702270774,10020868452905883314,"{""cue"":1,""delay"":8}",recall_accuracy,1.0,1.0,ceiling,available,,,false,recall_accuracy,1.0,Recall accuracy,fraction,higher
delayed_cue,falandays_direct_v1__cue_pilot,81,1,144,24,true,mean,0.125,200,200,0,3943,65,34,1,1378379532649177998,6457786877156776162,"{""cue"":1,""delay"":8}",recall_accuracy,1.0,1.0,ceiling,available,,,false,recall_accuracy,1.0,Recall accuracy,fraction,higher
delayed_cue,falandays_direct_v1__cue_pilot,82,1,144,144,true,mean,0.125,200,200,0,4000,56,49,1,7161235778711027738,9802533914902816034,"{""cue"":1,""delay"":128}",recall_accuracy,1.0,1.0,ceiling,available,,,false,recall_accuracy,1.0,Recall accuracy,fraction,higher
delayed_cue,falandays_direct_v1__cue_pilot,83,1,144,24,true,mean,0.125,200,200,0,3877,62,29,1,16059876857664478610,2760383983567320115,"{""cue"":1,""delay"":8}",recall_accuracy,1.0,1.0,ceiling,available,,,false,recall_accuracy,1.0,Recall accuracy,fraction,higher
delayed_cue,falandays_direct_v1__cue_pilot,84,1,144,24,true,mean,0.125,200,200,0,3935,63,40,1,10345632786538573554,7111759051499794799,"{""cue"":1,""delay"":8}",recall_accuracy,1.0,1.0,ceiling,available,,,false,recall_accuracy,1.0,Recall accuracy,fraction,higher
delayed_cue,falandays_direct_v1__cue_pilot,85,1,144,48,true,mean,0.125,200,200,0,3964,49,51,1,10204924607489176819,920257603342567761,"{""cue"":1,""delay"":32}",recall_accuracy,1.0,1.0,ceiling,available,,,false,recall_accuracy,1.0,Recall accuracy,fraction,higher
delayed_cue,falandays_direct_v1__cue_pilot,86,1,144,48,true,mean,0.125,200,200,0,4015,63,42,1,6902781661728902248,6319233469359373404,"{""cue"":2,""delay"":32}",recall_accuracy,0.0,0.0,floor,available,,,false,recall_accuracy,0.0,Recall accuracy,fraction,higher
delayed_cue,falandays_direct_v1__cue_pilot,87,1,144,24,true,mean,0.125,200,200,0,4060,59,36,1,16984927426344752502,4302979779265137638,"{""cue"":2,""delay"":8}",recall_accuracy,0.0,0.0,floor,available,,,false,recall_accuracy,0.0,Recall accuracy,fraction,higher
delayed_cue,falandays_direct_v1__cue_pilot,88,1,144,24,true,mean,0.125,200,200,0,4133,56,42,1,419671223569001018,18293456790913002871,"{""cue"":2,""delay"":8}",recall_accuracy,0.0,0.0,floor,available,,,false,recall_accuracy,0.0,Recall accuracy,fraction,higher
delayed_cue,falandays_direct_v1__cue_pilot,89,1,144,24,true,mean,0.125,200,200,0,3875,42,41,1,17857912557730558141,12148337880050368030,"{""cue"":2,""delay"":8}",recall_accuracy,0.0,0.0,floor,available,,,false,recall_accuracy,0.0,Recall accuracy,fraction,higher
delayed_cue,falandays_direct_v1__cue_pilot,90,1,144,24,true,mean,0.125,200,200,0,3915,59,38,1,5630541290836927226,15947802717526550616,"{""cue"":2,""delay"":8}",recall_accuracy,0.0,0.0,floor,available,,,false,recall_accuracy,0.0,Recall accuracy,fraction,higher
delayed_cue,falandays_direct_v1__cue_pilot,91,1,144,24,true,mean,0.125,200,200,0,3963,61,38,1,13342458351446301484,12271568401025496219,"{""cue"":2,""delay"":8}",recall_accuracy,0.0,0.0,floor,available,,,false,recall_accuracy,0.0,Recall accuracy,fraction,higher
delayed_cue,falandays_direct_v1__cue_pilot,92,1,144,24,true,mean,0.125,200,200,0,3973,66,31,1,5991948686943010867,17152053800812132916,"{""cue"":1,""delay"":8}",recall_accuracy,1.0,1.0,ceiling,available,,,false,recall_accuracy,1.0,Recall accuracy,fraction,higher
delayed_cue,falandays_direct_v1__cue_pilot,93,1,144,144,true,mean,0.125,200,200,0,3955,54,39,1,16035532100101253591,3968454907321997680,"{""cue"":1,""delay"":128}",recall_accuracy,1.0,1.0,ceiling,available,,,false,recall_accuracy,1.0,Recall accuracy,fraction,higher
delayed_cue,falandays_direct_v1__cue_pilot,94,1,144,24,true,mean,0.125,200,200,0,3984,60,35,1,8857914028876616893,2490612490428326430,"{""cue"":2,""delay"":8}",recall_accuracy,0.0,0.0,floor,available,,,false,recall_accuracy,0.0,Recall accuracy,fraction,higher
delayed_cue,falandays_direct_v1__cue_pilot,95,1,144,48,true,mean,0.125,200,200,0,3926,66,34,1,13947965175536419711,10159123181315617221,"{""cue"":1,""delay"":32}",recall_accuracy,1.0,1.0,ceiling,available,,,false,recall_accuracy,1.0,Recall accuracy,fraction,higher
delayed_cue,falandays_direct_v1__cue_pilot,96,1,144,48,true,mean,0.125,200,200,0,3982,57,38,1,17101454441576234434,3996490557627359231,"{""cue"":1,""delay"":32}",recall_accuracy,1.0,1.0,ceiling,available,,,false,recall_accuracy,1.0,Recall accuracy,fraction,higher
delayed_cue,falandays_direct_v1__cue_pilot,97,1,144,144,true,mean,0.125,200,200,0,3983,68,48,1,1311561376728948761,17036435726676121157,"{""cue"":2,""delay"":128}",recall_accuracy,0.0,0.0,floor,available,,,false,recall_accuracy,0.0,Recall accuracy,fraction,higher
delayed_cue,falandays_direct_v1__cue_pilot,98,1,144,144,true,mean,0.125,200,200,0,3962,51,45,1,7302884781064510792,8099140031824396606,"{""cue"":1,""delay"":128}",recall_accuracy,1.0,1.0,ceiling,available,,,false,recall_accuracy,1.0,Recall accuracy,fraction,higher
delayed_cue,falandays_direct_v1__cue_pilot,99,1,144,48,true,mean,0.125,200,200,0,3859,61,43,1,2616374202588931023,18385383200491197644,"{""cue"":1,""delay"":32}",recall_accuracy,1.0,1.0,ceiling,available,,,false,recall_accuracy,1.0,Recall accuracy,fraction,higher
delayed_cue,falandays_direct_v1__cue_pilot,100,1,144,144,true,mean,0.125,200,200,0,4004,59,51,1,1516854132809295918,2701717425297140814,"{""cue"":1,""delay"":128}",recall_accuracy,1.0,1.0,ceiling,available,,,false,recall_accuracy,1.0,Recall accuracy,fraction,higher
delayed_cue,falandays_direct_v1__cue_pilot,101,1,144,24,true,mean,0.125,200,200,0,4056,52,42,1,14730564069659811028,9020636849146670774,"{""cue"":2,""delay"":8}",recall_accuracy,0.0,0.0,floor,available,,,false,recall_accuracy,0.0,Recall accuracy,fraction,higher
delayed_cue,falandays_direct_v1__cue_pilot,102,1,144,48,true,mean,0.125,200,200,0,3947,55,41,1,2649734396607267549,2726905692154733144,"{""cue"":2,""delay"":32}",recall_accuracy,0.0,0.0,floor,available,,,false,recall_accuracy,0.0,Recall accuracy,fraction,higher
delayed_cue,falandays_direct_v1__cue_pilot,103,1,144,24,true,mean,0.125,200,200,0,3886,63,43,1,7383810148365388268,6933621066012646004,"{""cue"":2,""delay"":8}",recall_accuracy,0.0,0.0,floor,available,,,false,recall_accuracy,0.0,Recall accuracy,fraction,higher
delayed_cue,falandays_direct_v1__cue_pilot,104,1,144,144,true,mean,0.125,200,200,0,3918,65,39,1,11982545970915816384,16340975333697648538,"{""cue"":1,""delay"":128}",recall_accuracy,1.0,1.0,ceiling,available,,,false,recall_accuracy,1.0,Recall accuracy,fraction,higher
delayed_cue,falandays_direct_v1__cue_pilot,105,1,144,144,true,mean,0.125,200,200,0,3999,68,33,1,7930744488894489018,4632730303149672283,"{""cue"":1,""delay"":128}",recall_accuracy,1.0,1.0,ceiling,available,,,false,recall_accuracy,1.0,Recall accuracy,fraction,higher
delayed_cue,falandays_direct_v1__cue_pilot,106,1,144,144,true,mean,0.125,200,200,0,4020,59,47,1,17230232202360357656,14059707105093042385,"{""cue"":2,""delay"":128}",recall_accuracy,0.0,0.0,floor,available,,,false,recall_accuracy,0.0,Recall accuracy,fraction,higher
delayed_cue,falandays_direct_v1__cue_pilot,107,1,144,48,true,mean,0.125,200,200,0,3860,69,40,1,1218669218799762827,13889397709921694591,"{""cue"":1,""delay"":32}",recall_accuracy,1.0,1.0,ceiling,available,,,false,recall_accuracy,1.0,Recall accuracy,fraction,higher
delayed_cue,falandays_direct_v1__cue_pilot,108,1,144,48,true,mean,0.125,200,200,0,4012,63,44,1,13391333966387927557,1128722474380957863,"{""cue"":1,""delay"":32}",recall_accuracy,1.0,1.0,ceiling,available,,,false,recall_accuracy,1.0,Recall accuracy,fraction,higher
delayed_cue,falandays_direct_v1__cue_pilot,109,1,144,24,true,mean,0.125,200,200,0,4030,65,38,1,6060776789501029527,12983322162198628432,"{""cue"":1,""delay"":8}",recall_accuracy,1.0,1.0,ceiling,available,,,false,recall_accuracy,1.0,Recall accuracy,fraction,higher
delayed_cue,falandays_direct_v1__cue_pilot,110,1,144,24,true,mean,0.125,200,200,0,3973,59,34,1,5119203630194668520,16663359365434932077,"{""cue"":1,""delay"":8}",recall_accuracy,1.0,1.0,ceiling,available,,,false,recall_accuracy,1.0,Recall accuracy,fraction,higher
delayed_cue,falandays_direct_v1__cue_pilot,111,1,144,48,true,mean,0.125,200,200,0,4022,63,30,1,4124545885017211956,8789103146874620078,"{""cue"":2,""delay"":32}",recall_accuracy,0.0,0.0,floor,available,,,false,recall_accuracy,0.0,Recall accuracy,fraction,higher
delayed_cue,falandays_direct_v1__cue_pilot,112,1,144,144,true,mean,0.125,200,200,0,4057,80,37,1,10764477848792454294,15832620414584626985,"{""cue"":2,""delay"":128}",recall_accuracy,0.0,0.0,floor,available,,,false,recall_accuracy,0.0,Recall accuracy,fraction,higher
delayed_cue,falandays_direct_v1__cue_pilot,113,1,144,144,true,mean,0.125,200,200,0,4009,64,47,1,4367033352363170158,17539236070441193678,"{""cue"":2,""delay"":128}",recall_accuracy,0.0,0.0,floor,available,,,false,recall_accuracy,0.0,Recall accuracy,fraction,higher
delayed_cue,falandays_direct_v1__cue_pilot,114,1,144,48,true,mean,0.125,200,200,0,3994,55,37,1,18416280260664232834,10651007816375882481,"{""cue"":1,""delay"":32}",recall_accuracy,1.0,1.0,ceiling,available,,,false,recall_accuracy,1.0,Recall accuracy,fraction,higher
delayed_cue,falandays_direct_v1__cue_pilot,115,1,144,144,true,mean,0.125,200,200,0,3960,56,49,1,8034870825836791322,3286396882938007131,"{""cue"":1,""delay"":128}",recall_accuracy,1.0,1.0,ceiling,available,,,false,recall_accuracy,1.0,Recall accuracy,fraction,higher
delayed_cue,falandays_direct_v1__cue_pilot,116,1,144,24,true,mean,0.125,200,200,0,4014,59,46,1,921127628485355164,371189226092150733,"{""cue"":1,""delay"":8}",recall_accuracy,1.0,1.0,ceiling,available,,,false,recall_accuracy,1.0,Recall accuracy,fraction,higher
delayed_cue,falandays_direct_v1__cue_pilot,117,1,144,48,true,mean,0.125,200,200,0,3944,64,43,1,10241497185635118317,9757693885722034107,"{""cue"":1,""delay"":32}",recall_accuracy,1.0,1.0,ceiling,available,,,false,recall_accuracy,1.0,Recall accuracy,fraction,higher
delayed_cue,falandays_direct_v1__cue_pilot,118,1,144,48,true,mean,0.125,200,200,0,4017,60,43,1,5326702613339670797,7061262498596614144,"{""cue"":2,""delay"":32}",recall_accuracy,0.0,0.0,floor,available,,,false,recall_accuracy,0.0,Recall accuracy,fraction,higher
delayed_cue,falandays_direct_v1__cue_pilot,119,1,144,48,true,mean,0.125,200,200,0,3931,66,34,1,12072557851179264673,16907732385919490005,"{""cue"":1,""delay"":32}",recall_accuracy,1.0,1.0,ceiling,available,,,false,recall_accuracy,1.0,Recall accuracy,fraction,higher
delayed_cue,falandays_direct_v1__cue_pilot,120,1,144,144,true,mean,0.125,200,200,0,3929,71,40,1,8255267399038557933,17966097531895517824,"{""cue"":1,""delay"":128}",recall_accuracy,1.0,1.0,ceiling,available,,,false,recall_accuracy,1.0,Recall accuracy,fraction,higher
delayed_cue,falandays_direct_v1__cue_pilot,121,1,144,48,true,mean,0.125,200,200,0,4024,65,37,1,5705747366136102160,9834810008922649876,"{""cue"":2,""delay"":32}",recall_accuracy,0.0,0.0,floor,available,,,false,recall_accuracy,0.0,Recall accuracy,fraction,higher
delayed_cue,falandays_direct_v1__cue_pilot,122,1,144,48,true,mean,0.125,200,200,0,4084,47,43,1,867956210049091559,5113893201239503318,"{""cue"":1,""delay"":32}",recall_accuracy,1.0,1.0,ceiling,available,,,false,recall_accuracy,1.0,Recall accuracy,fraction,higher
delayed_cue,falandays_direct_v1__cue_pilot,123,1,144,48,true,mean,0.125,200,200,0,4038,51,37,1,13735399350728474473,1287130078008079480,"{""cue"":1,""delay"":32}",recall_accuracy,1.0,1.0,ceiling,available,,,false,recall_accuracy,1.0,Recall accuracy,fraction,higher
delayed_cue,falandays_direct_v1__cue_pilot,124,1,144,144,true,mean,0.125,200,200,0,3823,59,41,1,2686576600035103895,17563696652225191864,"{""cue"":1,""delay"":128}",recall_accuracy,1.0,1.0,ceiling,available,,,false,recall_accuracy,1.0,Recall accuracy,fraction,higher
delayed_cue,falandays_direct_v1__cue_pilot,125,1,144,144,true,mean,0.125,200,200,0,4021,61,32,1,180342692806106494,18022144296470096792,"{""cue"":2,""delay"":128}",recall_accuracy,0.0,0.0,floor,available,,,false,recall_accuracy,0.0,Recall accuracy,fraction,higher
delayed_cue,falandays_direct_v1__cue_pilot,126,1,144,144,true,mean,0.125,200,200,0,3760,61,48,1,11523313752415063871,14276296474076009409,"{""cue"":2,""delay"":128}",recall_accuracy,0.0,0.0,floor,available,,,false,recall_accuracy,0.0,Recall accuracy,fraction,higher
delayed_cue,falandays_direct_v1__cue_pilot,127,1,144,48,true,mean,0.125,200,200,0,3828,63,28,1,9738604041550369313,16926803296786163800,"{""cue"":1,""delay"":32}",recall_accuracy,1.0,1.0,ceiling,available,,,false,recall_accuracy,1.0,Recall accuracy,fraction,higher
delayed_cue,falandays_direct_v1__cue_pilot,128,1,144,24,true,mean,0.125,200,200,0,3959,57,57,1,13491891200090066253,15520600430781970946,"{""cue"":2,""delay"":8}",recall_accuracy,0.0,0.0,floor,available,,,false,recall_accuracy,0.0,Recall accuracy,fraction,higher
delayed_cue,falandays_direct_v1__cue_pilot,129,1,144,144,true,mean,0.125,200,200,0,3940,53,46,1,15852550586724743393,11950936296172481063,"{""cue"":1,""delay"":128}",recall_accuracy,1.0,1.0,ceiling,available,,,false,recall_accuracy,1.0,Recall accuracy,fraction,higher
delayed_cue,falandays_direct_v1__cue_pilot,130,1,144,24,true,mean,0.125,200,200,0,3945,50,37,1,17163912851580043772,8221163220759107520,"{""cue"":1,""delay"":8}",recall_accuracy,1.0,1.0,ceiling,available,,,false,recall_accuracy,1.0,Recall accuracy,fraction,higher
delayed_cue,falandays_direct_v1__cue_pilot,131,1,144,144,true,mean,0.125,200,200,0,3929,62,44,1,477252453277598598,13792495752143402314,"{""cue"":1,""delay"":128}",recall_accuracy,1.0,1.0,ceiling,available,,,false,recall_accuracy,1.0,Recall accuracy,fraction,higher
delayed_cue,falandays_direct_v1__cue_pilot,132,1,144,144,true,mean,0.125,200,200,0,4090,57,46,1,5402322586633769758,10042738244849715016,"{""cue"":1,""delay"":128}",recall_accuracy,1.0,1.0,ceiling,available,,,false,recall_accuracy,1.0,Recall accuracy,fraction,higher
delayed_cue,falandays_direct_v1__cue_pilot,133,1,144,48,true,mean,0.125,200,200,0,4053,64,47,1,7452058299786881421,5184963644726423344,"{""cue"":1,""delay"":32}",recall_accuracy,1.0,1.0,ceiling,available,,,false,recall_accuracy,1.0,Recall accuracy,fraction,higher
delayed_cue,falandays_direct_v1__cue_pilot,134,1,144,144,true,mean,0.125,200,200,0,3901,73,40,1,839345371151429066,687579957515389435,"{""cue"":2,""delay"":128}",recall_accuracy,0.0,0.0,floor,available,,,false,recall_accuracy,0.0,Recall accuracy,fraction,higher
delayed_cue,falandays_direct_v1__cue_pilot,135,1,144,48,true,mean,0.125,200,200,0,3988,52,46,1,17154902365213075878,15420152820635735342,"{""cue"":1,""delay"":32}",recall_accuracy,1.0,1.0,ceiling,available,,,false,recall_accuracy,1.0,Recall accuracy,fraction,higher
delayed_cue,falandays_direct_v1__cue_pilot,136,1,144,24,true,mean,0.125,200,200,0,3900,60,42,1,9853715514510602125,1509243598558963966,"{""cue"":1,""delay"":8}",recall_accuracy,1.0,1.0,ceiling,available,,,false,recall_accuracy,1.0,Recall accuracy,fraction,higher
delayed_cue,falandays_direct_v1__cue_pilot,137,1,144,48,true,mean,0.125,200,200,0,3961,59,36,1,6444901389678547685,5112562538523437120,"{""cue"":1,""delay"":32}",recall_accuracy,1.0,1.0,ceiling,available,,,false,recall_accuracy,1.0,Recall accuracy,fraction,higher
delayed_cue,falandays_direct_v1__cue_pilot,138,1,144,48,true,mean,0.125,200,200,0,3948,62,41,1,6094523724884385721,15829483572007361895,"{""cue"":1,""delay"":32}",recall_accuracy,1.0,1.0,ceiling,available,,,false,recall_accuracy,1.0,Recall accuracy,fraction,higher
delayed_cue,falandays_direct_v1__cue_pilot,139,1,144,144,true,mean,0.125,200,200,0,4079,57,43,1,6064851826793621761,6629569460640516458,"{""cue"":2,""delay"":128}",recall_accuracy,0.0,0.0,floor,available,,,false,recall_accuracy,0.0,Recall accuracy,fraction,higher
delayed_cue,falandays_direct_v1__cue_pilot,140,1,144,24,true,mean,0.125,200,200,0,3882,71,54,1,6310366172191731189,20552512825797033,"{""cue"":2,""delay"":8}",recall_accuracy,0.0,0.0,floor,available,,,false,recall_accuracy,0.0,Recall accuracy,fraction,higher
delayed_cue,falandays_direct_v1__cue_pilot,141,1,144,144,true,mean,0.125,200,200,0,4036,54,59,1,9678796264543364014,12891898217348733716,"{""cue"":2,""delay"":128}",recall_accuracy,0.0,0.0,floor,available,,,false,recall_accuracy,0.0,Recall accuracy,fraction,higher
delayed_cue,falandays_direct_v1__cue_pilot,142,1,144,144,true,mean,0.125,200,200,0,4009,64,33,1,3537920920183203934,13684969240057572193,"{""cue"":1,""delay"":128}",recall_accuracy,1.0,1.0,ceiling,available,,,false,recall_accuracy,1.0,Recall accuracy,fraction,higher
delayed_cue,falandays_direct_v1__cue_pilot,143,1,144,48,true,mean,0.125,200,200,0,3951,63,47,1,16617339534282417445,2315333591628368218,"{""cue"":2,""delay"":32}",recall_accuracy,0.0,0.0,floor,available,,,false,recall_accuracy,0.0,Recall accuracy,fraction,higher
delayed_cue,falandays_direct_v1__cue_pilot,144,1,144,144,true,mean,0.125,200,200,0,3975,62,35,1,14442506072536180622,1418184363719802333,"{""cue"":1,""delay"":128}",recall_accuracy,1.0,1.0,ceiling,available,,,false,recall_accuracy,1.0,Recall accuracy,fraction,higher
delayed_cue,falandays_direct_v1__cue_pilot,145,1,144,48,true,mean,0.125,200,200,0,3956,67,35,1,2749881439148034896,9271924235470067252,"{""cue"":2,""delay"":32}",recall_accuracy,0.0,0.0,floor,available,,,false,recall_accuracy,0.0,Recall accuracy,fraction,higher
delayed_cue,falandays_direct_v1__cue_pilot,146,1,144,144,true,mean,0.125,200,200,0,3914,65,47,1,13177874577500229339,11326027898088423486,"{""cue"":2,""delay"":128}",recall_accuracy,0.0,0.0,floor,available,,,false,recall_accuracy,0.0,Recall accuracy,fraction,higher
delayed_cue,falandays_direct_v1__cue_pilot,147,1,144,24,true,mean,0.125,200,200,0,3985,67,34,1,5091628729905644834,13536483834050787086,"{""cue"":1,""delay"":8}",recall_accuracy,1.0,1.0,ceiling,available,,,false,recall_accuracy,1.0,Recall accuracy,fraction,higher
delayed_cue,falandays_direct_v1__cue_pilot,148,1,144,144,true,mean,0.125,200,200,0,3984,64,41,1,2621367242909168215,1220798142907552199,"{""cue"":2,""delay"":128}",recall_accuracy,0.0,0.0,floor,available,,,false,recall_accuracy,0.0,Recall accuracy,fraction,higher
delayed_cue,falandays_direct_v1__cue_pilot,149,1,144,48,true,mean,0.125,200,200,0,3940,65,41,1,1810318238718200228,3288328476594944239,"{""cue"":1,""delay"":32}",recall_accuracy,1.0,1.0,ceiling,available,,,false,recall_accuracy,1.0,Recall accuracy,fraction,higher
delayed_cue,falandays_direct_v1__cue_pilot,150,1,144,144,true,mean,0.125,200,200,0,3928,65,42,1,14577580787872016122,5822797134184507485,"{""cue"":2,""delay"":128}",recall_accuracy,0.0,0.0,floor,available,,,false,recall_accuracy,0.0,Recall accuracy,fraction,higher
delayed_cue,falandays_direct_v1__cue_pilot,151,1,144,48,true,mean,0.125,200,200,0,3911,61,42,1,7625552845798539823,5178262147236902490,"{""cue"":1,""delay"":32}",recall_accuracy,1.0,1.0,ceiling,available,,,false,recall_accuracy,1.0,Recall accuracy,fraction,higher
delayed_cue,falandays_direct_v1__cue_pilot,152,1,144,24,true,mean,0.125,200,200,0,3886,65,44,1,12974207277032695192,8772189660984033776,"{""cue"":2,""delay"":8}",recall_accuracy,0.0,0.0,floor,available,,,false,recall_accuracy,0.0,Recall accuracy,fraction,higher
delayed_cue,falandays_direct_v1__cue_pilot,153,1,144,48,true,mean,0.125,200,200,0,4013,69,36,1,11187898851963856832,6570080827471551350,"{""cue"":2,""delay"":32}",recall_accuracy,0.0,0.0,floor,available,,,false,recall_accuracy,0.0,Recall accuracy,fraction,higher
delayed_cue,falandays_direct_v1__cue_pilot,154,1,144,48,true,mean,0.125,200,200,0,3980,53,38,1,13307667294431563148,4076074729616338008,"{""cue"":2,""delay"":32}",recall_accuracy,0.0,0.0,floor,available,,,false,recall_accuracy,0.0,Recall accuracy,fraction,higher
delayed_cue,falandays_direct_v1__cue_pilot,155,1,144,48,true,mean,0.125,200,200,0,3904,64,42,1,5640570214410039072,11338208799891236864,"{""cue"":1,""delay"":32}",recall_accuracy,1.0,1.0,ceiling,available,,,false,recall_accuracy,1.0,Recall accuracy,fraction,higher
delayed_cue,falandays_direct_v1__cue_pilot,156,1,144,48,true,mean,0.125,200,200,0,3933,65,45,1,12097202228110331582,17833917274306072431,"{""cue"":1,""delay"":32}",recall_accuracy,1.0,1.0,ceiling,available,,,false,recall_accuracy,1.0,Recall accuracy,fraction,higher
delayed_cue,falandays_direct_v1__cue_pilot,157,1,144,48,true,mean,0.125,200,200,0,4100,52,33,1,1138080849590035171,17208719416590546699,"{""cue"":1,""delay"":32}",recall_accuracy,1.0,1.0,ceiling,available,,,false,recall_accuracy,1.0,Recall accuracy,fraction,higher
delayed_cue,falandays_direct_v1__cue_pilot,158,1,144,48,true,mean,0.125,200,200,0,3978,67,30,1,1907080659402662337,16943096790826100885,"{""cue"":1,""delay"":32}",recall_accuracy,1.0,1.0,ceiling,available,,,false,recall_accuracy,1.0,Recall accuracy,fraction,higher
delayed_cue,falandays_direct_v1__cue_pilot,159,1,144,48,true,mean,0.125,200,200,0,3943,65,43,1,13773515803853149846,493020899745221195,"{""cue"":2,""delay"":32}",recall_accuracy,0.0,0.0,floor,available,,,false,recall_accuracy,0.0,Recall accuracy,fraction,higher
delayed_cue,falandays_direct_v1__cue_pilot,160,1,144,144,true,mean,0.125,200,200,0,4007,65,34,1,47577309953345974,1515217767670017378,"{""cue"":2,""delay"":128}",recall_accuracy,0.0,0.0,floor,available,,,false,recall_accuracy,0.0,Recall accuracy,fraction,higher
delayed_cue,falandays_direct_v1__cue_pilot,161,1,144,24,true,mean,0.125,200,200,0,4012,79,39,1,17759820469070536854,6892066540567632674,"{""cue"":2,""delay"":8}",recall_accuracy,0.0,0.0,floor,available,,,false,recall_accuracy,0.0,Recall accuracy,fraction,higher
delayed_cue,falandays_direct_v1__cue_pilot,162,1,144,144,true,mean,0.125,200,200,0,3964,52,38,1,11246104772935869771,11889157076916648274,"{""cue"":2,""delay"":128}",recall_accuracy,0.0,0.0,floor,available,,,false,recall_accuracy,0.0,Recall accuracy,fraction,higher
delayed_cue,falandays_direct_v1__cue_pilot,163,1,144,48,true,mean,0.125,200,200,0,3985,63,37,1,15885489517479168694,13402266974618027257,"{""cue"":2,""delay"":32}",recall_accuracy,0.0,0.0,floor,available,,,false,recall_accuracy,0.0,Recall accuracy,fraction,higher
delayed_cue,falandays_direct_v1__cue_pilot,164,1,144,48,true,mean,0.125,200,200,0,4141,60,50,1,3237623217807792240,3365211190649986701,"{""cue"":1,""delay"":32}",recall_accuracy,1.0,1.0,ceiling,available,,,false,recall_accuracy,1.0,Recall accuracy,fraction,higher
delayed_cue,falandays_direct_v1__cue_pilot,165,1,144,48,true,mean,0.125,200,200,0,4019,55,39,1,9860275118886809403,16972876375158707975,"{""cue"":1,""delay"":32}",recall_accuracy,1.0,1.0,ceiling,available,,,false,recall_accuracy,1.0,Recall accuracy,fraction,higher
delayed_cue,falandays_direct_v1__cue_pilot,166,1,144,144,true,mean,0.125,200,200,0,4044,62,41,1,13318401432288626331,12871494702471916957,"{""cue"":2,""delay"":128}",recall_accuracy,0.0,0.0,floor,available,,,false,recall_accuracy,0.0,Recall accuracy,fraction,higher
delayed_cue,falandays_direct_v1__cue_pilot,167,1,144,48,true,mean,0.125,200,200,0,3912,51,33,1,13854852257454853754,8687081434037938058,"{""cue"":1,""delay"":32}",recall_accuracy,1.0,1.0,ceiling,available,,,false,recall_accuracy,1.0,Recall accuracy,fraction,higher
delayed_cue,falandays_direct_v1__cue_pilot,168,1,144,24,true,mean,0.125,200,200,0,3996,55,46,1,11333902750767186915,7779476435804191987,"{""cue"":2,""delay"":8}",recall_accuracy,0.0,0.0,floor,available,,,false,recall_accuracy,0.0,Recall accuracy,fraction,higher
delayed_cue,falandays_direct_v1__cue_pilot,169,1,144,144,true,mean,0.125,200,200,0,3840,69,47,1,1006984190656381864,4252783597704572928,"{""cue"":2,""delay"":128}",recall_accuracy,0.0,0.0,floor,available,,,false,recall_accuracy,0.0,Recall accuracy,fraction,higher
delayed_cue,falandays_direct_v1__cue_pilot,170,1,144,144,true,mean,0.125,200,200,0,4016,61,45,1,17676048644989859125,6423065584848873147,"{""cue"":2,""delay"":128}",recall_accuracy,0.0,0.0,floor,available,,,false,recall_accuracy,0.0,Recall accuracy,fraction,higher
delayed_cue,falandays_direct_v1__cue_pilot,171,1,144,144,true,mean,0.125,200,200,0,3901,61,32,1,3565935000759897063,7671484910797265356,"{""cue"":1,""delay"":128}",recall_accuracy,1.0,1.0,ceiling,available,,,false,recall_accuracy,1.0,Recall accuracy,fraction,higher
delayed_cue,falandays_direct_v1__cue_pilot,172,1,144,24,true,mean,0.125,200,200,0,3832,58,40,1,17797496385037896093,858752400989765380,"{""cue"":1,""delay"":8}",recall_accuracy,1.0,1.0,ceiling,available,,,false,recall_accuracy,1.0,Recall accuracy,fraction,higher
delayed_cue,falandays_direct_v1__cue_pilot,173,1,144,144,true,mean,0.125,200,200,0,3960,62,33,1,11794860787458747864,6436614605582610566,"{""cue"":2,""delay"":128}",recall_accuracy,0.0,0.0,floor,available,,,false,recall_accuracy,0.0,Recall accuracy,fraction,higher
delayed_cue,falandays_direct_v1__cue_pilot,174,1,144,24,true,mean,0.125,200,200,0,4105,66,33,1,2856913370669620522,8746854052283183133,"{""cue"":2,""delay"":8}",recall_accuracy,0.0,0.0,floor,available,,,false,recall_accuracy,0.0,Recall accuracy,fraction,higher
delayed_cue,falandays_direct_v1__cue_pilot,175,1,144,24,true,mean,0.125,200,200,0,3980,50,29,1,18359994017845566518,17796582114766405439,"{""cue"":1,""delay"":8}",recall_accuracy,1.0,1.0,ceiling,available,,,false,recall_accuracy,1.0,Recall accuracy,fraction,higher
delayed_cue,falandays_direct_v1__cue_pilot,176,1,144,144,true,mean,0.125,200,200,0,3924,68,34,1,10218443535441208241,2206470872100760671,"{""cue"":2,""delay"":128}",recall_accuracy,0.0,0.0,floor,available,,,false,recall_accuracy,0.0,Recall accuracy,fraction,higher
delayed_cue,falandays_direct_v1__cue_pilot,177,1,144,24,true,mean,0.125,200,200,0,3898,50,37,1,11640769474381272184,1428859487339008292,"{""cue"":2,""delay"":8}",recall_accuracy,0.0,0.0,floor,available,,,false,recall_accuracy,0.0,Recall accuracy,fraction,higher
delayed_cue,falandays_direct_v1__cue_pilot,178,1,144,144,true,mean,0.125,200,200,0,3936,67,32,1,10031762931808586637,14172624811543771173,"{""cue"":2,""delay"":128}",recall_accuracy,0.0,0.0,floor,available,,,false,recall_accuracy,0.0,Recall accuracy,fraction,higher
delayed_cue,falandays_direct_v1__cue_pilot,179,1,144,48,true,mean,0.125,200,200,0,3868,80,38,1,14605928056094214288,3736882401947635931,"{""cue"":2,""delay"":32}",recall_accuracy,0.0,0.0,floor,available,,,false,recall_accuracy,0.0,Recall accuracy,fraction,higher
delayed_cue,falandays_direct_v1__cue_pilot,180,1,144,144,true,mean,0.125,200,200,0,4100,74,31,1,6470425540472136147,4477346614923699163,"{""cue"":2,""delay"":128}",recall_accuracy,0.0,0.0,floor,available,,,false,recall_accuracy,0.0,Recall accuracy,fraction,higher
delayed_cue,falandays_direct_v1__cue_pilot,181,1,144,48,true,mean,0.125,200,200,0,3945,50,34,1,16571759491652379784,17915817930000217849,"{""cue"":2,""delay"":32}",recall_accuracy,0.0,0.0,floor,available,,,false,recall_accuracy,0.0,Recall accuracy,fraction,higher
delayed_cue,falandays_direct_v1__cue_pilot,182,1,144,48,true,mean,0.125,200,200,0,4006,64,51,1,6915575283994488635,10814539378129401331,"{""cue"":1,""delay"":32}",recall_accuracy,1.0,1.0,ceiling,available,,,false,recall_accuracy,1.0,Recall accuracy,fraction,higher
delayed_cue,falandays_direct_v1__cue_pilot,183,1,144,24,true,mean,0.125,200,200,0,4025,65,43,1,15172906122770706307,5780133366741125762,"{""cue"":2,""delay"":8}",recall_accuracy,0.0,0.0,floor,available,,,false,recall_accuracy,0.0,Recall accuracy,fraction,higher
delayed_cue,falandays_direct_v1__cue_pilot,184,1,144,48,true,mean,0.125,200,200,0,3913,67,38,1,8550247827681522011,4343880005713146476,"{""cue"":1,""delay"":32}",recall_accuracy,1.0,1.0,ceiling,available,,,false,recall_accuracy,1.0,Recall accuracy,fraction,higher
delayed_cue,falandays_direct_v1__cue_pilot,185,1,144,144,true,mean,0.125,200,200,0,3993,61,31,1,8170019567368278330,15666362206881912655,"{""cue"":1,""delay"":128}",recall_accuracy,1.0,1.0,ceiling,available,,,false,recall_accuracy,1.0,Recall accuracy,fraction,higher
delayed_cue,falandays_direct_v1__cue_pilot,186,1,144,48,true,mean,0.125,200,200,0,3992,64,42,1,11184802232582166672,9149011272505872793,"{""cue"":1,""delay"":32}",recall_accuracy,1.0,1.0,ceiling,available,,,false,recall_accuracy,1.0,Recall accuracy,fraction,higher
delayed_cue,falandays_direct_v1__cue_pilot,187,1,144,144,true,mean,0.125,200,200,0,4015,74,42,1,6520155432003615074,11079895000640952734,"{""cue"":1,""delay"":128}",recall_accuracy,1.0,1.0,ceiling,available,,,false,recall_accuracy,1.0,Recall accuracy,fraction,higher
delayed_cue,falandays_direct_v1__cue_pilot,188,1,144,48,true,mean,0.125,200,200,0,4005,51,40,1,10139503200413602422,3545076352614991952,"{""cue"":2,""delay"":32}",recall_accuracy,0.0,0.0,floor,available,,,false,recall_accuracy,0.0,Recall accuracy,fraction,higher
delayed_cue,falandays_direct_v1__cue_pilot,189,1,144,24,true,mean,0.125,200,200,0,3970,65,38,1,3217172223153334461,1106359098378617834,"{""cue"":2,""delay"":8}",recall_accuracy,0.0,0.0,floor,available,,,false,recall_accuracy,0.0,Recall accuracy,fraction,higher
delayed_cue,falandays_direct_v1__cue_pilot,190,1,144,144,true,mean,0.125,200,200,0,4115,48,49,1,16138165834585048351,13521596491053002822,"{""cue"":2,""delay"":128}",recall_accuracy,0.0,0.0,floor,available,,,false,recall_accuracy,0.0,Recall accuracy,fraction,higher
delayed_cue,falandays_direct_v1__cue_pilot,191,1,144,144,true,mean,0.125,200,200,0,3886,69,41,1,13872414940290433877,775380788428219255,"{""cue"":2,""delay"":128}",recall_accuracy,0.0,0.0,floor,available,,,false,recall_accuracy,0.0,Recall accuracy,fraction,higher
delayed_cue,falandays_direct_v1__cue_pilot,192,1,144,48,true,mean,0.125,200,200,0,3903,51,46,1,1603760002685688038,11926888030057096204,"{""cue"":1,""delay"":32}",recall_accuracy,1.0,1.0,ceiling,available,,,false,recall_accuracy,1.0,Recall accuracy,fraction,higher
delayed_cue,falandays_direct_v1__cue_pilot,193,1,144,48,true,mean,0.125,200,200,0,3917,53,40,1,13445778620834352102,14990982616662587857,"{""cue"":2,""delay"":32}",recall_accuracy,0.0,0.0,floor,available,,,false,recall_accuracy,0.0,Recall accuracy,fraction,higher
delayed_cue,falandays_direct_v1__cue_pilot,194,1,144,144,true,mean,0.125,200,200,0,3922,71,41,1,8653630245998213181,8932977564514414584,"{""cue"":2,""delay"":128}",recall_accuracy,0.0,0.0,floor,available,,,false,recall_accuracy,0.0,Recall accuracy,fraction,higher
delayed_cue,falandays_direct_v1__cue_pilot,195,1,144,144,true,mean,0.125,200,200,0,4058,57,41,1,11751839700604639283,15231090441851837056,"{""cue"":2,""delay"":128}",recall_accuracy,0.0,0.0,floor,available,,,false,recall_accuracy,0.0,Recall accuracy,fraction,higher
delayed_cue,falandays_direct_v1__cue_pilot,196,1,144,144,true,mean,0.125,200,200,0,4060,73,34,1,12811890774030584950,14271732583816778494,"{""cue"":2,""delay"":128}",recall_accuracy,0.0,0.0,floor,available,,,false,recall_accuracy,0.0,Recall accuracy,fraction,higher
delayed_cue,falandays_direct_v1__cue_pilot,197,1,144,24,true,mean,0.125,200,200,0,4098,54,41,1,12800526050714684149,13654949357464910802,"{""cue"":2,""delay"":8}",recall_accuracy,0.0,0.0,floor,available,,,false,recall_accuracy,0.0,Recall accuracy,fraction,higher
delayed_cue,falandays_direct_v1__cue_pilot,198,1,144,48,true,mean,0.125,200,200,0,4056,64,39,1,9577906774168972051,615724730133445822,"{""cue"":2,""delay"":32}",recall_accuracy,0.0,0.0,floor,available,,,false,recall_accuracy,0.0,Recall accuracy,fraction,higher
delayed_cue,falandays_direct_v1__cue_pilot,199,1,144,24,true,mean,0.125,200,200,0,3937,59,35,1,11538344504867497965,12285162883577202113,"{""cue"":1,""delay"":8}",recall_accuracy,1.0,1.0,ceiling,available,,,false,recall_accuracy,1.0,Recall accuracy,fraction,higher
delayed_cue,falandays_direct_v1__cue_pilot,200,1,144,24,true,mean,0.125,200,200,0,4021,60,38,1,14575152917428825843,10208467694667496122,"{""cue"":2,""delay"":8}",recall_accuracy,0.0,0.0,floor,available,,,false,recall_accuracy,0.0,Recall accuracy,fraction,higher
delayed_cue,falandays_direct_v1__cue_pilot,201,1,144,24,true,mean,0.125,200,200,0,4023,53,38,1,15895336728167330939,5942333435070564825,"{""cue"":2,""delay"":8}",recall_accuracy,0.0,0.0,floor,available,,,false,recall_accuracy,0.0,Recall accuracy,fraction,higher
delayed_cue,falandays_direct_v1__cue_pilot,202,1,144,24,true,mean,0.125,200,200,0,3967,50,30,1,15920795685555565380,9089056073210984431,"{""cue"":1,""delay"":8}",recall_accuracy,1.0,1.0,ceiling,available,,,false,recall_accuracy,1.0,Recall accuracy,fraction,higher
delayed_cue,falandays_direct_v1__cue_pilot,203,1,144,48,true,mean,0.125,200,200,0,4014,68,45,1,11068264351799571396,16184359042162140144,"{""cue"":2,""delay"":32}",recall_accuracy,0.0,0.0,floor,available,,,false,recall_accuracy,0.0,Recall accuracy,fraction,higher
delayed_cue,falandays_direct_v1__cue_pilot,204,1,144,48,true,mean,0.125,200,200,0,3993,65,44,1,3935926096484857773,3074681348973373284,"{""cue"":1,""delay"":32}",recall_accuracy,1.0,1.0,ceiling,available,,,false,recall_accuracy,1.0,Recall accuracy,fraction,higher
delayed_cue,falandays_direct_v1__cue_pilot,205,1,144,144,true,mean,0.125,200,200,0,3967,65,43,1,3851504280778092999,9734290797639599264,"{""cue"":1,""delay"":128}",recall_accuracy,1.0,1.0,ceiling,available,,,false,recall_accuracy,1.0,Recall accuracy,fraction,higher
delayed_cue,falandays_direct_v1__cue_pilot,206,1,144,48,true,mean,0.125,200,200,0,3944,62,41,1,18405522090418251188,9121803269072012008,"{""cue"":1,""delay"":32}",recall_accuracy,1.0,1.0,ceiling,available,,,false,recall_accuracy,1.0,Recall accuracy,fraction,higher
delayed_cue,falandays_direct_v1__cue_pilot,207,1,144,24,true,mean,0.125,200,200,0,3903,58,39,1,6554113660017695218,129961838838434590,"{""cue"":1,""delay"":8}",recall_accuracy,1.0,1.0,ceiling,available,,,false,recall_accuracy,1.0,Recall accuracy,fraction,higher
delayed_cue,falandays_direct_v1__cue_pilot,208,1,144,24,true,mean,0.125,200,200,0,3911,53,37,1,1640754168198719248,11978291644520865797,"{""cue"":1,""delay"":8}",recall_accuracy,1.0,1.0,ceiling,available,,,false,recall_accuracy,1.0,Recall accuracy,fraction,higher
delayed_cue,falandays_direct_v1__cue_pilot,209,1,144,48,true,mean,0.125,200,200,0,3924,65,40,1,9646028121999442452,9347754187938784972,"{""cue"":2,""delay"":32}",recall_accuracy,0.0,0.0,floor,available,,,false,recall_accuracy,0.0,Recall accuracy,fraction,higher
delayed_cue,falandays_direct_v1__cue_pilot,210,1,144,24,true,mean,0.125,200,200,0,4019,65,32,1,6333119400950811076,5188414173134318945,"{""cue"":1,""delay"":8}",recall_accuracy,1.0,1.0,ceiling,available,,,false,recall_accuracy,1.0,Recall accuracy,fraction,higher
delayed_cue,falandays_direct_v1__cue_pilot,211,1,144,24,true,mean,0.125,200,200,0,3973,62,41,1,1553374146677728923,15455710195605558798,"{""cue"":2,""delay"":8}",recall_accuracy,0.0,0.0,floor,available,,,false,recall_accuracy,0.0,Recall accuracy,fraction,higher
delayed_cue,falandays_direct_v1__cue_pilot,212,1,144,144,true,mean,0.125,200,200,0,3992,67,44,1,18158734440910536125,3901460962332983462,"{""cue"":2,""delay"":128}",recall_accuracy,0.0,0.0,floor,available,,,false,recall_accuracy,0.0,Recall accuracy,fraction,higher
delayed_cue,falandays_direct_v1__cue_pilot,213,1,144,144,true,mean,0.125,200,200,0,3955,71,41,1,15752911393930168817,16466571665948339592,"{""cue"":2,""delay"":128}",recall_accuracy,0.0,0.0,floor,available,,,false,recall_accuracy,0.0,Recall accuracy,fraction,higher
delayed_cue,falandays_direct_v1__cue_pilot,214,1,144,144,true,mean,0.125,200,200,0,3996,67,45,1,11026401515343126378,4530258041166842317,"{""cue"":2,""delay"":128}",recall_accuracy,0.0,0.0,floor,available,,,false,recall_accuracy,0.0,Recall accuracy,fraction,higher
delayed_cue,falandays_direct_v1__cue_pilot,215,1,144,144,true,mean,0.125,200,200,0,3988,52,37,1,11570009798015309751,8380398018839028718,"{""cue"":2,""delay"":128}",recall_accuracy,0.0,0.0,floor,available,,,false,recall_accuracy,0.0,Recall accuracy,fraction,higher
delayed_cue,falandays_direct_v1__cue_pilot,216,1,144,144,true,mean,0.125,200,200,0,4014,66,46,1,14477523658817520689,12205826262773104093,"{""cue"":2,""delay"":128}",recall_accuracy,0.0,0.0,floor,available,,,false,recall_accuracy,0.0,Recall accuracy,fraction,higher
delayed_cue,falandays_direct_v1__cue_pilot,217,1,144,24,true,mean,0.125,200,200,0,3979,55,29,1,8167729312374407823,9684470914855354543,"{""cue"":1,""delay"":8}",recall_accuracy,1.0,1.0,ceiling,available,,,false,recall_accuracy,1.0,Recall accuracy,fraction,higher
delayed_cue,falandays_direct_v1__cue_pilot,218,1,144,24,true,mean,0.125,200,200,0,3977,64,31,1,6180971259902848689,9276135113879476958,"{""cue"":1,""delay"":8}",recall_accuracy,1.0,1.0,ceiling,available,,,false,recall_accuracy,1.0,Recall accuracy,fraction,higher
delayed_cue,falandays_direct_v1__cue_pilot,219,1,144,24,true,mean,0.125,200,200,0,3943,63,39,1,16745017767770865301,3959063235408745135,"{""cue"":2,""delay"":8}",recall_accuracy,0.0,0.0,floor,available,,,false,recall_accuracy,0.0,Recall accuracy,fraction,higher
delayed_cue,falandays_direct_v1__cue_pilot,220,1,144,24,true,mean,0.125,200,200,0,3944,59,35,1,4150903980989362685,3525044811483813119,"{""cue"":1,""delay"":8}",recall_accuracy,1.0,1.0,ceiling,available,,,false,recall_accuracy,1.0,Recall accuracy,fraction,higher
delayed_cue,falandays_direct_v1__cue_pilot,221,1,144,24,true,mean,0.125,200,200,0,3983,56,47,1,6628792137146352260,8071012903690580690,"{""cue"":1,""delay"":8}",recall_accuracy,1.0,1.0,ceiling,available,,,false,recall_accuracy,1.0,Recall accuracy,fraction,higher
delayed_cue,falandays_direct_v1__cue_pilot,222,1,144,144,true,mean,0.125,200,200,0,3898,56,36,1,2944290306049391958,16171936890637857836,"{""cue"":1,""delay"":128}",recall_accuracy,1.0,1.0,ceiling,available,,,false,recall_accuracy,1.0,Recall accuracy,fraction,higher
delayed_cue,falandays_direct_v1__cue_pilot,223,1,144,48,true,mean,0.125,200,200,0,3936,59,42,1,9030434896370263334,11620287815547586708,"{""cue"":1,""delay"":32}",recall_accuracy,1.0,1.0,ceiling,available,,,false,recall_accuracy,1.0,Recall accuracy,fraction,higher
delayed_cue,falandays_direct_v1__cue_pilot,224,1,144,48,true,mean,0.125,200,200,0,3934,60,42,1,10120188025332697525,11518238773883529587,"{""cue"":2,""delay"":32}",recall_accuracy,0.0,0.0,floor,available,,,false,recall_accuracy,0.0,Recall accuracy,fraction,higher
delayed_cue,falandays_direct_v1__cue_pilot,225,1,144,144,true,mean,0.125,200,200,0,4082,52,31,1,17860237672887028666,12274884136167004816,"{""cue"":1,""delay"":128}",recall_accuracy,1.0,1.0,ceiling,available,,,false,recall_accuracy,1.0,Recall accuracy,fraction,higher
delayed_cue,falandays_direct_v1__cue_pilot,226,1,144,24,true,mean,0.125,200,200,0,4064,62,39,1,12593314180768357104,16104927987117612927,"{""cue"":2,""delay"":8}",recall_accuracy,0.0,0.0,floor,available,,,false,recall_accuracy,0.0,Recall accuracy,fraction,higher
delayed_cue,falandays_direct_v1__cue_pilot,227,1,144,144,true,mean,0.125,200,200,0,3875,53,38,1,11037224325500522831,2074205913154611204,"{""cue"":2,""delay"":128}",recall_accuracy,0.0,0.0,floor,available,,,false,recall_accuracy,0.0,Recall accuracy,fraction,higher
delayed_cue,falandays_direct_v1__cue_pilot,228,1,144,48,true,mean,0.125,200,200,0,4079,50,46,1,13766575024569462607,2576091720958628513,"{""cue"":1,""delay"":32}",recall_accuracy,1.0,1.0,ceiling,available,,,false,recall_accuracy,1.0,Recall accuracy,fraction,higher
delayed_cue,falandays_direct_v1__cue_pilot,229,1,144,144,true,mean,0.125,200,200,0,3998,64,37,1,8395960332216555493,7501766061190424295,"{""cue"":1,""delay"":128}",recall_accuracy,1.0,1.0,ceiling,available,,,false,recall_accuracy,1.0,Recall accuracy,fraction,higher
delayed_cue,falandays_direct_v1__cue_pilot,230,1,144,144,true,mean,0.125,200,200,0,3933,62,44,1,13140707981502869504,1603173630011503328,"{""cue"":1,""delay"":128}",recall_accuracy,1.0,1.0,ceiling,available,,,false,recall_accuracy,1.0,Recall accuracy,fraction,higher
delayed_cue,falandays_direct_v1__cue_pilot,231,1,144,48,true,mean,0.125,200,200,0,3984,56,42,1,6732015737948921491,824219729765370966,"{""cue"":2,""delay"":32}",recall_accuracy,0.0,0.0,floor,available,,,false,recall_accuracy,0.0,Recall accuracy,fraction,higher
delayed_cue,falandays_direct_v1__cue_pilot,232,1,144,48,true,mean,0.125,200,200,0,3965,67,49,1,1154434025927136710,16575990997849689518,"{""cue"":2,""delay"":32}",recall_accuracy,0.0,0.0,floor,available,,,false,recall_accuracy,0.0,Recall accuracy,fraction,higher
delayed_cue,falandays_direct_v1__cue_pilot,233,1,144,144,true,mean,0.125,200,200,0,3988,60,35,1,10026780166025411566,6113921140414068794,"{""cue"":1,""delay"":128}",recall_accuracy,1.0,1.0,ceiling,available,,,false,recall_accuracy,1.0,Recall accuracy,fraction,higher
delayed_cue,falandays_direct_v1__cue_pilot,234,1,144,48,true,mean,0.125,200,200,0,4044,71,47,1,8158385460536875365,13057838695992331790,"{""cue"":2,""delay"":32}",recall_accuracy,0.0,0.0,floor,available,,,false,recall_accuracy,0.0,Recall accuracy,fraction,higher
delayed_cue,falandays_direct_v1__cue_pilot,235,1,144,144,true,mean,0.125,200,200,0,3938,57,52,1,3402229524888702595,14367925206427371186,"{""cue"":1,""delay"":128}",recall_accuracy,1.0,1.0,ceiling,available,,,false,recall_accuracy,1.0,Recall accuracy,fraction,higher
delayed_cue,falandays_direct_v1__cue_pilot,236,1,144,144,true,mean,0.125,200,200,0,3967,63,34,1,10949438797932022674,11914993599305485813,"{""cue"":2,""delay"":128}",recall_accuracy,0.0,0.0,floor,available,,,false,recall_accuracy,0.0,Recall accuracy,fraction,higher
delayed_cue,falandays_direct_v1__cue_pilot,237,1,144,144,true,mean,0.125,200,200,0,4049,74,42,1,15962168124823555188,9902218169688684766,"{""cue"":1,""delay"":128}",recall_accuracy,1.0,1.0,ceiling,available,,,false,recall_accuracy,1.0,Recall accuracy,fraction,higher
delayed_cue,falandays_direct_v1__cue_pilot,238,1,144,48,true,mean,0.125,200,200,0,3943,63,41,1,13516507122528590750,6730073179345838335,"{""cue"":1,""delay"":32}",recall_accuracy,1.0,1.0,ceiling,available,,,false,recall_accuracy,1.0,Recall accuracy,fraction,higher
delayed_cue,falandays_direct_v1__cue_pilot,239,1,144,48,true,mean,0.125,200,200,0,3996,61,39,1,12732516329711914512,9659750125777677164,"{""cue"":2,""delay"":32}",recall_accuracy,0.0,0.0,floor,available,,,false,recall_accuracy,0.0,Recall accuracy,fraction,higher
delayed_cue,falandays_direct_v1__cue_pilot,240,1,144,48,true,mean,0.125,200,200,0,3930,60,35,1,11438329592690299257,7020210565206472358,"{""cue"":2,""delay"":32}",recall_accuracy,0.0,0.0,floor,available,,,false,recall_accuracy,0.0,Recall accuracy,fraction,higher
delayed_cue,falandays_direct_v1__cue_pilot,241,1,144,144,true,mean,0.125,200,200,0,3972,69,25,1,472994506263333492,11393048182623272301,"{""cue"":2,""delay"":128}",recall_accuracy,0.0,0.0,floor,available,,,false,recall_accuracy,0.0,Recall accuracy,fraction,higher
delayed_cue,falandays_direct_v1__cue_pilot,242,1,144,24,true,mean,0.125,200,200,0,3975,64,45,1,5819518469207790060,13306953503475009981,"{""cue"":1,""delay"":8}",recall_accuracy,1.0,1.0,ceiling,available,,,false,recall_accuracy,1.0,Recall accuracy,fraction,higher
delayed_cue,falandays_direct_v1__cue_pilot,243,1,144,48,true,mean,0.125,200,200,0,4096,54,34,1,3502481994416962058,18013506076945329520,"{""cue"":1,""delay"":32}",recall_accuracy,1.0,1.0,ceiling,available,,,false,recall_accuracy,1.0,Recall accuracy,fraction,higher
delayed_cue,falandays_direct_v1__cue_pilot,244,1,144,48,true,mean,0.125,200,200,0,3923,53,31,1,2704780669110037206,6869609116195150357,"{""cue"":2,""delay"":32}",recall_accuracy,0.0,0.0,floor,available,,,false,recall_accuracy,0.0,Recall accuracy,fraction,higher
delayed_cue,falandays_direct_v1__cue_pilot,245,1,144,24,true,mean,0.125,200,200,0,3977,57,43,1,7396883889050900104,7262952505465664545,"{""cue"":1,""delay"":8}",recall_accuracy,1.0,1.0,ceiling,available,,,false,recall_accuracy,1.0,Recall accuracy,fraction,higher
delayed_cue,falandays_direct_v1__cue_pilot,246,1,144,24,true,mean,0.125,200,200,0,4053,59,43,1,2094224144894285392,3647328180389671623,"{""cue"":1,""delay"":8}",recall_accuracy,1.0,1.0,ceiling,available,,,false,recall_accuracy,1.0,Recall accuracy,fraction,higher
delayed_cue,falandays_direct_v1__cue_pilot,247,1,144,48,true,mean,0.125,200,200,0,3977,56,45,1,2366275863972911711,7338411937916477295,"{""cue"":2,""delay"":32}",recall_accuracy,0.0,0.0,floor,available,,,false,recall_accuracy,0.0,Recall accuracy,fraction,higher
delayed_cue,falandays_direct_v1__cue_pilot,248,1,144,144,true,mean,0.125,200,200,0,3917,51,37,1,13780931546532786079,2009122952746013981,"{""cue"":1,""delay"":128}",recall_accuracy,1.0,1.0,ceiling,available,,,false,recall_accuracy,1.0,Recall accuracy,fraction,higher
delayed_cue,falandays_direct_v1__cue_pilot,249,1,144,24,true,mean,0.125,200,200,0,3987,55,40,1,12709048547786062344,16090506357791005316,"{""cue"":1,""delay"":8}",recall_accuracy,1.0,1.0,ceiling,available,,,false,recall_accuracy,1.0,Recall accuracy,fraction,higher
delayed_cue,falandays_direct_v1__cue_pilot,250,1,144,48,true,mean,0.125,200,200,0,3881,62,41,1,10347450561938277243,17690624953869644305,"{""cue"":2,""delay"":32}",recall_accuracy,0.0,0.0,floor,available,,,false,recall_accuracy,0.0,Recall accuracy,fraction,higher
delayed_cue,falandays_direct_v1__cue_pilot,251,1,144,144,true,mean,0.125,200,200,0,4015,62,30,1,16901773037657528038,3346681399159428092,"{""cue"":1,""delay"":128}",recall_accuracy,1.0,1.0,ceiling,available,,,false,recall_accuracy,1.0,Recall accuracy,fraction,higher
delayed_cue,falandays_direct_v1__cue_pilot,252,1,144,24,true,mean,0.125,200,200,0,4030,54,39,1,18203803451604445718,3939156606267446207,"{""cue"":2,""delay"":8}",recall_accuracy,0.0,0.0,floor,available,,,false,recall_accuracy,0.0,Recall accuracy,fraction,higher
delayed_cue,falandays_direct_v1__cue_pilot,253,1,144,24,true,mean,0.125,200,200,0,4034,66,30,1,6336828383175518134,8031703656541546055,"{""cue"":2,""delay"":8}",recall_accuracy,0.0,0.0,floor,available,,,false,recall_accuracy,0.0,Recall accuracy,fraction,higher
delayed_cue,falandays_direct_v1__cue_pilot,254,1,144,24,true,mean,0.125,200,200,0,3987,61,35,1,304779346845258814,10956127958240905077,"{""cue"":1,""delay"":8}",recall_accuracy,1.0,1.0,ceiling,available,,,false,recall_accuracy,1.0,Recall accuracy,fraction,higher
delayed_cue,falandays_direct_v1__cue_pilot,255,1,144,144,true,mean,0.125,200,200,0,3895,60,42,1,17018091141498964717,148905496601233652,"{""cue"":2,""delay"":128}",recall_accuracy,0.0,0.0,floor,available,,,false,recall_accuracy,0.0,Recall accuracy,fraction,higher
delayed_cue,falandays_direct_v1__cue_pilot,256,1,144,24,true,mean,0.125,200,200,0,3955,56,42,1,16431412394187892659,3916097716353879920,"{""cue"":1,""delay"":8}",recall_accuracy,1.0,1.0,ceiling,available,,,false,recall_accuracy,1.0,Recall accuracy,fraction,higher
delayed_cue,sorn_direct_v1__cue_pilot,1,1,144,24,true,mean,1.0,200,167,33,12685,24,16,1,8835725358206660546,7833037243821811183,"{""cue"":1,""delay"":8}",recall_accuracy,1.0,1.0,ceiling,available,,,true,recall_accuracy,1.0,Recall accuracy,fraction,higher
delayed_cue,sorn_direct_v1__cue_pilot,2,1,144,144,true,mean,1.0,200,167,33,12721,24,16,1,11929409630035443820,4923829078842474769,"{""cue"":2,""delay"":128}",recall_accuracy,0.0,0.0,floor,available,,,true,recall_accuracy,0.0,Recall accuracy,fraction,higher
delayed_cue,sorn_direct_v1__cue_pilot,3,1,144,144,true,mean,1.0,200,167,33,12678,24,16,1,3047092051929893496,13402120460600784000,"{""cue"":1,""delay"":128}",recall_accuracy,1.0,1.0,ceiling,available,,,true,recall_accuracy,1.0,Recall accuracy,fraction,higher
delayed_cue,sorn_direct_v1__cue_pilot,4,1,144,24,true,mean,1.0,200,167,33,12709,24,16,1,16725441472744810547,7731560309677227480,"{""cue"":1,""delay"":8}",recall_accuracy,1.0,1.0,ceiling,available,,,true,recall_accuracy,1.0,Recall accuracy,fraction,higher
delayed_cue,sorn_direct_v1__cue_pilot,5,1,144,48,true,mean,1.0,200,167,33,12718,24,16,1,11176162641239953592,14757108128484374152,"{""cue"":2,""delay"":32}",recall_accuracy,0.0,0.0,floor,available,,,true,recall_accuracy,0.0,Recall accuracy,fraction,higher
delayed_cue,sorn_direct_v1__cue_pilot,6,1,144,144,true,mean,1.0,200,167,33,12671,24,16,1,2380410551569737640,5885953833326647753,"{""cue"":2,""delay"":128}",recall_accuracy,1.0,1.0,ceiling,available,,,true,recall_accuracy,1.0,Recall accuracy,fraction,higher
delayed_cue,sorn_direct_v1__cue_pilot,7,1,144,48,true,mean,1.0,200,167,33,12693,24,16,1,12693679748196434526,7305078290292916194,"{""cue"":1,""delay"":32}",recall_accuracy,1.0,1.0,ceiling,available,,,true,recall_accuracy,1.0,Recall accuracy,fraction,higher
delayed_cue,sorn_direct_v1__cue_pilot,8,1,144,24,true,mean,1.0,200,167,33,12674,24,16,1,4052714731969316466,7923997601292254179,"{""cue"":2,""delay"":8}",recall_accuracy,0.0,0.0,floor,available,,,true,recall_accuracy,0.0,Recall accuracy,fraction,higher
delayed_cue,sorn_direct_v1__cue_pilot,9,1,144,48,true,mean,1.0,200,167,33,12710,24,16,1,10812770184320723465,8654124664606755756,"{""cue"":2,""delay"":32}",recall_accuracy,0.0,0.0,floor,available,,,true,recall_accuracy,0.0,Recall accuracy,fraction,higher
delayed_cue,sorn_direct_v1__cue_pilot,10,1,144,24,true,mean,1.0,200,167,33,12694,24,16,1,1556030309830238651,14948098441097652089,"{""cue"":2,""delay"":8}",recall_accuracy,1.0,1.0,ceiling,available,,,true,recall_accuracy,1.0,Recall accuracy,fraction,higher
delayed_cue,sorn_direct_v1__cue_pilot,11,1,144,48,true,mean,1.0,200,167,33,12722,24,16,1,13868414309573207634,3688813224852722217,"{""cue"":2,""delay"":32}",recall_accuracy,0.0,0.0,floor,available,,,true,recall_accuracy,0.0,Recall accuracy,fraction,higher
delayed_cue,sorn_direct_v1__cue_pilot,12,1,144,48,true,mean,1.0,200,167,33,12720,24,16,1,10703700433571413695,11313003562910833839,"{""cue"":1,""delay"":32}",recall_accuracy,1.0,1.0,ceiling,available,,,true,recall_accuracy,1.0,Recall accuracy,fraction,higher
delayed_cue,sorn_direct_v1__cue_pilot,13,1,144,48,true,mean,1.0,200,167,33,12684,24,16,1,9142127786240802386,7620629583172677377,"{""cue"":2,""delay"":32}",recall_accuracy,0.0,0.0,floor,available,,,true,recall_accuracy,0.0,Recall accuracy,fraction,higher
delayed_cue,sorn_direct_v1__cue_pilot,14,1,144,24,true,mean,1.0,200,167,33,12703,24,16,1,9800312814735529704,9007689564834059811,"{""cue"":2,""delay"":8}",recall_accuracy,0.0,0.0,floor,available,,,true,recall_accuracy,0.0,Recall accuracy,fraction,higher
delayed_cue,sorn_direct_v1__cue_pilot,15,1,144,144,true,mean,1.0,200,167,33,12670,24,16,1,12623583660326703611,16465218612303165052,"{""cue"":1,""delay"":128}",recall_accuracy,1.0,1.0,ceiling,available,,,true,recall_accuracy,1.0,Recall accuracy,fraction,higher
delayed_cue,sorn_direct_v1__cue_pilot,16,1,144,144,true,mean,1.0,200,167,33,12659,24,16,1,4558417758270455678,9253600968700658956,"{""cue"":1,""delay"":128}",recall_accuracy,0.0,0.0,floor,available,,,true,recall_accuracy,0.0,Recall accuracy,fraction,higher
delayed_cue,sorn_direct_v1__cue_pilot,17,1,144,24,true,mean,1.0,200,167,33,12680,24,16,1,3554410609840798816,7231068646943227173,"{""cue"":1,""delay"":8}",recall_accuracy,1.0,1.0,ceiling,available,,,true,recall_accuracy,1.0,Recall accuracy,fraction,higher
delayed_cue,sorn_direct_v1__cue_pilot,18,1,144,144,true,mean,1.0,200,167,33,12755,24,16,1,2969631513274386124,14609240300733671663,"{""cue"":1,""delay"":128}",recall_accuracy,0.0,0.0,floor,available,,,true,recall_accuracy,0.0,Recall accuracy,fraction,higher
delayed_cue,sorn_direct_v1__cue_pilot,19,1,144,24,true,mean,1.0,200,167,33,12730,24,16,1,6960643376265552379,6991636395867746219,"{""cue"":2,""delay"":8}",recall_accuracy,0.0,0.0,floor,available,,,true,recall_accuracy,0.0,Recall accuracy,fraction,higher
delayed_cue,sorn_direct_v1__cue_pilot,20,1,144,144,true,mean,1.0,200,167,33,12695,24,16,1,5549137599543587234,10461435943494771585,"{""cue"":1,""delay"":128}",recall_accuracy,1.0,1.0,ceiling,available,,,true,recall_accuracy,1.0,Recall accuracy,fraction,higher
delayed_cue,sorn_direct_v1__cue_pilot,21,1,144,48,true,mean,1.0,200,167,33,12682,24,16,1,6732558518968835706,5416661579998404624,"{""cue"":1,""delay"":32}",recall_accuracy,1.0,1.0,ceiling,available,,,true,recall_accuracy,1.0,Recall accuracy,fraction,higher
delayed_cue,sorn_direct_v1__cue_pilot,22,1,144,48,true,mean,1.0,200,167,33,12749,24,16,1,2577862305215623245,7882667760995557606,"{""cue"":1,""delay"":32}",recall_accuracy,1.0,1.0,ceiling,available,,,true,recall_accuracy,1.0,Recall accuracy,fraction,higher
delayed_cue,sorn_direct_v1__cue_pilot,23,1,144,24,true,mean,1.0,200,167,33,12696,24,16,1,11957312565499347149,12112332401919133547,"{""cue"":2,""delay"":8}",recall_accuracy,1.0,1.0,ceiling,available,,,true,recall_accuracy,1.0,Recall accuracy,fraction,higher
delayed_cue,sorn_direct_v1__cue_pilot,24,1,144,24,true,mean,1.0,200,167,33,12611,24,16,1,4680551158109047824,11643029525362392454,"{""cue"":2,""delay"":8}",recall_accuracy,0.0,0.0,floor,available,,,true,recall_accuracy,0.0,Recall accuracy,fraction,higher
delayed_cue,sorn_direct_v1__cue_pilot,25,1,144,48,true,mean,1.0,200,167,33,12712,24,16,1,10456853219522518865,10460884635036068201,"{""cue"":2,""delay"":32}",recall_accuracy,0.0,0.0,floor,available,,,true,recall_accuracy,0.0,Recall accuracy,fraction,higher
delayed_cue,sorn_direct_v1__cue_pilot,26,1,144,48,true,mean,1.0,200,167,33,12764,24,16,1,6773269957115782370,14383457197430757047,"{""cue"":2,""delay"":32}",recall_accuracy,1.0,1.0,ceiling,available,,,true,recall_accuracy,1.0,Recall accuracy,fraction,higher
delayed_cue,sorn_direct_v1__cue_pilot,27,1,144,144,true,mean,1.0,200,167,33,12646,24,16,1,9360666076589824786,2464763767336698011,"{""cue"":2,""delay"":128}",recall_accuracy,1.0,1.0,ceiling,available,,,true,recall_accuracy,1.0,Recall accuracy,fraction,higher
delayed_cue,sorn_direct_v1__cue_pilot,28,1,144,144,true,mean,1.0,200,167,33,12703,24,16,1,11791613385299883659,6159722965017159520,"{""cue"":2,""delay"":128}",recall_accuracy,0.0,0.0,floor,available,,,true,recall_accuracy,0.0,Recall accuracy,fraction,higher
delayed_cue,sorn_direct_v1__cue_pilot,29,1,144,24,true,mean,1.0,200,167,33,12704,24,16,1,13112295377301888519,990217331029627589,"{""cue"":1,""delay"":8}",recall_accuracy,0.0,0.0,floor,available,,,true,recall_accuracy,0.0,Recall accuracy,fraction,higher
delayed_cue,sorn_direct_v1__cue_pilot,30,1,144,144,true,mean,1.0,200,167,33,12718,24,16,1,11760421109127544351,16691355355063461289,"{""cue"":1,""delay"":128}",recall_accuracy,1.0,1.0,ceiling,available,,,true,recall_accuracy,1.0,Recall accuracy,fraction,higher
delayed_cue,sorn_direct_v1__cue_pilot,31,1,144,24,true,mean,1.0,200,167,33,12659,24,16,1,9939352057774611185,437272586768104324,"{""cue"":2,""delay"":8}",recall_accuracy,0.0,0.0,floor,available,,,true,recall_accuracy,0.0,Recall accuracy,fraction,higher
delayed_cue,sorn_direct_v1__cue_pilot,32,1,144,24,true,mean,1.0,200,167,33,12719,24,16,1,5534234772490588493,152564221908248669,"{""cue"":2,""delay"":8}",recall_accuracy,0.0,0.0,floor,available,,,true,recall_accuracy,0.0,Recall accuracy,fraction,higher
delayed_cue,sorn_direct_v1__cue_pilot,33,1,144,24,true,mean,1.0,200,167,33,12682,24,16,1,9078742418532711931,1872579077626432581,"{""cue"":2,""delay"":8}",recall_accuracy,0.0,0.0,floor,available,,,true,recall_accuracy,0.0,Recall accuracy,fraction,higher
delayed_cue,sorn_direct_v1__cue_pilot,34,1,144,48,true,mean,1.0,200,167,33,12728,24,16,1,7096865155479225714,172322410839173398,"{""cue"":1,""delay"":32}",recall_accuracy,0.0,0.0,floor,available,,,true,recall_accuracy,0.0,Recall accuracy,fraction,higher
delayed_cue,sorn_direct_v1__cue_pilot,35,1,144,48,true,mean,1.0,200,167,33,12609,24,16,1,11409841150469852605,1867930520921966924,"{""cue"":2,""delay"":32}",recall_accuracy,1.0,1.0,ceiling,available,,,true,recall_accuracy,1.0,Recall accuracy,fraction,higher
delayed_cue,sorn_direct_v1__cue_pilot,36,1,144,48,true,mean,1.0,200,167,33,12680,24,16,1,3235431241960489068,9489355222374571138,"{""cue"":1,""delay"":32}",recall_accuracy,0.0,0.0,floor,available,,,true,recall_accuracy,0.0,Recall accuracy,fraction,higher
delayed_cue,sorn_direct_v1__cue_pilot,37,1,144,24,true,mean,1.0,200,167,33,12663,24,16,1,2871323126635516463,13407941294844607642,"{""cue"":2,""delay"":8}",recall_accuracy,1.0,1.0,ceiling,available,,,true,recall_accuracy,1.0,Recall accuracy,fraction,higher
delayed_cue,sorn_direct_v1__cue_pilot,38,1,144,48,true,mean,1.0,200,167,33,12709,24,16,1,14613591061574544144,12200404415516286254,"{""cue"":2,""delay"":32}",recall_accuracy,1.0,1.0,ceiling,available,,,true,recall_accuracy,1.0,Recall accuracy,fraction,higher
delayed_cue,sorn_direct_v1__cue_pilot,39,1,144,24,true,mean,1.0,200,167,33,12626,24,16,1,812891590099379939,11912874298920438734,"{""cue"":2,""delay"":8}",recall_accuracy,0.0,0.0,floor,available,,,true,recall_accuracy,0.0,Recall accuracy,fraction,higher
delayed_cue,sorn_direct_v1__cue_pilot,40,1,144,144,true,mean,1.0,200,167,33,12687,24,16,1,15850580821776749136,7364631191195490369,"{""cue"":2,""delay"":128}",recall_accuracy,1.0,1.0,ceiling,available,,,true,recall_accuracy,1.0,Recall accuracy,fraction,higher
delayed_cue,sorn_direct_v1__cue_pilot,41,1,144,48,true,mean,1.0,200,167,33,12673,24,16,1,11719227407910769211,11025283218651675887,"{""cue"":1,""delay"":32}",recall_accuracy,0.0,0.0,floor,available,,,true,recall_accuracy,0.0,Recall accuracy,fraction,higher
delayed_cue,sorn_direct_v1__cue_pilot,42,1,144,48,true,mean,1.0,200,167,33,12664,24,16,1,10778228928443265963,11586831232749726705,"{""cue"":2,""delay"":32}",recall_accuracy,1.0,1.0,ceiling,available,,,true,recall_accuracy,1.0,Recall accuracy,fraction,higher
delayed_cue,sorn_direct_v1__cue_pilot,43,1,144,144,true,mean,1.0,200,167,33,12692,24,16,1,13323977183532642390,4790376359106899968,"{""cue"":1,""delay"":128}",recall_accuracy,0.0,0.0,floor,available,,,true,recall_accuracy,0.0,Recall accuracy,fraction,higher
delayed_cue,sorn_direct_v1__cue_pilot,44,1,144,24,true,mean,1.0,200,167,33,12683,24,16,1,15092347473011963458,10474793773248952592,"{""cue"":1,""delay"":8}",recall_accuracy,1.0,1.0,ceiling,available,,,true,recall_accuracy,1.0,Recall accuracy,fraction,higher
delayed_cue,sorn_direct_v1__cue_pilot,45,1,144,144,true,mean,1.0,200,167,33,12681,24,16,1,7161156965797648812,8368947532352539109,"{""cue"":1,""delay"":128}",recall_accuracy,0.0,0.0,floor,available,,,true,recall_accuracy,0.0,Recall accuracy,fraction,higher
delayed_cue,sorn_direct_v1__cue_pilot,46,1,144,48,true,mean,1.0,200,167,33,12705,24,16,1,4245834016341774335,7573658266822497555,"{""cue"":1,""delay"":32}",recall_accuracy,0.0,0.0,floor,available,,,true,recall_accuracy,0.0,Recall accuracy,fraction,higher
delayed_cue,sorn_direct_v1__cue_pilot,47,1,144,48,true,mean,1.0,200,167,33,12646,24,16,1,6320282411195405428,11164244345997371055,"{""cue"":2,""delay"":32}",recall_accuracy,1.0,1.0,ceiling,available,,,true,recall_accuracy,1.0,Recall accuracy,fraction,higher
delayed_cue,sorn_direct_v1__cue_pilot,48,1,144,24,true,mean,1.0,200,167,33,12728,24,16,1,13171079422520424510,6135936011044478210,"{""cue"":1,""delay"":8}",recall_accuracy,1.0,1.0,ceiling,available,,,true,recall_accuracy,1.0,Recall accuracy,fraction,higher
delayed_cue,sorn_direct_v1__cue_pilot,49,1,144,24,true,mean,1.0,200,167,33,12655,24,16,1,3529091307934085137,6213597901932483794,"{""cue"":1,""delay"":8}",recall_accuracy,1.0,1.0,ceiling,available,,,true,recall_accuracy,1.0,Recall accuracy,fraction,higher
delayed_cue,sorn_direct_v1__cue_pilot,50,1,144,24,true,mean,1.0,200,167,33,12643,24,16,1,9422272788562674498,3538632752452620444,"{""cue"":2,""delay"":8}",recall_accuracy,1.0,1.0,ceiling,available,,,true,recall_accuracy,1.0,Recall accuracy,fraction,higher
delayed_cue,sorn_direct_v1__cue_pilot,51,1,144,144,true,mean,1.0,200,167,33,12635,24,16,1,8006091383105337048,9253859340977142129,"{""cue"":1,""delay"":128}",recall_accuracy,1.0,1.0,ceiling,available,,,true,recall_accuracy,1.0,Recall accuracy,fraction,higher
delayed_cue,sorn_direct_v1__cue_pilot,52,1,144,48,true,mean,1.0,200,167,33,12752,24,16,1,18220969669811477286,3085148682663351247,"{""cue"":2,""delay"":32}",recall_accuracy,0.0,0.0,floor,available,,,true,recall_accuracy,0.0,Recall accuracy,fraction,higher
delayed_cue,sorn_direct_v1__cue_pilot,53,1,144,48,true,mean,1.0,200,167,33,12714,24,16,1,7895063339136154753,2752483952000498297,"{""cue"":1,""delay"":32}",recall_accuracy,0.0,0.0,floor,available,,,true,recall_accuracy,0.0,Recall accuracy,fraction,higher
delayed_cue,sorn_direct_v1__cue_pilot,54,1,144,24,true,mean,1.0,200,167,33,12721,24,16,1,16099975305450898434,960392228513830461,"{""cue"":1,""delay"":8}",recall_accuracy,1.0,1.0,ceiling,available,,,true,recall_accuracy,1.0,Recall accuracy,fraction,higher
delayed_cue,sorn_direct_v1__cue_pilot,55,1,144,24,true,mean,1.0,200,167,33,12689,24,16,1,17664328501329898665,6477960279529346096,"{""cue"":2,""delay"":8}",recall_accuracy,0.0,0.0,floor,available,,,true,recall_accuracy,0.0,Recall accuracy,fraction,higher
delayed_cue,sorn_direct_v1__cue_pilot,56,1,144,24,true,mean,1.0,200,167,33,12616,24,16,1,6547800575661274012,2420344093678623438,"{""cue"":2,""delay"":8}",recall_accuracy,1.0,1.0,ceiling,available,,,true,recall_accuracy,1.0,Recall accuracy,fraction,higher
delayed_cue,sorn_direct_v1__cue_pilot,57,1,144,144,true,mean,1.0,200,167,33,12706,24,16,1,16830178693184644792,3928945947083975551,"{""cue"":2,""delay"":128}",recall_accuracy,1.0,1.0,ceiling,available,,,true,recall_accuracy,1.0,Recall accuracy,fraction,higher
delayed_cue,sorn_direct_v1__cue_pilot,58,1,144,48,true,mean,1.0,200,167,33,12711,24,16,1,1754421824589941332,9441613745715514839,"{""cue"":2,""delay"":32}",recall_accuracy,1.0,1.0,ceiling,available,,,true,recall_accuracy,1.0,Recall accuracy,fraction,higher
delayed_cue,sorn_direct_v1__cue_pilot,59,1,144,48,true,mean,1.0,200,167,33,12633,24,16,1,13153110486156101651,16119334337036452075,"{""cue"":1,""delay"":32}",recall_accuracy,1.0,1.0,ceiling,available,,,true,recall_accuracy,1.0,Recall accuracy,fraction,higher
delayed_cue,sorn_direct_v1__cue_pilot,60,1,144,24,true,mean,1.0,200,167,33,12674,24,16,1,9514525399666966787,13378338712449002368,"{""cue"":2,""delay"":8}",recall_accuracy,1.0,1.0,ceiling,available,,,true,recall_accuracy,1.0,Recall accuracy,fraction,higher
delayed_cue,sorn_direct_v1__cue_pilot,61,1,144,48,true,mean,1.0,200,167,33,12658,24,16,1,12327458337118188868,2183507025913576686,"{""cue"":2,""delay"":32}",recall_accuracy,1.0,1.0,ceiling,available,,,true,recall_accuracy,1.0,Recall accuracy,fraction,higher
delayed_cue,sorn_direct_v1__cue_pilot,62,1,144,144,true,mean,1.0,200,167,33,12686,24,16,1,6636308730135883142,16198371108778572921,"{""cue"":2,""delay"":128}",recall_accuracy,0.0,0.0,floor,available,,,true,recall_accuracy,0.0,Recall accuracy,fraction,higher
delayed_cue,sorn_direct_v1__cue_pilot,63,1,144,48,true,mean,1.0,200,167,33,12726,24,16,1,14474354513126416133,6263019249063420766,"{""cue"":2,""delay"":32}",recall_accuracy,1.0,1.0,ceiling,available,,,true,recall_accuracy,1.0,Recall accuracy,fraction,higher
delayed_cue,sorn_direct_v1__cue_pilot,64,1,144,48,true,mean,1.0,200,167,33,12613,24,16,1,10953607531367773775,10626294230072449383,"{""cue"":2,""delay"":32}",recall_accuracy,0.0,0.0,floor,available,,,true,recall_accuracy,0.0,Recall accuracy,fraction,higher
delayed_cue,sorn_direct_v1__cue_pilot,65,1,144,24,true,mean,1.0,200,167,33,12721,24,16,1,10944215607939833577,243964136393792281,"{""cue"":2,""delay"":8}",recall_accuracy,0.0,0.0,floor,available,,,true,recall_accuracy,0.0,Recall accuracy,fraction,higher
delayed_cue,sorn_direct_v1__cue_pilot,66,1,144,144,true,mean,1.0,200,167,33,12661,24,16,1,9860102841935852400,16568669157571587861,"{""cue"":2,""delay"":128}",recall_accuracy,0.0,0.0,floor,available,,,true,recall_accuracy,0.0,Recall accuracy,fraction,higher
delayed_cue,sorn_direct_v1__cue_pilot,67,1,144,24,true,mean,1.0,200,167,33,12719,24,16,1,4950295332836100889,7501605634579758634,"{""cue"":1,""delay"":8}",recall_accuracy,1.0,1.0,ceiling,available,,,true,recall_accuracy,1.0,Recall accuracy,fraction,higher
delayed_cue,sorn_direct_v1__cue_pilot,68,1,144,144,true,mean,1.0,200,167,33,12744,24,16,1,14702155589949683248,8208033475401905379,"{""cue"":2,""delay"":128}",recall_accuracy,1.0,1.0,ceiling,available,,,true,recall_accuracy,1.0,Recall accuracy,fraction,higher
delayed_cue,sorn_direct_v1__cue_pilot,69,1,144,144,true,mean,1.0,200,167,33,12690,24,16,1,6012531226430033290,13356662379799987784,"{""cue"":1,""delay"":128}",recall_accuracy,1.0,1.0,ceiling,available,,,true,recall_accuracy,1.0,Recall accuracy,fraction,higher
delayed_cue,sorn_direct_v1__cue_pilot,70,1,144,24,true,mean,1.0,200,167,33,12716,24,16,1,6200447552877171648,8035157228053094001,"{""cue"":2,""delay"":8}",recall_accuracy,0.0,0.0,floor,available,,,true,recall_accuracy,0.0,Recall accuracy,fraction,higher
delayed_cue,sorn_direct_v1__cue_pilot,71,1,144,48,true,mean,1.0,200,167,33,12748,24,16,1,11581317684451845544,3646258474484183429,"{""cue"":2,""delay"":32}",recall_accuracy,1.0,1.0,ceiling,available,,,true,recall_accuracy,1.0,Recall accuracy,fraction,higher
delayed_cue,sorn_direct_v1__cue_pilot,72,1,144,24,true,mean,1.0,200,167,33,12694,24,16,1,10531918266629528383,3706660346503529620,"{""cue"":1,""delay"":8}",recall_accuracy,1.0,1.0,ceiling,available,,,true,recall_accuracy,1.0,Recall accuracy,fraction,higher
delayed_cue,sorn_direct_v1__cue_pilot,73,1,144,24,true,mean,1.0,200,167,33,12731,24,16,1,9502785325597440341,5583561669797560892,"{""cue"":2,""delay"":8}",recall_accuracy,1.0,1.0,ceiling,available,,,true,recall_accuracy,1.0,Recall accuracy,fraction,higher
delayed_cue,sorn_direct_v1__cue_pilot,74,1,144,144,true,mean,1.0,200,167,33,12679,24,16,1,12430365876797401568,7406610784075232701,"{""cue"":1,""delay"":128}",recall_accuracy,1.0,1.0,ceiling,available,,,true,recall_accuracy,1.0,Recall accuracy,fraction,higher
delayed_cue,sorn_direct_v1__cue_pilot,75,1,144,48,true,mean,1.0,200,167,33,12650,24,16,1,16436570488302266311,13450806396034304269,"{""cue"":2,""delay"":32}",recall_accuracy,0.0,0.0,floor,available,,,true,recall_accuracy,0.0,Recall accuracy,fraction,higher
delayed_cue,sorn_direct_v1__cue_pilot,76,1,144,24,true,mean,1.0,200,167,33,12727,24,16,1,238638612492166317,2195413309589781367,"{""cue"":1,""delay"":8}",recall_accuracy,1.0,1.0,ceiling,available,,,true,recall_accuracy,1.0,Recall accuracy,fraction,higher
delayed_cue,sorn_direct_v1__cue_pilot,77,1,144,144,true,mean,1.0,200,167,33,12666,24,16,1,5249733902945512277,12020459811848018816,"{""cue"":2,""delay"":128}",recall_accuracy,0.0,0.0,floor,available,,,true,recall_accuracy,0.0,Recall accuracy,fraction,higher
delayed_cue,sorn_direct_v1__cue_pilot,78,1,144,24,true,mean,1.0,200,167,33,12696,24,16,1,13328497025908395129,1595620491159436282,"{""cue"":1,""delay"":8}",recall_accuracy,0.0,0.0,floor,available,,,true,recall_accuracy,0.0,Recall accuracy,fraction,higher
delayed_cue,sorn_direct_v1__cue_pilot,79,1,144,144,true,mean,1.0,200,167,33,12651,24,16,1,16991093082198835251,3495381576393975302,"{""cue"":2,""delay"":128}",recall_accuracy,1.0,1.0,ceiling,available,,,true,recall_accuracy,1.0,Recall accuracy,fraction,higher
delayed_cue,sorn_direct_v1__cue_pilot,80,1,144,24,true,mean,1.0,200,167,33,12737,24,16,1,10877699398231609056,10020868452905883314,"{""cue"":1,""delay"":8}",recall_accuracy,1.0,1.0,ceiling,available,,,true,recall_accuracy,1.0,Recall accuracy,fraction,higher
delayed_cue,sorn_direct_v1__cue_pilot,81,1,144,24,true,mean,1.0,200,167,33,12640,24,16,1,16081814649483454919,6457786877156776162,"{""cue"":1,""delay"":8}",recall_accuracy,1.0,1.0,ceiling,available,,,true,recall_accuracy,1.0,Recall accuracy,fraction,higher
delayed_cue,sorn_direct_v1__cue_pilot,82,1,144,144,true,mean,1.0,200,167,33,12717,24,16,1,3004854685880941216,9802533914902816034,"{""cue"":1,""delay"":128}",recall_accuracy,1.0,1.0,ceiling,available,,,true,recall_accuracy,1.0,Recall accuracy,fraction,higher
delayed_cue,sorn_direct_v1__cue_pilot,83,1,144,24,true,mean,1.0,200,167,33,12648,24,16,1,11332563006167322222,2760383983567320115,"{""cue"":1,""delay"":8}",recall_accuracy,0.0,0.0,floor,available,,,true,recall_accuracy,0.0,Recall accuracy,fraction,higher
delayed_cue,sorn_direct_v1__cue_pilot,84,1,144,24,true,mean,1.0,200,167,33,12695,24,16,1,14710834290343217795,7111759051499794799,"{""cue"":1,""delay"":8}",recall_accuracy,1.0,1.0,ceiling,available,,,true,recall_accuracy,1.0,Recall accuracy,fraction,higher
delayed_cue,sorn_direct_v1__cue_pilot,85,1,144,48,true,mean,1.0,200,167,33,12677,24,16,1,9921487818451268747,920257603342567761,"{""cue"":1,""delay"":32}",recall_accuracy,1.0,1.0,ceiling,available,,,true,recall_accuracy,1.0,Recall accuracy,fraction,higher
delayed_cue,sorn_direct_v1__cue_pilot,86,1,144,48,true,mean,1.0,200,167,33,12696,24,16,1,8682992498845546030,6319233469359373404,"{""cue"":2,""delay"":32}",recall_accuracy,0.0,0.0,floor,available,,,true,recall_accuracy,0.0,Recall accuracy,fraction,higher
delayed_cue,sorn_direct_v1__cue_pilot,87,1,144,24,true,mean,1.0,200,167,33,12698,24,16,1,571690365734233699,4302979779265137638,"{""cue"":2,""delay"":8}",recall_accuracy,1.0,1.0,ceiling,available,,,true,recall_accuracy,1.0,Recall accuracy,fraction,higher
delayed_cue,sorn_direct_v1__cue_pilot,88,1,144,24,true,mean,1.0,200,167,33,12668,24,16,1,18406083646193144881,18293456790913002871,"{""cue"":2,""delay"":8}",recall_accuracy,1.0,1.0,ceiling,available,,,true,recall_accuracy,1.0,Recall accuracy,fraction,higher
delayed_cue,sorn_direct_v1__cue_pilot,89,1,144,24,true,mean,1.0,200,167,33,12651,24,16,1,17643704990936886329,12148337880050368030,"{""cue"":2,""delay"":8}",recall_accuracy,0.0,0.0,floor,available,,,true,recall_accuracy,0.0,Recall accuracy,fraction,higher
delayed_cue,sorn_direct_v1__cue_pilot,90,1,144,24,true,mean,1.0,200,167,33,12658,24,16,1,6796301207879158946,15947802717526550616,"{""cue"":2,""delay"":8}",recall_accuracy,0.0,0.0,floor,available,,,true,recall_accuracy,0.0,Recall accuracy,fraction,higher
delayed_cue,sorn_direct_v1__cue_pilot,91,1,144,24,true,mean,1.0,200,167,33,12671,24,16,1,4095061924204972548,12271568401025496219,"{""cue"":2,""delay"":8}",recall_accuracy,1.0,1.0,ceiling,available,,,true,recall_accuracy,1.0,Recall accuracy,fraction,higher
delayed_cue,sorn_direct_v1__cue_pilot,92,1,144,24,true,mean,1.0,200,167,33,12715,24,16,1,13005790985319339233,17152053800812132916,"{""cue"":1,""delay"":8}",recall_accuracy,0.0,0.0,floor,available,,,true,recall_accuracy,0.0,Recall accuracy,fraction,higher
delayed_cue,sorn_direct_v1__cue_pilot,93,1,144,144,true,mean,1.0,200,167,33,12682,24,16,1,1273342259909791066,3968454907321997680,"{""cue"":1,""delay"":128}",recall_accuracy,1.0,1.0,ceiling,available,,,true,recall_accuracy,1.0,Recall accuracy,fraction,higher
delayed_cue,sorn_direct_v1__cue_pilot,94,1,144,24,true,mean,1.0,200,167,33,12663,24,16,1,4112980164532657504,2490612490428326430,"{""cue"":2,""delay"":8}",recall_accuracy,0.0,0.0,floor,available,,,true,recall_accuracy,0.0,Recall accuracy,fraction,higher
delayed_cue,sorn_direct_v1__cue_pilot,95,1,144,48,true,mean,1.0,200,167,33,12725,24,16,1,40120842097895054,10159123181315617221,"{""cue"":1,""delay"":32}",recall_accuracy,0.0,0.0,floor,available,,,true,recall_accuracy,0.0,Recall accuracy,fraction,higher
delayed_cue,sorn_direct_v1__cue_pilot,96,1,144,48,true,mean,1.0,200,167,33,12662,24,16,1,10332689989311725034,3996490557627359231,"{""cue"":1,""delay"":32}",recall_accuracy,0.0,0.0,floor,available,,,true,recall_accuracy,0.0,Recall accuracy,fraction,higher
delayed_cue,sorn_direct_v1__cue_pilot,97,1,144,144,true,mean,1.0,200,167,33,12645,24,16,1,7985759414948524928,17036435726676121157,"{""cue"":2,""delay"":128}",recall_accuracy,1.0,1.0,ceiling,available,,,true,recall_accuracy,1.0,Recall accuracy,fraction,higher
delayed_cue,sorn_direct_v1__cue_pilot,98,1,144,144,true,mean,1.0,200,167,33,12694,24,16,1,14526283450006014252,8099140031824396606,"{""cue"":1,""delay"":128}",recall_accuracy,1.0,1.0,ceiling,available,,,true,recall_accuracy,1.0,Recall accuracy,fraction,higher
delayed_cue,sorn_direct_v1__cue_pilot,99,1,144,48,true,mean,1.0,200,167,33,12658,24,16,1,16091008681169007788,18385383200491197644,"{""cue"":1,""delay"":32}",recall_accuracy,1.0,1.0,ceiling,available,,,true,recall_accuracy,1.0,Recall accuracy,fraction,higher
delayed_cue,sorn_direct_v1__cue_pilot,100,1,144,144,true,mean,1.0,200,167,33,12649,24,16,1,13177559660613692297,2701717425297140814,"{""cue"":1,""delay"":128}",recall_accuracy,1.0,1.0,ceiling,available,,,true,recall_accuracy,1.0,Recall accuracy,fraction,higher
delayed_cue,sorn_direct_v1__cue_pilot,101,1,144,24,true,mean,1.0,200,167,33,12625,24,16,1,6120779185105235016,9020636849146670774,"{""cue"":2,""delay"":8}",recall_accuracy,0.0,0.0,floor,available,,,true,recall_accuracy,0.0,Recall accuracy,fraction,higher
delayed_cue,sorn_direct_v1__cue_pilot,102,1,144,48,true,mean,1.0,200,167,33,12677,24,16,1,16041573857991820165,2726905692154733144,"{""cue"":2,""delay"":32}",recall_accuracy,1.0,1.0,ceiling,available,,,true,recall_accuracy,1.0,Recall accuracy,fraction,higher
delayed_cue,sorn_direct_v1__cue_pilot,103,1,144,24,true,mean,1.0,200,167,33,12659,24,16,1,11526081690520900805,6933621066012646004,"{""cue"":2,""delay"":8}",recall_accuracy,1.0,1.0,ceiling,available,,,true,recall_accuracy,1.0,Recall accuracy,fraction,higher
delayed_cue,sorn_direct_v1__cue_pilot,104,1,144,144,true,mean,1.0,200,167,33,12703,24,16,1,497744659626108367,16340975333697648538,"{""cue"":1,""delay"":128}",recall_accuracy,0.0,0.0,floor,available,,,true,recall_accuracy,0.0,Recall accuracy,fraction,higher
delayed_cue,sorn_direct_v1__cue_pilot,105,1,144,144,true,mean,1.0,200,167,33,12739,24,16,1,7260705526687070654,4632730303149672283,"{""cue"":1,""delay"":128}",recall_accuracy,0.0,0.0,floor,available,,,true,recall_accuracy,0.0,Recall accuracy,fraction,higher
delayed_cue,sorn_direct_v1__cue_pilot,106,1,144,144,true,mean,1.0,200,167,33,12702,24,16,1,16558885832272992121,14059707105093042385,"{""cue"":2,""delay"":128}",recall_accuracy,1.0,1.0,ceiling,available,,,true,recall_accuracy,1.0,Recall accuracy,fraction,higher
delayed_cue,sorn_direct_v1__cue_pilot,107,1,144,48,true,mean,1.0,200,167,33,12670,24,16,1,4543770275417132081,13889397709921694591,"{""cue"":1,""delay"":32}",recall_accuracy,1.0,1.0,ceiling,available,,,true,recall_accuracy,1.0,Recall accuracy,fraction,higher
delayed_cue,sorn_direct_v1__cue_pilot,108,1,144,48,true,mean,1.0,200,167,33,12749,24,16,1,9083960403798506396,1128722474380957863,"{""cue"":1,""delay"":32}",recall_accuracy,0.0,0.0,floor,available,,,true,recall_accuracy,0.0,Recall accuracy,fraction,higher
delayed_cue,sorn_direct_v1__cue_pilot,109,1,144,24,true,mean,1.0,200,167,33,12633,24,16,1,2838757952101713543,12983322162198628432,"{""cue"":1,""delay"":8}",recall_accuracy,0.0,0.0,floor,available,,,true,recall_accuracy,0.0,Recall accuracy,fraction,higher
delayed_cue,sorn_direct_v1__cue_pilot,110,1,144,24,true,mean,1.0,200,167,33,12738,24,16,1,7969543469185300972,16663359365434932077,"{""cue"":1,""delay"":8}",recall_accuracy,1.0,1.0,ceiling,available,,,true,recall_accuracy,1.0,Recall accuracy,fraction,higher
delayed_cue,sorn_direct_v1__cue_pilot,111,1,144,48,true,mean,1.0,200,167,33,12686,24,16,1,16143368021905998589,8789103146874620078,"{""cue"":2,""delay"":32}",recall_accuracy,1.0,1.0,ceiling,available,,,true,recall_accuracy,1.0,Recall accuracy,fraction,higher
delayed_cue,sorn_direct_v1__cue_pilot,112,1,144,144,true,mean,1.0,200,167,33,12677,24,16,1,14417551883051421038,15832620414584626985,"{""cue"":2,""delay"":128}",recall_accuracy,0.0,0.0,floor,available,,,true,recall_accuracy,0.0,Recall accuracy,fraction,higher
delayed_cue,sorn_direct_v1__cue_pilot,113,1,144,144,true,mean,1.0,200,167,33,12677,24,16,1,11067664743349370432,17539236070441193678,"{""cue"":2,""delay"":128}",recall_accuracy,0.0,0.0,floor,available,,,true,recall_accuracy,0.0,Recall accuracy,fraction,higher
delayed_cue,sorn_direct_v1__cue_pilot,114,1,144,48,true,mean,1.0,200,167,33,12645,24,16,1,848356955865807021,10651007816375882481,"{""cue"":1,""delay"":32}",recall_accuracy,1.0,1.0,ceiling,available,,,true,recall_accuracy,1.0,Recall accuracy,fraction,higher
delayed_cue,sorn_direct_v1__cue_pilot,115,1,144,144,true,mean,1.0,200,167,33,12719,24,16,1,15758472219123549692,3286396882938007131,"{""cue"":1,""delay"":128}",recall_accuracy,1.0,1.0,ceiling,available,,,true,recall_accuracy,1.0,Recall accuracy,fraction,higher
delayed_cue,sorn_direct_v1__cue_pilot,116,1,144,24,true,mean,1.0,200,167,33,12731,24,16,1,7937313024338735172,371189226092150733,"{""cue"":1,""delay"":8}",recall_accuracy,1.0,1.0,ceiling,available,,,true,recall_accuracy,1.0,Recall accuracy,fraction,higher
delayed_cue,sorn_direct_v1__cue_pilot,117,1,144,48,true,mean,1.0,200,167,33,12736,24,16,1,556523867080793631,9757693885722034107,"{""cue"":1,""delay"":32}",recall_accuracy,0.0,0.0,floor,available,,,true,recall_accuracy,0.0,Recall accuracy,fraction,higher
delayed_cue,sorn_direct_v1__cue_pilot,118,1,144,48,true,mean,1.0,200,167,33,12670,24,16,1,7149224177357493983,7061262498596614144,"{""cue"":2,""delay"":32}",recall_accuracy,0.0,0.0,floor,available,,,true,recall_accuracy,0.0,Recall accuracy,fraction,higher
delayed_cue,sorn_direct_v1__cue_pilot,119,1,144,48,true,mean,1.0,200,167,33,12620,24,16,1,3178724540343387518,16907732385919490005,"{""cue"":1,""delay"":32}",recall_accuracy,1.0,1.0,ceiling,available,,,true,recall_accuracy,1.0,Recall accuracy,fraction,higher
delayed_cue,sorn_direct_v1__cue_pilot,120,1,144,144,true,mean,1.0,200,167,33,12705,24,16,1,9394594971923321628,17966097531895517824,"{""cue"":1,""delay"":128}",recall_accuracy,1.0,1.0,ceiling,available,,,true,recall_accuracy,1.0,Recall accuracy,fraction,higher
delayed_cue,sorn_direct_v1__cue_pilot,121,1,144,48,true,mean,1.0,200,167,33,12628,24,16,1,13554710866485065805,9834810008922649876,"{""cue"":2,""delay"":32}",recall_accuracy,0.0,0.0,floor,available,,,true,recall_accuracy,0.0,Recall accuracy,fraction,higher
delayed_cue,sorn_direct_v1__cue_pilot,122,1,144,48,true,mean,1.0,200,167,33,12740,24,16,1,6465361797100828516,5113893201239503318,"{""cue"":1,""delay"":32}",recall_accuracy,0.0,0.0,floor,available,,,true,recall_accuracy,0.0,Recall accuracy,fraction,higher
delayed_cue,sorn_direct_v1__cue_pilot,123,1,144,48,true,mean,1.0,200,167,33,12748,24,16,1,11929799551580734263,1287130078008079480,"{""cue"":1,""delay"":32}",recall_accuracy,0.0,0.0,floor,available,,,true,recall_accuracy,0.0,Recall accuracy,fraction,higher
delayed_cue,sorn_direct_v1__cue_pilot,124,1,144,144,true,mean,1.0,200,167,33,12705,24,16,1,11417115664282885119,17563696652225191864,"{""cue"":1,""delay"":128}",recall_accuracy,0.0,0.0,floor,available,,,true,recall_accuracy,0.0,Recall accuracy,fraction,higher
delayed_cue,sorn_direct_v1__cue_pilot,125,1,144,144,true,mean,1.0,200,167,33,12689,24,16,1,2366105475378961938,18022144296470096792,"{""cue"":2,""delay"":128}",recall_accuracy,0.0,0.0,floor,available,,,true,recall_accuracy,0.0,Recall accuracy,fraction,higher
delayed_cue,sorn_direct_v1__cue_pilot,126,1,144,144,true,mean,1.0,200,167,33,12699,24,16,1,7868431625647882136,14276296474076009409,"{""cue"":2,""delay"":128}",recall_accuracy,1.0,1.0,ceiling,available,,,true,recall_accuracy,1.0,Recall accuracy,fraction,higher
delayed_cue,sorn_direct_v1__cue_pilot,127,1,144,48,true,mean,1.0,200,167,33,12768,24,16,1,12928612697693300734,16926803296786163800,"{""cue"":1,""delay"":32}",recall_accuracy,1.0,1.0,ceiling,available,,,true,recall_accuracy,1.0,Recall accuracy,fraction,higher
delayed_cue,sorn_direct_v1__cue_pilot,128,1,144,24,true,mean,1.0,200,167,33,12741,24,16,1,14503033194976620002,15520600430781970946,"{""cue"":2,""delay"":8}",recall_accuracy,1.0,1.0,ceiling,available,,,true,recall_accuracy,1.0,Recall accuracy,fraction,higher
delayed_cue,sorn_direct_v1__cue_pilot,129,1,144,144,true,mean,1.0,200,167,33,12702,24,16,1,2291812483087671913,11950936296172481063,"{""cue"":1,""delay"":128}",recall_accuracy,0.0,0.0,floor,available,,,true,recall_accuracy,0.0,Recall accuracy,fraction,higher
delayed_cue,sorn_direct_v1__cue_pilot,130,1,144,24,true,mean,1.0,200,167,33,12711,24,16,1,12261094242673185038,8221163220759107520,"{""cue"":1,""delay"":8}",recall_accuracy,0.0,0.0,floor,available,,,true,recall_accuracy,0.0,Recall accuracy,fraction,higher
delayed_cue,sorn_direct_v1__cue_pilot,131,1,144,144,true,mean,1.0,200,167,33,12777,24,16,1,7575615444780233993,13792495752143402314,"{""cue"":1,""delay"":128}",recall_accuracy,1.0,1.0,ceiling,available,,,true,recall_accuracy,1.0,Recall accuracy,fraction,higher
delayed_cue,sorn_direct_v1__cue_pilot,132,1,144,144,true,mean,1.0,200,167,33,12739,24,16,1,4763517045515859043,10042738244849715016,"{""cue"":1,""delay"":128}",recall_accuracy,0.0,0.0,floor,available,,,true,recall_accuracy,0.0,Recall accuracy,fraction,higher
delayed_cue,sorn_direct_v1__cue_pilot,133,1,144,48,true,mean,1.0,200,167,33,12668,24,16,1,1328305504265282524,5184963644726423344,"{""cue"":1,""delay"":32}",recall_accuracy,0.0,0.0,floor,available,,,true,recall_accuracy,0.0,Recall accuracy,fraction,higher
delayed_cue,sorn_direct_v1__cue_pilot,134,1,144,144,true,mean,1.0,200,167,33,12635,24,16,1,3114301803530344005,687579957515389435,"{""cue"":2,""delay"":128}",recall_accuracy,1.0,1.0,ceiling,available,,,true,recall_accuracy,1.0,Recall accuracy,fraction,higher
delayed_cue,sorn_direct_v1__cue_pilot,135,1,144,48,true,mean,1.0,200,167,33,12705,24,16,1,10012106814985486340,15420152820635735342,"{""cue"":1,""delay"":32}",recall_accuracy,1.0,1.0,ceiling,available,,,true,recall_accuracy,1.0,Recall accuracy,fraction,higher
delayed_cue,sorn_direct_v1__cue_pilot,136,1,144,24,true,mean,1.0,200,167,33,12666,24,16,1,4491170867774057692,1509243598558963966,"{""cue"":1,""delay"":8}",recall_accuracy,0.0,0.0,floor,available,,,true,recall_accuracy,0.0,Recall accuracy,fraction,higher
delayed_cue,sorn_direct_v1__cue_pilot,137,1,144,48,true,mean,1.0,200,167,33,12679,24,16,1,6712179893749948088,5112562538523437120,"{""cue"":1,""delay"":32}",recall_accuracy,1.0,1.0,ceiling,available,,,true,recall_accuracy,1.0,Recall accuracy,fraction,higher
delayed_cue,sorn_direct_v1__cue_pilot,138,1,144,48,true,mean,1.0,200,167,33,12684,24,16,1,11049036506701488846,15829483572007361895,"{""cue"":1,""delay"":32}",recall_accuracy,0.0,0.0,floor,available,,,true,recall_accuracy,0.0,Recall accuracy,fraction,higher
delayed_cue,sorn_direct_v1__cue_pilot,139,1,144,144,true,mean,1.0,200,167,33,12699,24,16,1,2610866194224690398,6629569460640516458,"{""cue"":2,""delay"":128}",recall_accuracy,1.0,1.0,ceiling,available,,,true,recall_accuracy,1.0,Recall accuracy,fraction,higher
delayed_cue,sorn_direct_v1__cue_pilot,140,1,144,24,true,mean,1.0,200,167,33,12738,24,16,1,4770304502595523747,20552512825797033,"{""cue"":2,""delay"":8}",recall_accuracy,1.0,1.0,ceiling,available,,,true,recall_accuracy,1.0,Recall accuracy,fraction,higher
delayed_cue,sorn_direct_v1__cue_pilot,141,1,144,144,true,mean,1.0,200,167,33,12696,24,16,1,4710289106167074683,12891898217348733716,"{""cue"":2,""delay"":128}",recall_accuracy,1.0,1.0,ceiling,available,,,true,recall_accuracy,1.0,Recall accuracy,fraction,higher
delayed_cue,sorn_direct_v1__cue_pilot,142,1,144,144,true,mean,1.0,200,167,33,12608,24,16,1,11375869915864621851,13684969240057572193,"{""cue"":1,""delay"":128}",recall_accuracy,0.0,0.0,floor,available,,,true,recall_accuracy,0.0,Recall accuracy,fraction,higher
delayed_cue,sorn_direct_v1__cue_pilot,143,1,144,48,true,mean,1.0,200,167,33,12627,24,16,1,3394091584266153007,2315333591628368218,"{""cue"":2,""delay"":32}",recall_accuracy,0.0,0.0,floor,available,,,true,recall_accuracy,0.0,Recall accuracy,fraction,higher
delayed_cue,sorn_direct_v1__cue_pilot,144,1,144,144,true,mean,1.0,200,167,33,12848,24,16,1,12281466642730821609,1418184363719802333,"{""cue"":1,""delay"":128}",recall_accuracy,1.0,1.0,ceiling,available,,,true,recall_accuracy,1.0,Recall accuracy,fraction,higher
delayed_cue,sorn_direct_v1__cue_pilot,145,1,144,48,true,mean,1.0,200,167,33,12685,24,16,1,3158303216564491889,9271924235470067252,"{""cue"":2,""delay"":32}",recall_accuracy,1.0,1.0,ceiling,available,,,true,recall_accuracy,1.0,Recall accuracy,fraction,higher
delayed_cue,sorn_direct_v1__cue_pilot,146,1,144,144,true,mean,1.0,200,167,33,12740,24,16,1,11203134702300436278,11326027898088423486,"{""cue"":2,""delay"":128}",recall_accuracy,0.0,0.0,floor,available,,,true,recall_accuracy,0.0,Recall accuracy,fraction,higher
delayed_cue,sorn_direct_v1__cue_pilot,147,1,144,24,true,mean,1.0,200,167,33,12656,24,16,1,3733210782274742491,13536483834050787086,"{""cue"":1,""delay"":8}",recall_accuracy,0.0,0.0,floor,available,,,true,recall_accuracy,0.0,Recall accuracy,fraction,higher
delayed_cue,sorn_direct_v1__cue_pilot,148,1,144,144,true,mean,1.0,200,167,33,12727,24,16,1,15524880151530740544,1220798142907552199,"{""cue"":2,""delay"":128}",recall_accuracy,1.0,1.0,ceiling,available,,,true,recall_accuracy,1.0,Recall accuracy,fraction,higher
delayed_cue,sorn_direct_v1__cue_pilot,149,1,144,48,true,mean,1.0,200,167,33,12658,24,16,1,3580372592733860545,3288328476594944239,"{""cue"":1,""delay"":32}",recall_accuracy,1.0,1.0,ceiling,available,,,true,recall_accuracy,1.0,Recall accuracy,fraction,higher
delayed_cue,sorn_direct_v1__cue_pilot,150,1,144,144,true,mean,1.0,200,167,33,12693,24,16,1,408340492196314223,5822797134184507485,"{""cue"":2,""delay"":128}",recall_accuracy,0.0,0.0,floor,available,,,true,recall_accuracy,0.0,Recall accuracy,fraction,higher
delayed_cue,sorn_direct_v1__cue_pilot,151,1,144,48,true,mean,1.0,200,167,33,12739,24,16,1,10025206612571008412,5178262147236902490,"{""cue"":1,""delay"":32}",recall_accuracy,1.0,1.0,ceiling,available,,,true,recall_accuracy,1.0,Recall accuracy,fraction,higher
delayed_cue,sorn_direct_v1__cue_pilot,152,1,144,24,true,mean,1.0,200,167,33,12681,24,16,1,10219409203579309684,8772189660984033776,"{""cue"":2,""delay"":8}",recall_accuracy,0.0,0.0,floor,available,,,true,recall_accuracy,0.0,Recall accuracy,fraction,higher
delayed_cue,sorn_direct_v1__cue_pilot,153,1,144,48,true,mean,1.0,200,167,33,12701,24,16,1,17824530767343367405,6570080827471551350,"{""cue"":2,""delay"":32}",recall_accuracy,1.0,1.0,ceiling,available,,,true,recall_accuracy,1.0,Recall accuracy,fraction,higher
delayed_cue,sorn_direct_v1__cue_pilot,154,1,144,48,true,mean,1.0,200,167,33,12684,24,16,1,12676636747593285714,4076074729616338008,"{""cue"":2,""delay"":32}",recall_accuracy,0.0,0.0,floor,available,,,true,recall_accuracy,0.0,Recall accuracy,fraction,higher
delayed_cue,sorn_direct_v1__cue_pilot,155,1,144,48,true,mean,1.0,200,167,33,12718,24,16,1,12730694958974064791,11338208799891236864,"{""cue"":1,""delay"":32}",recall_accuracy,1.0,1.0,ceiling,available,,,true,recall_accuracy,1.0,Recall accuracy,fraction,higher
delayed_cue,sorn_direct_v1__cue_pilot,156,1,144,48,true,mean,1.0,200,167,33,12697,24,16,1,1246072708709053358,17833917274306072431,"{""cue"":1,""delay"":32}",recall_accuracy,0.0,0.0,floor,available,,,true,recall_accuracy,0.0,Recall accuracy,fraction,higher
delayed_cue,sorn_direct_v1__cue_pilot,157,1,144,48,true,mean,1.0,200,167,33,12735,24,16,1,5289346053689201283,17208719416590546699,"{""cue"":1,""delay"":32}",recall_accuracy,1.0,1.0,ceiling,available,,,true,recall_accuracy,1.0,Recall accuracy,fraction,higher
delayed_cue,sorn_direct_v1__cue_pilot,158,1,144,48,true,mean,1.0,200,167,33,12705,24,16,1,13874694149391075829,16943096790826100885,"{""cue"":1,""delay"":32}",recall_accuracy,1.0,1.0,ceiling,available,,,true,recall_accuracy,1.0,Recall accuracy,fraction,higher
delayed_cue,sorn_direct_v1__cue_pilot,159,1,144,48,true,mean,1.0,200,167,33,12700,24,16,1,4867790541484965574,493020899745221195,"{""cue"":2,""delay"":32}",recall_accuracy,1.0,1.0,ceiling,available,,,true,recall_accuracy,1.0,Recall accuracy,fraction,higher
delayed_cue,sorn_direct_v1__cue_pilot,160,1,144,144,true,mean,1.0,200,167,33,12670,24,16,1,11504346846894741662,1515217767670017378,"{""cue"":2,""delay"":128}",recall_accuracy,0.0,0.0,floor,available,,,true,recall_accuracy,0.0,Recall accuracy,fraction,higher
delayed_cue,sorn_direct_v1__cue_pilot,161,1,144,24,true,mean,1.0,200,167,33,12735,24,16,1,17894912240104492346,6892066540567632674,"{""cue"":2,""delay"":8}",recall_accuracy,0.0,0.0,floor,available,,,true,recall_accuracy,0.0,Recall accuracy,fraction,higher
delayed_cue,sorn_direct_v1__cue_pilot,162,1,144,144,true,mean,1.0,200,167,33,12717,24,16,1,1848986071609318864,11889157076916648274,"{""cue"":2,""delay"":128}",recall_accuracy,0.0,0.0,floor,available,,,true,recall_accuracy,0.0,Recall accuracy,fraction,higher
delayed_cue,sorn_direct_v1__cue_pilot,163,1,144,48,true,mean,1.0,200,167,33,12647,24,16,1,7221904211822699793,13402266974618027257,"{""cue"":2,""delay"":32}",recall_accuracy,1.0,1.0,ceiling,available,,,true,recall_accuracy,1.0,Recall accuracy,fraction,higher
delayed_cue,sorn_direct_v1__cue_pilot,164,1,144,48,true,mean,1.0,200,167,33,12697,24,16,1,9244640590648665203,3365211190649986701,"{""cue"":1,""delay"":32}",recall_accuracy,0.0,0.0,floor,available,,,true,recall_accuracy,0.0,Recall accuracy,fraction,higher
delayed_cue,sorn_direct_v1__cue_pilot,165,1,144,48,true,mean,1.0,200,167,33,12643,24,16,1,15752581966701653566,16972876375158707975,"{""cue"":1,""delay"":32}",recall_accuracy,0.0,0.0,floor,available,,,true,recall_accuracy,0.0,Recall accuracy,fraction,higher
delayed_cue,sorn_direct_v1__cue_pilot,166,1,144,144,true,mean,1.0,200,167,33,12676,24,16,1,429914250578079830,12871494702471916957,"{""cue"":2,""delay"":128}",recall_accuracy,1.0,1.0,ceiling,available,,,true,recall_accuracy,1.0,Recall accuracy,fraction,higher
delayed_cue,sorn_direct_v1__cue_pilot,167,1,144,48,true,mean,1.0,200,167,33,12745,24,16,1,3910096128660636403,8687081434037938058,"{""cue"":1,""delay"":32}",recall_accuracy,0.0,0.0,floor,available,,,true,recall_accuracy,0.0,Recall accuracy,fraction,higher
delayed_cue,sorn_direct_v1__cue_pilot,168,1,144,24,true,mean,1.0,200,167,33,12676,24,16,1,16179518057883384110,7779476435804191987,"{""cue"":2,""delay"":8}",recall_accuracy,0.0,0.0,floor,available,,,true,recall_accuracy,0.0,Recall accuracy,fraction,higher
delayed_cue,sorn_direct_v1__cue_pilot,169,1,144,144,true,mean,1.0,200,167,33,12660,24,16,1,10224108589044872022,4252783597704572928,"{""cue"":2,""delay"":128}",recall_accuracy,1.0,1.0,ceiling,available,,,true,recall_accuracy,1.0,Recall accuracy,fraction,higher
delayed_cue,sorn_direct_v1__cue_pilot,170,1,144,144,true,mean,1.0,200,167,33,12735,24,16,1,13742275032443521748,6423065584848873147,"{""cue"":2,""delay"":128}",recall_accuracy,0.0,0.0,floor,available,,,true,recall_accuracy,0.0,Recall accuracy,fraction,higher
delayed_cue,sorn_direct_v1__cue_pilot,171,1,144,144,true,mean,1.0,200,167,33,12630,24,16,1,8795429286733182440,7671484910797265356,"{""cue"":1,""delay"":128}",recall_accuracy,1.0,1.0,ceiling,available,,,true,recall_accuracy,1.0,Recall accuracy,fraction,higher
delayed_cue,sorn_direct_v1__cue_pilot,172,1,144,24,true,mean,1.0,200,167,33,12760,24,16,1,6253066925477666941,858752400989765380,"{""cue"":1,""delay"":8}",recall_accuracy,0.0,0.0,floor,available,,,true,recall_accuracy,0.0,Recall accuracy,fraction,higher
delayed_cue,sorn_direct_v1__cue_pilot,173,1,144,144,true,mean,1.0,200,167,33,12714,24,16,1,2441564119804740798,6436614605582610566,"{""cue"":2,""delay"":128}",recall_accuracy,1.0,1.0,ceiling,available,,,true,recall_accuracy,1.0,Recall accuracy,fraction,higher
delayed_cue,sorn_direct_v1__cue_pilot,174,1,144,24,true,mean,1.0,200,167,33,12798,24,16,1,15759928667123143623,8746854052283183133,"{""cue"":2,""delay"":8}",recall_accuracy,0.0,0.0,floor,available,,,true,recall_accuracy,0.0,Recall accuracy,fraction,higher
delayed_cue,sorn_direct_v1__cue_pilot,175,1,144,24,true,mean,1.0,200,167,33,12692,24,16,1,4563618752666014015,17796582114766405439,"{""cue"":1,""delay"":8}",recall_accuracy,0.0,0.0,floor,available,,,true,recall_accuracy,0.0,Recall accuracy,fraction,higher
delayed_cue,sorn_direct_v1__cue_pilot,176,1,144,144,true,mean,1.0,200,167,33,12698,24,16,1,4587355857084448851,2206470872100760671,"{""cue"":2,""delay"":128}",recall_accuracy,1.0,1.0,ceiling,available,,,true,recall_accuracy,1.0,Recall accuracy,fraction,higher
delayed_cue,sorn_direct_v1__cue_pilot,177,1,144,24,true,mean,1.0,200,167,33,12686,24,16,1,10844608915055751620,1428859487339008292,"{""cue"":2,""delay"":8}",recall_accuracy,1.0,1.0,ceiling,available,,,true,recall_accuracy,1.0,Recall accuracy,fraction,higher
delayed_cue,sorn_direct_v1__cue_pilot,178,1,144,144,true,mean,1.0,200,167,33,12699,24,16,1,16337875965875994627,14172624811543771173,"{""cue"":2,""delay"":128}",recall_accuracy,0.0,0.0,floor,available,,,true,recall_accuracy,0.0,Recall accuracy,fraction,higher
delayed_cue,sorn_direct_v1__cue_pilot,179,1,144,48,true,mean,1.0,200,167,33,12686,24,16,1,10555139569185813691,3736882401947635931,"{""cue"":2,""delay"":32}",recall_accuracy,0.0,0.0,floor,available,,,true,recall_accuracy,0.0,Recall accuracy,fraction,higher
delayed_cue,sorn_direct_v1__cue_pilot,180,1,144,144,true,mean,1.0,200,167,33,12673,24,16,1,8261351704147931317,4477346614923699163,"{""cue"":2,""delay"":128}",recall_accuracy,0.0,0.0,floor,available,,,true,recall_accuracy,0.0,Recall accuracy,fraction,higher
delayed_cue,sorn_direct_v1__cue_pilot,181,1,144,48,true,mean,1.0,200,167,33,12794,24,16,1,3133856046496892805,17915817930000217849,"{""cue"":2,""delay"":32}",recall_accuracy,0.0,0.0,floor,available,,,true,recall_accuracy,0.0,Recall accuracy,fraction,higher
delayed_cue,sorn_direct_v1__cue_pilot,182,1,144,48,true,mean,1.0,200,167,33,12728,24,16,1,46939265452276386,10814539378129401331,"{""cue"":1,""delay"":32}",recall_accuracy,0.0,0.0,floor,available,,,true,recall_accuracy,0.0,Recall accuracy,fraction,higher
delayed_cue,sorn_direct_v1__cue_pilot,183,1,144,24,true,mean,1.0,200,167,33,12634,24,16,1,11743156622850097201,5780133366741125762,"{""cue"":2,""delay"":8}",recall_accuracy,1.0,1.0,ceiling,available,,,true,recall_accuracy,1.0,Recall accuracy,fraction,higher
delayed_cue,sorn_direct_v1__cue_pilot,184,1,144,48,true,mean,1.0,200,167,33,12687,24,16,1,8980265815691715505,4343880005713146476,"{""cue"":1,""delay"":32}",recall_accuracy,0.0,0.0,floor,available,,,true,recall_accuracy,0.0,Recall accuracy,fraction,higher
delayed_cue,sorn_direct_v1__cue_pilot,185,1,144,144,true,mean,1.0,200,167,33,12663,24,16,1,1310156525130507842,15666362206881912655,"{""cue"":1,""delay"":128}",recall_accuracy,1.0,1.0,ceiling,available,,,true,recall_accuracy,1.0,Recall accuracy,fraction,higher
delayed_cue,sorn_direct_v1__cue_pilot,186,1,144,48,true,mean,1.0,200,167,33,12628,24,16,1,9759235018219578519,9149011272505872793,"{""cue"":1,""delay"":32}",recall_accuracy,1.0,1.0,ceiling,available,,,true,recall_accuracy,1.0,Recall accuracy,fraction,higher
delayed_cue,sorn_direct_v1__cue_pilot,187,1,144,144,true,mean,1.0,200,167,33,12704,24,16,1,13467970264677125308,11079895000640952734,"{""cue"":1,""delay"":128}",recall_accuracy,1.0,1.0,ceiling,available,,,true,recall_accuracy,1.0,Recall accuracy,fraction,higher
delayed_cue,sorn_direct_v1__cue_pilot,188,1,144,48,true,mean,1.0,200,167,33,12687,24,16,1,1424927367740186139,3545076352614991952,"{""cue"":2,""delay"":32}",recall_accuracy,1.0,1.0,ceiling,available,,,true,recall_accuracy,1.0,Recall accuracy,fraction,higher
delayed_cue,sorn_direct_v1__cue_pilot,189,1,144,24,true,mean,1.0,200,167,33,12713,24,16,1,10649585797269315945,1106359098378617834,"{""cue"":2,""delay"":8}",recall_accuracy,1.0,1.0,ceiling,available,,,true,recall_accuracy,1.0,Recall accuracy,fraction,higher
delayed_cue,sorn_direct_v1__cue_pilot,190,1,144,144,true,mean,1.0,200,167,33,12656,24,16,1,5648739019895556598,13521596491053002822,"{""cue"":2,""delay"":128}",recall_accuracy,0.0,0.0,floor,available,,,true,recall_accuracy,0.0,Recall accuracy,fraction,higher
delayed_cue,sorn_direct_v1__cue_pilot,191,1,144,144,true,mean,1.0,200,167,33,12725,24,16,1,6981123951065772873,775380788428219255,"{""cue"":2,""delay"":128}",recall_accuracy,0.0,0.0,floor,available,,,true,recall_accuracy,0.0,Recall accuracy,fraction,higher
delayed_cue,sorn_direct_v1__cue_pilot,192,1,144,48,true,mean,1.0,200,167,33,12744,24,16,1,7331540445015994841,11926888030057096204,"{""cue"":1,""delay"":32}",recall_accuracy,0.0,0.0,floor,available,,,true,recall_accuracy,0.0,Recall accuracy,fraction,higher
delayed_cue,sorn_direct_v1__cue_pilot,193,1,144,48,true,mean,1.0,200,167,33,12641,24,16,1,14400546310601117516,14990982616662587857,"{""cue"":2,""delay"":32}",recall_accuracy,1.0,1.0,ceiling,available,,,true,recall_accuracy,1.0,Recall accuracy,fraction,higher
delayed_cue,sorn_direct_v1__cue_pilot,194,1,144,144,true,mean,1.0,200,167,33,12732,24,16,1,13797002871033569151,8932977564514414584,"{""cue"":2,""delay"":128}",recall_accuracy,0.0,0.0,floor,available,,,true,recall_accuracy,0.0,Recall accuracy,fraction,higher
delayed_cue,sorn_direct_v1__cue_pilot,195,1,144,144,true,mean,1.0,200,167,33,12681,24,16,1,13088387030499060763,15231090441851837056,"{""cue"":2,""delay"":128}",recall_accuracy,0.0,0.0,floor,available,,,true,recall_accuracy,0.0,Recall accuracy,fraction,higher
delayed_cue,sorn_direct_v1__cue_pilot,196,1,144,144,true,mean,1.0,200,167,33,12728,24,16,1,8695162751953119183,14271732583816778494,"{""cue"":2,""delay"":128}",recall_accuracy,0.0,0.0,floor,available,,,true,recall_accuracy,0.0,Recall accuracy,fraction,higher
delayed_cue,sorn_direct_v1__cue_pilot,197,1,144,24,true,mean,1.0,200,167,33,12668,24,16,1,17453983606759429152,13654949357464910802,"{""cue"":2,""delay"":8}",recall_accuracy,1.0,1.0,ceiling,available,,,true,recall_accuracy,1.0,Recall accuracy,fraction,higher
delayed_cue,sorn_direct_v1__cue_pilot,198,1,144,48,true,mean,1.0,200,167,33,12740,24,16,1,18187928069140805562,615724730133445822,"{""cue"":2,""delay"":32}",recall_accuracy,0.0,0.0,floor,available,,,true,recall_accuracy,0.0,Recall accuracy,fraction,higher
delayed_cue,sorn_direct_v1__cue_pilot,199,1,144,24,true,mean,1.0,200,167,33,12727,24,16,1,2012786348711373413,12285162883577202113,"{""cue"":1,""delay"":8}",recall_accuracy,0.0,0.0,floor,available,,,true,recall_accuracy,0.0,Recall accuracy,fraction,higher
delayed_cue,sorn_direct_v1__cue_pilot,200,1,144,24,true,mean,1.0,200,167,33,12665,24,16,1,11112213109699772841,10208467694667496122,"{""cue"":2,""delay"":8}",recall_accuracy,0.0,0.0,floor,available,,,true,recall_accuracy,0.0,Recall accuracy,fraction,higher
delayed_cue,sorn_direct_v1__cue_pilot,201,1,144,24,true,mean,1.0,200,167,33,12672,24,16,1,11799958253515433952,5942333435070564825,"{""cue"":2,""delay"":8}",recall_accuracy,0.0,0.0,floor,available,,,true,recall_accuracy,0.0,Recall accuracy,fraction,higher
delayed_cue,sorn_direct_v1__cue_pilot,202,1,144,24,true,mean,1.0,200,167,33,12626,24,16,1,15638778166629848481,9089056073210984431,"{""cue"":1,""delay"":8}",recall_accuracy,0.0,0.0,floor,available,,,true,recall_accuracy,0.0,Recall accuracy,fraction,higher
delayed_cue,sorn_direct_v1__cue_pilot,203,1,144,48,true,mean,1.0,200,167,33,12649,24,16,1,479858376174531158,16184359042162140144,"{""cue"":2,""delay"":32}",recall_accuracy,0.0,0.0,floor,available,,,true,recall_accuracy,0.0,Recall accuracy,fraction,higher
delayed_cue,sorn_direct_v1__cue_pilot,204,1,144,48,true,mean,1.0,200,167,33,12730,24,16,1,17049405249571554130,3074681348973373284,"{""cue"":1,""delay"":32}",recall_accuracy,1.0,1.0,ceiling,available,,,true,recall_accuracy,1.0,Recall accuracy,fraction,higher
delayed_cue,sorn_direct_v1__cue_pilot,205,1,144,144,true,mean,1.0,200,167,33,12676,24,16,1,12970105243721064233,9734290797639599264,"{""cue"":1,""delay"":128}",recall_accuracy,1.0,1.0,ceiling,available,,,true,recall_accuracy,1.0,Recall accuracy,fraction,higher
delayed_cue,sorn_direct_v1__cue_pilot,206,1,144,48,true,mean,1.0,200,167,33,12711,24,16,1,9598894009937572559,9121803269072012008,"{""cue"":1,""delay"":32}",recall_accuracy,0.0,0.0,floor,available,,,true,recall_accuracy,0.0,Recall accuracy,fraction,higher
delayed_cue,sorn_direct_v1__cue_pilot,207,1,144,24,true,mean,1.0,200,167,33,12713,24,16,1,8825844664658989779,129961838838434590,"{""cue"":1,""delay"":8}",recall_accuracy,1.0,1.0,ceiling,available,,,true,recall_accuracy,1.0,Recall accuracy,fraction,higher
delayed_cue,sorn_direct_v1__cue_pilot,208,1,144,24,true,mean,1.0,200,167,33,12777,24,16,1,12803745988524626084,11978291644520865797,"{""cue"":1,""delay"":8}",recall_accuracy,0.0,0.0,floor,available,,,true,recall_accuracy,0.0,Recall accuracy,fraction,higher
delayed_cue,sorn_direct_v1__cue_pilot,209,1,144,48,true,mean,1.0,200,167,33,12627,24,16,1,13029435312562939622,9347754187938784972,"{""cue"":2,""delay"":32}",recall_accuracy,0.0,0.0,floor,available,,,true,recall_accuracy,0.0,Recall accuracy,fraction,higher
delayed_cue,sorn_direct_v1__cue_pilot,210,1,144,24,true,mean,1.0,200,167,33,12656,24,16,1,1871333712440862193,5188414173134318945,"{""cue"":1,""delay"":8}",recall_accuracy,1.0,1.0,ceiling,available,,,true,recall_accuracy,1.0,Recall accuracy,fraction,higher
delayed_cue,sorn_direct_v1__cue_pilot,211,1,144,24,true,mean,1.0,200,167,33,12669,24,16,1,9863780404782971660,15455710195605558798,"{""cue"":2,""delay"":8}",recall_accuracy,1.0,1.0,ceiling,available,,,true,recall_accuracy,1.0,Recall accuracy,fraction,higher
delayed_cue,sorn_direct_v1__cue_pilot,212,1,144,144,true,mean,1.0,200,167,33,12671,24,16,1,10111911509032545697,3901460962332983462,"{""cue"":2,""delay"":128}",recall_accuracy,0.0,0.0,floor,available,,,true,recall_accuracy,0.0,Recall accuracy,fraction,higher
delayed_cue,sorn_direct_v1__cue_pilot,213,1,144,144,true,mean,1.0,200,167,33,12712,24,16,1,11617145777850162906,16466571665948339592,"{""cue"":2,""delay"":128}",recall_accuracy,0.0,0.0,floor,available,,,true,recall_accuracy,0.0,Recall accuracy,fraction,higher
delayed_cue,sorn_direct_v1__cue_pilot,214,1,144,144,true,mean,1.0,200,167,33,12693,24,16,1,3107636426695004135,4530258041166842317,"{""cue"":2,""delay"":128}",recall_accuracy,1.0,1.0,ceiling,available,,,true,recall_accuracy,1.0,Recall accuracy,fraction,higher
delayed_cue,sorn_direct_v1__cue_pilot,215,1,144,144,true,mean,1.0,200,167,33,12661,24,16,1,8789004852358335642,8380398018839028718,"{""cue"":2,""delay"":128}",recall_accuracy,0.0,0.0,floor,available,,,true,recall_accuracy,0.0,Recall accuracy,fraction,higher
delayed_cue,sorn_direct_v1__cue_pilot,216,1,144,144,true,mean,1.0,200,167,33,12662,24,16,1,1646478931593135095,12205826262773104093,"{""cue"":2,""delay"":128}",recall_accuracy,0.0,0.0,floor,available,,,true,recall_accuracy,0.0,Recall accuracy,fraction,higher
delayed_cue,sorn_direct_v1__cue_pilot,217,1,144,24,true,mean,1.0,200,167,33,12707,24,16,1,10801662561184018937,9684470914855354543,"{""cue"":1,""delay"":8}",recall_accuracy,0.0,0.0,floor,available,,,true,recall_accuracy,0.0,Recall accuracy,fraction,higher
delayed_cue,sorn_direct_v1__cue_pilot,218,1,144,24,true,mean,1.0,200,167,33,12668,24,16,1,17493285426363186774,9276135113879476958,"{""cue"":1,""delay"":8}",recall_accuracy,0.0,0.0,floor,available,,,true,recall_accuracy,0.0,Recall accuracy,fraction,higher
delayed_cue,sorn_direct_v1__cue_pilot,219,1,144,24,true,mean,1.0,200,167,33,12726,24,16,1,13244336823908504495,3959063235408745135,"{""cue"":2,""delay"":8}",recall_accuracy,0.0,0.0,floor,available,,,true,recall_accuracy,0.0,Recall accuracy,fraction,higher
delayed_cue,sorn_direct_v1__cue_pilot,220,1,144,24,true,mean,1.0,200,167,33,12680,24,16,1,13011428675435864707,3525044811483813119,"{""cue"":1,""delay"":8}",recall_accuracy,0.0,0.0,floor,available,,,true,recall_accuracy,0.0,Recall accuracy,fraction,higher
delayed_cue,sorn_direct_v1__cue_pilot,221,1,144,24,true,mean,1.0,200,167,33,12608,24,16,1,9559390526184537877,8071012903690580690,"{""cue"":1,""delay"":8}",recall_accuracy,1.0,1.0,ceiling,available,,,true,recall_accuracy,1.0,Recall accuracy,fraction,higher
delayed_cue,sorn_direct_v1__cue_pilot,222,1,144,144,true,mean,1.0,200,167,33,12689,24,16,1,7517165560530689059,16171936890637857836,"{""cue"":1,""delay"":128}",recall_accuracy,0.0,0.0,floor,available,,,true,recall_accuracy,0.0,Recall accuracy,fraction,higher
delayed_cue,sorn_direct_v1__cue_pilot,223,1,144,48,true,mean,1.0,200,167,33,12642,24,16,1,2235087673764210668,11620287815547586708,"{""cue"":1,""delay"":32}",recall_accuracy,0.0,0.0,floor,available,,,true,recall_accuracy,0.0,Recall accuracy,fraction,higher
delayed_cue,sorn_direct_v1__cue_pilot,224,1,144,48,true,mean,1.0,200,167,33,12716,24,16,1,13495519401120600654,11518238773883529587,"{""cue"":2,""delay"":32}",recall_accuracy,1.0,1.0,ceiling,available,,,true,recall_accuracy,1.0,Recall accuracy,fraction,higher
delayed_cue,sorn_direct_v1__cue_pilot,225,1,144,144,true,mean,1.0,200,167,33,12669,24,16,1,12796474512089732377,12274884136167004816,"{""cue"":1,""delay"":128}",recall_accuracy,1.0,1.0,ceiling,available,,,true,recall_accuracy,1.0,Recall accuracy,fraction,higher
delayed_cue,sorn_direct_v1__cue_pilot,226,1,144,24,true,mean,1.0,200,167,33,12615,24,16,1,18159723383111952576,16104927987117612927,"{""cue"":2,""delay"":8}",recall_accuracy,0.0,0.0,floor,available,,,true,recall_accuracy,0.0,Recall accuracy,fraction,higher
delayed_cue,sorn_direct_v1__cue_pilot,227,1,144,144,true,mean,1.0,200,167,33,12691,24,16,1,12775541220248175715,2074205913154611204,"{""cue"":2,""delay"":128}",recall_accuracy,1.0,1.0,ceiling,available,,,true,recall_accuracy,1.0,Recall accuracy,fraction,higher
delayed_cue,sorn_direct_v1__cue_pilot,228,1,144,48,true,mean,1.0,200,167,33,12645,24,16,1,12722855147551271519,2576091720958628513,"{""cue"":1,""delay"":32}",recall_accuracy,0.0,0.0,floor,available,,,true,recall_accuracy,0.0,Recall accuracy,fraction,higher
delayed_cue,sorn_direct_v1__cue_pilot,229,1,144,144,true,mean,1.0,200,167,33,12664,24,16,1,3107544766912864466,7501766061190424295,"{""cue"":1,""delay"":128}",recall_accuracy,0.0,0.0,floor,available,,,true,recall_accuracy,0.0,Recall accuracy,fraction,higher
delayed_cue,sorn_direct_v1__cue_pilot,230,1,144,144,true,mean,1.0,200,167,33,12731,24,16,1,1901126585930329616,1603173630011503328,"{""cue"":1,""delay"":128}",recall_accuracy,1.0,1.0,ceiling,available,,,true,recall_accuracy,1.0,Recall accuracy,fraction,higher
delayed_cue,sorn_direct_v1__cue_pilot,231,1,144,48,true,mean,1.0,200,167,33,12694,24,16,1,9776147793927904659,824219729765370966,"{""cue"":2,""delay"":32}",recall_accuracy,0.0,0.0,floor,available,,,true,recall_accuracy,0.0,Recall accuracy,fraction,higher
delayed_cue,sorn_direct_v1__cue_pilot,232,1,144,48,true,mean,1.0,200,167,33,12703,24,16,1,10637312472853669640,16575990997849689518,"{""cue"":2,""delay"":32}",recall_accuracy,1.0,1.0,ceiling,available,,,true,recall_accuracy,1.0,Recall accuracy,fraction,higher
delayed_cue,sorn_direct_v1__cue_pilot,233,1,144,144,true,mean,1.0,200,167,33,12716,24,16,1,8188025655455104303,6113921140414068794,"{""cue"":1,""delay"":128}",recall_accuracy,1.0,1.0,ceiling,available,,,true,recall_accuracy,1.0,Recall accuracy,fraction,higher
delayed_cue,sorn_direct_v1__cue_pilot,234,1,144,48,true,mean,1.0,200,167,33,12689,24,16,1,7940730844996063840,13057838695992331790,"{""cue"":2,""delay"":32}",recall_accuracy,0.0,0.0,floor,available,,,true,recall_accuracy,0.0,Recall accuracy,fraction,higher
delayed_cue,sorn_direct_v1__cue_pilot,235,1,144,144,true,mean,1.0,200,167,33,12714,24,16,1,10683824810984712099,14367925206427371186,"{""cue"":1,""delay"":128}",recall_accuracy,0.0,0.0,floor,available,,,true,recall_accuracy,0.0,Recall accuracy,fraction,higher
delayed_cue,sorn_direct_v1__cue_pilot,236,1,144,144,true,mean,1.0,200,167,33,12740,24,16,1,14528747822404134796,11914993599305485813,"{""cue"":2,""delay"":128}",recall_accuracy,0.0,0.0,floor,available,,,true,recall_accuracy,0.0,Recall accuracy,fraction,higher
delayed_cue,sorn_direct_v1__cue_pilot,237,1,144,144,true,mean,1.0,200,167,33,12747,24,16,1,11814948105996639081,9902218169688684766,"{""cue"":1,""delay"":128}",recall_accuracy,1.0,1.0,ceiling,available,,,true,recall_accuracy,1.0,Recall accuracy,fraction,higher
delayed_cue,sorn_direct_v1__cue_pilot,238,1,144,48,true,mean,1.0,200,167,33,12630,24,16,1,6603682201979041139,6730073179345838335,"{""cue"":1,""delay"":32}",recall_accuracy,0.0,0.0,floor,available,,,true,recall_accuracy,0.0,Recall accuracy,fraction,higher
delayed_cue,sorn_direct_v1__cue_pilot,239,1,144,48,true,mean,1.0,200,167,33,12743,24,16,1,15946008653647896223,9659750125777677164,"{""cue"":2,""delay"":32}",recall_accuracy,0.0,0.0,floor,available,,,true,recall_accuracy,0.0,Recall accuracy,fraction,higher
delayed_cue,sorn_direct_v1__cue_pilot,240,1,144,48,true,mean,1.0,200,167,33,12663,24,16,1,797982717411235763,7020210565206472358,"{""cue"":2,""delay"":32}",recall_accuracy,0.0,0.0,floor,available,,,true,recall_accuracy,0.0,Recall accuracy,fraction,higher
delayed_cue,sorn_direct_v1__cue_pilot,241,1,144,144,true,mean,1.0,200,167,33,12674,24,16,1,8337014126052165629,11393048182623272301,"{""cue"":2,""delay"":128}",recall_accuracy,0.0,0.0,floor,available,,,true,recall_accuracy,0.0,Recall accuracy,fraction,higher
delayed_cue,sorn_direct_v1__cue_pilot,242,1,144,24,true,mean,1.0,200,167,33,12684,24,16,1,11543922535299856359,13306953503475009981,"{""cue"":1,""delay"":8}",recall_accuracy,0.0,0.0,floor,available,,,true,recall_accuracy,0.0,Recall accuracy,fraction,higher
delayed_cue,sorn_direct_v1__cue_pilot,243,1,144,48,true,mean,1.0,200,167,33,12644,24,16,1,15790269816739736559,18013506076945329520,"{""cue"":1,""delay"":32}",recall_accuracy,0.0,0.0,floor,available,,,true,recall_accuracy,0.0,Recall accuracy,fraction,higher
delayed_cue,sorn_direct_v1__cue_pilot,244,1,144,48,true,mean,1.0,200,167,33,12681,24,16,1,12611194740353150498,6869609116195150357,"{""cue"":2,""delay"":32}",recall_accuracy,0.0,0.0,floor,available,,,true,recall_accuracy,0.0,Recall accuracy,fraction,higher
delayed_cue,sorn_direct_v1__cue_pilot,245,1,144,24,true,mean,1.0,200,167,33,12674,24,16,1,2488547120743108346,7262952505465664545,"{""cue"":1,""delay"":8}",recall_accuracy,1.0,1.0,ceiling,available,,,true,recall_accuracy,1.0,Recall accuracy,fraction,higher
delayed_cue,sorn_direct_v1__cue_pilot,246,1,144,24,true,mean,1.0,200,167,33,12598,24,16,1,13721452163581188779,3647328180389671623,"{""cue"":1,""delay"":8}",recall_accuracy,0.0,0.0,floor,available,,,true,recall_accuracy,0.0,Recall accuracy,fraction,higher
delayed_cue,sorn_direct_v1__cue_pilot,247,1,144,48,true,mean,1.0,200,167,33,12703,24,16,1,8918286185158199118,7338411937916477295,"{""cue"":2,""delay"":32}",recall_accuracy,0.0,0.0,floor,available,,,true,recall_accuracy,0.0,Recall accuracy,fraction,higher
delayed_cue,sorn_direct_v1__cue_pilot,248,1,144,144,true,mean,1.0,200,167,33,12758,24,16,1,13221951533989432526,2009122952746013981,"{""cue"":1,""delay"":128}",recall_accuracy,1.0,1.0,ceiling,available,,,true,recall_accuracy,1.0,Recall accuracy,fraction,higher
delayed_cue,sorn_direct_v1__cue_pilot,249,1,144,24,true,mean,1.0,200,167,33,12701,24,16,1,6019213188210782487,16090506357791005316,"{""cue"":1,""delay"":8}",recall_accuracy,0.0,0.0,floor,available,,,true,recall_accuracy,0.0,Recall accuracy,fraction,higher
delayed_cue,sorn_direct_v1__cue_pilot,250,1,144,48,true,mean,1.0,200,167,33,12705,24,16,1,15944994991761805922,17690624953869644305,"{""cue"":2,""delay"":32}",recall_accuracy,1.0,1.0,ceiling,available,,,true,recall_accuracy,1.0,Recall accuracy,fraction,higher
delayed_cue,sorn_direct_v1__cue_pilot,251,1,144,144,true,mean,1.0,200,167,33,12753,24,16,1,7057645623093073053,3346681399159428092,"{""cue"":1,""delay"":128}",recall_accuracy,1.0,1.0,ceiling,available,,,true,recall_accuracy,1.0,Recall accuracy,fraction,higher
delayed_cue,sorn_direct_v1__cue_pilot,252,1,144,24,true,mean,1.0,200,167,33,12699,24,16,1,15650601110813774142,3939156606267446207,"{""cue"":2,""delay"":8}",recall_accuracy,1.0,1.0,ceiling,available,,,true,recall_accuracy,1.0,Recall accuracy,fraction,higher
delayed_cue,sorn_direct_v1__cue_pilot,253,1,144,24,true,mean,1.0,200,167,33,12741,24,16,1,2599140280635644788,8031703656541546055,"{""cue"":2,""delay"":8}",recall_accuracy,1.0,1.0,ceiling,available,,,true,recall_accuracy,1.0,Recall accuracy,fraction,higher
delayed_cue,sorn_direct_v1__cue_pilot,254,1,144,24,true,mean,1.0,200,167,33,12719,24,16,1,11199499066700494615,10956127958240905077,"{""cue"":1,""delay"":8}",recall_accuracy,1.0,1.0,ceiling,available,,,true,recall_accuracy,1.0,Recall accuracy,fraction,higher
delayed_cue,sorn_direct_v1__cue_pilot,255,1,144,144,true,mean,1.0,200,167,33,12682,24,16,1,14098694087845783241,148905496601233652,"{""cue"":2,""delay"":128}",recall_accuracy,1.0,1.0,ceiling,available,,,true,recall_accuracy,1.0,Recall accuracy,fraction,higher
delayed_cue,sorn_direct_v1__cue_pilot,256,1,144,24,true,mean,1.0,200,167,33,12748,24,16,1,12596436756803255464,3916097716353879920,"{""cue"":1,""delay"":8}",recall_accuracy,1.0,1.0,ceiling,available,,,true,recall_accuracy,1.0,Recall accuracy,fraction,higher
