node,search_seed,record,phase,case,cell,ablation,heldout_target,generation,individual,condition,block,trial,agent,stream,seed
compartmental_structured,971001,compartmental_structured__971001-20260905T091041-1d9d1f1a,development,,,,,1,1,tracking__shared_design,1,1,1,topology,2647253797719115166
compartmental_structured,971001,compartmental_structured__971001-20260905T091041-1d9d1f1a,development,,,,,1,1,tracking__shared_design,1,1,1,world,7834021532100950476
compartmental_structured,971001,compartmental_structured__971001-20260905T091041-1d9d1f1a,development,,,,,1,1,tracking__shared_design,2,1,1,topology,8551351425360670924
compartmental_structured,971001,compartmental_structured__971001-20260905T091041-1d9d1f1a,development,,,,,1,1,tracking__shared_design,2,1,1,world,11005834865184983681
compartmental_structured,971001,compartmental_structured__971001-20260905T091041-1d9d1f1a,development,,,,,1,1,pong__shared_design,1,1,1,topology,2721486533131345087
compartmental_structured,971001,compartmental_structured__971001-20260905T091041-1d9d1f1a,development,,,,,1,1,pong__shared_design,1,1,1,world,3361002300127620880
compartmental_structured,971001,compartmental_structured__971001-20260905T091041-1d9d1f1a,development,,,,,1,1,pong__shared_design,2,1,1,topology,8762234213103288778
compartmental_structured,971001,compartmental_structured__971001-20260905T091041-1d9d1f1a,development,,,,,1,1,pong__shared_design,2,1,1,world,8267688788350042541
compartmental_structured,971001,compartmental_structured__971001-20260905T091041-1d9d1f1a,development,,,,,1,1,cartpole_plank_easy__shared_design,1,1,1,topology,11604777193711811528
compartmental_structured,971001,compartmental_structured__971001-20260905T091041-1d9d1f1a,development,,,,,1,1,cartpole_plank_easy__shared_design,1,1,1,world,8293367787490496071
compartmental_structured,971001,compartmental_structured__971001-20260905T091041-1d9d1f1a,development,,,,,1,1,cartpole_plank_easy__shared_design,2,1,1,topology,6429930046829913591
compartmental_structured,971001,compartmental_structured__971001-20260905T091041-1d9d1f1a,development,,,,,1,1,cartpole_plank_easy__shared_design,2,1,1,world,7920892760841653054
compartmental_structured,971001,compartmental_structured__971001-20260905T091041-1d9d1f1a,development,,,,,1,1,delayed_cue__shared_design,1,1,1,topology,18286185451642315035
compartmental_structured,971001,compartmental_structured__971001-20260905T091041-1d9d1f1a,development,,,,,1,1,delayed_cue__shared_design,1,1,1,world,1621548473777926336
compartmental_structured,971001,compartmental_structured__971001-20260905T091041-1d9d1f1a,development,,,,,1,1,delayed_cue__shared_design,2,1,1,topology,197557007002954786
compartmental_structured,971001,compartmental_structured__971001-20260905T091041-1d9d1f1a,development,,,,,1,1,delayed_cue__shared_design,2,1,1,world,3672371984149684912
compartmental_structured,971001,compartmental_structured__971001-20260905T091041-1d9d1f1a,development,,,,,1,2,tracking__shared_design,1,1,1,topology,2647253797719115166
compartmental_structured,971001,compartmental_structured__971001-20260905T091041-1d9d1f1a,development,,,,,1,2,tracking__shared_design,1,1,1,world,7834021532100950476
compartmental_structured,971001,compartmental_structured__971001-20260905T091041-1d9d1f1a,development,,,,,1,2,tracking__shared_design,2,1,1,topology,8551351425360670924
compartmental_structured,971001,compartmental_structured__971001-20260905T091041-1d9d1f1a,development,,,,,1,2,tracking__shared_design,2,1,1,world,11005834865184983681
compartmental_structured,971001,compartmental_structured__971001-20260905T091041-1d9d1f1a,development,,,,,1,2,pong__shared_design,1,1,1,topology,2721486533131345087
compartmental_structured,971001,compartmental_structured__971001-20260905T091041-1d9d1f1a,development,,,,,1,2,pong__shared_design,1,1,1,world,3361002300127620880
compartmental_structured,971001,compartmental_structured__971001-20260905T091041-1d9d1f1a,development,,,,,1,2,pong__shared_design,2,1,1,topology,8762234213103288778
compartmental_structured,971001,compartmental_structured__971001-20260905T091041-1d9d1f1a,development,,,,,1,2,pong__shared_design,2,1,1,world,8267688788350042541
compartmental_structured,971001,compartmental_structured__971001-20260905T091041-1d9d1f1a,development,,,,,1,2,cartpole_plank_easy__shared_design,1,1,1,topology,11604777193711811528
compartmental_structured,971001,compartmental_structured__971001-20260905T091041-1d9d1f1a,development,,,,,1,2,cartpole_plank_easy__shared_design,1,1,1,world,8293367787490496071
compartmental_structured,971001,compartmental_structured__971001-20260905T091041-1d9d1f1a,development,,,,,1,2,cartpole_plank_easy__shared_design,2,1,1,topology,6429930046829913591
compartmental_structured,971001,compartmental_structured__971001-20260905T091041-1d9d1f1a,development,,,,,1,2,cartpole_plank_easy__shared_design,2,1,1,world,7920892760841653054
compartmental_structured,971001,compartmental_structured__971001-20260905T091041-1d9d1f1a,development,,,,,1,2,delayed_cue__shared_design,1,1,1,topology,18286185451642315035
compartmental_structured,971001,compartmental_structured__971001-20260905T091041-1d9d1f1a,development,,,,,1,2,delayed_cue__shared_design,1,1,1,world,1621548473777926336
compartmental_structured,971001,compartmental_structured__971001-20260905T091041-1d9d1f1a,development,,,,,1,2,delayed_cue__shared_design,2,1,1,topology,197557007002954786
compartmental_structured,971001,compartmental_structured__971001-20260905T091041-1d9d1f1a,development,,,,,1,2,delayed_cue__shared_design,2,1,1,world,3672371984149684912
compartmental_structured,971001,compartmental_structured__971001-20260905T091041-1d9d1f1a,development,,,,,1,3,tracking__shared_design,1,1,1,topology,2647253797719115166
compartmental_structured,971001,compartmental_structured__971001-20260905T091041-1d9d1f1a,development,,,,,1,3,tracking__shared_design,1,1,1,world,7834021532100950476
compartmental_structured,971001,compartmental_structured__971001-20260905T091041-1d9d1f1a,development,,,,,1,3,tracking__shared_design,2,1,1,topology,8551351425360670924
compartmental_structured,971001,compartmental_structured__971001-20260905T091041-1d9d1f1a,development,,,,,1,3,tracking__shared_design,2,1,1,world,11005834865184983681
compartmental_structured,971001,compartmental_structured__971001-20260905T091041-1d9d1f1a,development,,,,,1,3,pong__shared_design,1,1,1,topology,2721486533131345087
compartmental_structured,971001,compartmental_structured__971001-20260905T091041-1d9d1f1a,development,,,,,1,3,pong__shared_design,1,1,1,world,3361002300127620880
compartmental_structured,971001,compartmental_structured__971001-20260905T091041-1d9d1f1a,development,,,,,1,3,pong__shared_design,2,1,1,topology,8762234213103288778
compartmental_structured,971001,compartmental_structured__971001-20260905T091041-1d9d1f1a,development,,,,,1,3,pong__shared_design,2,1,1,world,8267688788350042541
compartmental_structured,971001,compartmental_structured__971001-20260905T091041-1d9d1f1a,development,,,,,1,3,cartpole_plank_easy__shared_design,1,1,1,topology,11604777193711811528
compartmental_structured,971001,compartmental_structured__971001-20260905T091041-1d9d1f1a,development,,,,,1,3,cartpole_plank_easy__shared_design,1,1,1,world,8293367787490496071
compartmental_structured,971001,compartmental_structured__971001-20260905T091041-1d9d1f1a,development,,,,,1,3,cartpole_plank_easy__shared_design,2,1,1,topology,6429930046829913591
compartmental_structured,971001,compartmental_structured__971001-20260905T091041-1d9d1f1a,development,,,,,1,3,cartpole_plank_easy__shared_design,2,1,1,world,7920892760841653054
compartmental_structured,971001,compartmental_structured__971001-20260905T091041-1d9d1f1a,development,,,,,1,3,delayed_cue__shared_design,1,1,1,topology,18286185451642315035
compartmental_structured,971001,compartmental_structured__971001-20260905T091041-1d9d1f1a,development,,,,,1,3,delayed_cue__shared_design,1,1,1,world,1621548473777926336
compartmental_structured,971001,compartmental_structured__971001-20260905T091041-1d9d1f1a,development,,,,,1,3,delayed_cue__shared_design,2,1,1,topology,197557007002954786
compartmental_structured,971001,compartmental_structured__971001-20260905T091041-1d9d1f1a,development,,,,,1,3,delayed_cue__shared_design,2,1,1,world,3672371984149684912
compartmental_structured,971001,compartmental_structured__971001-20260905T091041-1d9d1f1a,development,,,,,1,4,tracking__shared_design,1,1,1,topology,2647253797719115166
compartmental_structured,971001,compartmental_structured__971001-20260905T091041-1d9d1f1a,development,,,,,1,4,tracking__shared_design,1,1,1,world,7834021532100950476
compartmental_structured,971001,compartmental_structured__971001-20260905T091041-1d9d1f1a,development,,,,,1,4,tracking__shared_design,2,1,1,topology,8551351425360670924
compartmental_structured,971001,compartmental_structured__971001-20260905T091041-1d9d1f1a,development,,,,,1,4,tracking__shared_design,2,1,1,world,11005834865184983681
compartmental_structured,971001,compartmental_structured__971001-20260905T091041-1d9d1f1a,development,,,,,1,4,pong__shared_design,1,1,1,topology,2721486533131345087
compartmental_structured,971001,compartmental_structured__971001-20260905T091041-1d9d1f1a,development,,,,,1,4,pong__shared_design,1,1,1,world,3361002300127620880
compartmental_structured,971001,compartmental_structured__971001-20260905T091041-1d9d1f1a,development,,,,,1,4,pong__shared_design,2,1,1,topology,8762234213103288778
compartmental_structured,971001,compartmental_structured__971001-20260905T091041-1d9d1f1a,development,,,,,1,4,pong__shared_design,2,1,1,world,8267688788350042541
compartmental_structured,971001,compartmental_structured__971001-20260905T091041-1d9d1f1a,development,,,,,1,4,cartpole_plank_easy__shared_design,1,1,1,topology,11604777193711811528
compartmental_structured,971001,compartmental_structured__971001-20260905T091041-1d9d1f1a,development,,,,,1,4,cartpole_plank_easy__shared_design,1,1,1,world,8293367787490496071
compartmental_structured,971001,compartmental_structured__971001-20260905T091041-1d9d1f1a,development,,,,,1,4,cartpole_plank_easy__shared_design,2,1,1,topology,6429930046829913591
compartmental_structured,971001,compartmental_structured__971001-20260905T091041-1d9d1f1a,development,,,,,1,4,cartpole_plank_easy__shared_design,2,1,1,world,7920892760841653054
compartmental_structured,971001,compartmental_structured__971001-20260905T091041-1d9d1f1a,development,,,,,1,4,delayed_cue__shared_design,1,1,1,topology,18286185451642315035
compartmental_structured,971001,compartmental_structured__971001-20260905T091041-1d9d1f1a,development,,,,,1,4,delayed_cue__shared_design,1,1,1,world,1621548473777926336
compartmental_structured,971001,compartmental_structured__971001-20260905T091041-1d9d1f1a,development,,,,,1,4,delayed_cue__shared_design,2,1,1,topology,197557007002954786
compartmental_structured,971001,compartmental_structured__971001-20260905T091041-1d9d1f1a,development,,,,,1,4,delayed_cue__shared_design,2,1,1,world,3672371984149684912
compartmental_structured,971001,compartmental_structured__971001-20260905T091041-1d9d1f1a,development,,,,,2,5,tracking__shared_design,1,1,1,topology,2647253797719115166
compartmental_structured,971001,compartmental_structured__971001-20260905T091041-1d9d1f1a,development,,,,,2,5,tracking__shared_design,1,1,1,world,7834021532100950476
compartmental_structured,971001,compartmental_structured__971001-20260905T091041-1d9d1f1a,development,,,,,2,5,tracking__shared_design,2,1,1,topology,8551351425360670924
compartmental_structured,971001,compartmental_structured__971001-20260905T091041-1d9d1f1a,development,,,,,2,5,tracking__shared_design,2,1,1,world,11005834865184983681
compartmental_structured,971001,compartmental_structured__971001-20260905T091041-1d9d1f1a,development,,,,,2,5,pong__shared_design,1,1,1,topology,2721486533131345087
compartmental_structured,971001,compartmental_structured__971001-20260905T091041-1d9d1f1a,development,,,,,2,5,pong__shared_design,1,1,1,world,3361002300127620880
compartmental_structured,971001,compartmental_structured__971001-20260905T091041-1d9d1f1a,development,,,,,2,5,pong__shared_design,2,1,1,topology,8762234213103288778
compartmental_structured,971001,compartmental_structured__971001-20260905T091041-1d9d1f1a,development,,,,,2,5,pong__shared_design,2,1,1,world,8267688788350042541
compartmental_structured,971001,compartmental_structured__971001-20260905T091041-1d9d1f1a,development,,,,,2,5,cartpole_plank_easy__shared_design,1,1,1,topology,11604777193711811528
compartmental_structured,971001,compartmental_structured__971001-20260905T091041-1d9d1f1a,development,,,,,2,5,cartpole_plank_easy__shared_design,1,1,1,world,8293367787490496071
compartmental_structured,971001,compartmental_structured__971001-20260905T091041-1d9d1f1a,development,,,,,2,5,cartpole_plank_easy__shared_design,2,1,1,topology,6429930046829913591
compartmental_structured,971001,compartmental_structured__971001-20260905T091041-1d9d1f1a,development,,,,,2,5,cartpole_plank_easy__shared_design,2,1,1,world,7920892760841653054
compartmental_structured,971001,compartmental_structured__971001-20260905T091041-1d9d1f1a,development,,,,,2,5,delayed_cue__shared_design,1,1,1,topology,18286185451642315035
compartmental_structured,971001,compartmental_structured__971001-20260905T091041-1d9d1f1a,development,,,,,2,5,delayed_cue__shared_design,1,1,1,world,1621548473777926336
compartmental_structured,971001,compartmental_structured__971001-20260905T091041-1d9d1f1a,development,,,,,2,5,delayed_cue__shared_design,2,1,1,topology,197557007002954786
compartmental_structured,971001,compartmental_structured__971001-20260905T091041-1d9d1f1a,development,,,,,2,5,delayed_cue__shared_design,2,1,1,world,3672371984149684912
compartmental_structured,971001,compartmental_structured__971001-20260905T091041-1d9d1f1a,development,,,,,2,6,tracking__shared_design,1,1,1,topology,2647253797719115166
compartmental_structured,971001,compartmental_structured__971001-20260905T091041-1d9d1f1a,development,,,,,2,6,tracking__shared_design,1,1,1,world,7834021532100950476
compartmental_structured,971001,compartmental_structured__971001-20260905T091041-1d9d1f1a,development,,,,,2,6,tracking__shared_design,2,1,1,topology,8551351425360670924
compartmental_structured,971001,compartmental_structured__971001-20260905T091041-1d9d1f1a,development,,,,,2,6,tracking__shared_design,2,1,1,world,11005834865184983681
compartmental_structured,971001,compartmental_structured__971001-20260905T091041-1d9d1f1a,development,,,,,2,6,pong__shared_design,1,1,1,topology,2721486533131345087
compartmental_structured,971001,compartmental_structured__971001-20260905T091041-1d9d1f1a,development,,,,,2,6,pong__shared_design,1,1,1,world,3361002300127620880
compartmental_structured,971001,compartmental_structured__971001-20260905T091041-1d9d1f1a,development,,,,,2,6,pong__shared_design,2,1,1,topology,8762234213103288778
compartmental_structured,971001,compartmental_structured__971001-20260905T091041-1d9d1f1a,development,,,,,2,6,pong__shared_design,2,1,1,world,8267688788350042541
compartmental_structured,971001,compartmental_structured__971001-20260905T091041-1d9d1f1a,development,,,,,2,6,cartpole_plank_easy__shared_design,1,1,1,topology,11604777193711811528
compartmental_structured,971001,compartmental_structured__971001-20260905T091041-1d9d1f1a,development,,,,,2,6,cartpole_plank_easy__shared_design,1,1,1,world,8293367787490496071
compartmental_structured,971001,compartmental_structured__971001-20260905T091041-1d9d1f1a,development,,,,,2,6,cartpole_plank_easy__shared_design,2,1,1,topology,6429930046829913591
compartmental_structured,971001,compartmental_structured__971001-20260905T091041-1d9d1f1a,development,,,,,2,6,cartpole_plank_easy__shared_design,2,1,1,world,7920892760841653054
compartmental_structured,971001,compartmental_structured__971001-20260905T091041-1d9d1f1a,development,,,,,2,6,delayed_cue__shared_design,1,1,1,topology,18286185451642315035
compartmental_structured,971001,compartmental_structured__971001-20260905T091041-1d9d1f1a,development,,,,,2,6,delayed_cue__shared_design,1,1,1,world,1621548473777926336
compartmental_structured,971001,compartmental_structured__971001-20260905T091041-1d9d1f1a,development,,,,,2,6,delayed_cue__shared_design,2,1,1,topology,197557007002954786
compartmental_structured,971001,compartmental_structured__971001-20260905T091041-1d9d1f1a,development,,,,,2,6,delayed_cue__shared_design,2,1,1,world,3672371984149684912
compartmental_structured,971001,compartmental_structured__971001-20260905T091041-1d9d1f1a,development,,,,,2,7,tracking__shared_design,1,1,1,topology,2647253797719115166
compartmental_structured,971001,compartmental_structured__971001-20260905T091041-1d9d1f1a,development,,,,,2,7,tracking__shared_design,1,1,1,world,7834021532100950476
compartmental_structured,971001,compartmental_structured__971001-20260905T091041-1d9d1f1a,development,,,,,2,7,tracking__shared_design,2,1,1,topology,8551351425360670924
compartmental_structured,971001,compartmental_structured__971001-20260905T091041-1d9d1f1a,development,,,,,2,7,tracking__shared_design,2,1,1,world,11005834865184983681
compartmental_structured,971001,compartmental_structured__971001-20260905T091041-1d9d1f1a,development,,,,,2,7,pong__shared_design,1,1,1,topology,2721486533131345087
compartmental_structured,971001,compartmental_structured__971001-20260905T091041-1d9d1f1a,development,,,,,2,7,pong__shared_design,1,1,1,world,3361002300127620880
compartmental_structured,971001,compartmental_structured__971001-20260905T091041-1d9d1f1a,development,,,,,2,7,pong__shared_design,2,1,1,topology,8762234213103288778
compartmental_structured,971001,compartmental_structured__971001-20260905T091041-1d9d1f1a,development,,,,,2,7,pong__shared_design,2,1,1,world,8267688788350042541
compartmental_structured,971001,compartmental_structured__971001-20260905T091041-1d9d1f1a,development,,,,,2,7,cartpole_plank_easy__shared_design,1,1,1,topology,11604777193711811528
compartmental_structured,971001,compartmental_structured__971001-20260905T091041-1d9d1f1a,development,,,,,2,7,cartpole_plank_easy__shared_design,1,1,1,world,8293367787490496071
compartmental_structured,971001,compartmental_structured__971001-20260905T091041-1d9d1f1a,development,,,,,2,7,cartpole_plank_easy__shared_design,2,1,1,topology,6429930046829913591
compartmental_structured,971001,compartmental_structured__971001-20260905T091041-1d9d1f1a,development,,,,,2,7,cartpole_plank_easy__shared_design,2,1,1,world,7920892760841653054
compartmental_structured,971001,compartmental_structured__971001-20260905T091041-1d9d1f1a,development,,,,,2,7,delayed_cue__shared_design,1,1,1,topology,18286185451642315035
compartmental_structured,971001,compartmental_structured__971001-20260905T091041-1d9d1f1a,development,,,,,2,7,delayed_cue__shared_design,1,1,1,world,1621548473777926336
compartmental_structured,971001,compartmental_structured__971001-20260905T091041-1d9d1f1a,development,,,,,2,7,delayed_cue__shared_design,2,1,1,topology,197557007002954786
compartmental_structured,971001,compartmental_structured__971001-20260905T091041-1d9d1f1a,development,,,,,2,7,delayed_cue__shared_design,2,1,1,world,3672371984149684912
compartmental_structured,971001,compartmental_structured__971001-20260905T091041-1d9d1f1a,development,,,,,2,8,tracking__shared_design,1,1,1,topology,2647253797719115166
compartmental_structured,971001,compartmental_structured__971001-20260905T091041-1d9d1f1a,development,,,,,2,8,tracking__shared_design,1,1,1,world,7834021532100950476
compartmental_structured,971001,compartmental_structured__971001-20260905T091041-1d9d1f1a,development,,,,,2,8,tracking__shared_design,2,1,1,topology,8551351425360670924
compartmental_structured,971001,compartmental_structured__971001-20260905T091041-1d9d1f1a,development,,,,,2,8,tracking__shared_design,2,1,1,world,11005834865184983681
compartmental_structured,971001,compartmental_structured__971001-20260905T091041-1d9d1f1a,development,,,,,2,8,pong__shared_design,1,1,1,topology,2721486533131345087
compartmental_structured,971001,compartmental_structured__971001-20260905T091041-1d9d1f1a,development,,,,,2,8,pong__shared_design,1,1,1,world,3361002300127620880
compartmental_structured,971001,compartmental_structured__971001-20260905T091041-1d9d1f1a,development,,,,,2,8,pong__shared_design,2,1,1,topology,8762234213103288778
compartmental_structured,971001,compartmental_structured__971001-20260905T091041-1d9d1f1a,development,,,,,2,8,pong__shared_design,2,1,1,world,8267688788350042541
compartmental_structured,971001,compartmental_structured__971001-20260905T091041-1d9d1f1a,development,,,,,2,8,cartpole_plank_easy__shared_design,1,1,1,topology,11604777193711811528
compartmental_structured,971001,compartmental_structured__971001-20260905T091041-1d9d1f1a,development,,,,,2,8,cartpole_plank_easy__shared_design,1,1,1,world,8293367787490496071
compartmental_structured,971001,compartmental_structured__971001-20260905T091041-1d9d1f1a,development,,,,,2,8,cartpole_plank_easy__shared_design,2,1,1,topology,6429930046829913591
compartmental_structured,971001,compartmental_structured__971001-20260905T091041-1d9d1f1a,development,,,,,2,8,cartpole_plank_easy__shared_design,2,1,1,world,7920892760841653054
compartmental_structured,971001,compartmental_structured__971001-20260905T091041-1d9d1f1a,development,,,,,2,8,delayed_cue__shared_design,1,1,1,topology,18286185451642315035
compartmental_structured,971001,compartmental_structured__971001-20260905T091041-1d9d1f1a,development,,,,,2,8,delayed_cue__shared_design,1,1,1,world,1621548473777926336
compartmental_structured,971001,compartmental_structured__971001-20260905T091041-1d9d1f1a,development,,,,,2,8,delayed_cue__shared_design,2,1,1,topology,197557007002954786
compartmental_structured,971001,compartmental_structured__971001-20260905T091041-1d9d1f1a,development,,,,,2,8,delayed_cue__shared_design,2,1,1,world,3672371984149684912
compartmental_structured,971002,compartmental_structured__971002-20260905T091334-6f481f22,development,,,,,1,1,tracking__shared_design,1,1,1,topology,2647253797719115166
compartmental_structured,971002,compartmental_structured__971002-20260905T091334-6f481f22,development,,,,,1,1,tracking__shared_design,1,1,1,world,7834021532100950476
compartmental_structured,971002,compartmental_structured__971002-20260905T091334-6f481f22,development,,,,,1,1,tracking__shared_design,2,1,1,topology,8551351425360670924
compartmental_structured,971002,compartmental_structured__971002-20260905T091334-6f481f22,development,,,,,1,1,tracking__shared_design,2,1,1,world,11005834865184983681
compartmental_structured,971002,compartmental_structured__971002-20260905T091334-6f481f22,development,,,,,1,1,pong__shared_design,1,1,1,topology,2721486533131345087
compartmental_structured,971002,compartmental_structured__971002-20260905T091334-6f481f22,development,,,,,1,1,pong__shared_design,1,1,1,world,3361002300127620880
compartmental_structured,971002,compartmental_structured__971002-20260905T091334-6f481f22,development,,,,,1,1,pong__shared_design,2,1,1,topology,8762234213103288778
compartmental_structured,971002,compartmental_structured__971002-20260905T091334-6f481f22,development,,,,,1,1,pong__shared_design,2,1,1,world,8267688788350042541
compartmental_structured,971002,compartmental_structured__971002-20260905T091334-6f481f22,development,,,,,1,1,cartpole_plank_easy__shared_design,1,1,1,topology,11604777193711811528
compartmental_structured,971002,compartmental_structured__971002-20260905T091334-6f481f22,development,,,,,1,1,cartpole_plank_easy__shared_design,1,1,1,world,8293367787490496071
compartmental_structured,971002,compartmental_structured__971002-20260905T091334-6f481f22,development,,,,,1,1,cartpole_plank_easy__shared_design,2,1,1,topology,6429930046829913591
compartmental_structured,971002,compartmental_structured__971002-20260905T091334-6f481f22,development,,,,,1,1,cartpole_plank_easy__shared_design,2,1,1,world,7920892760841653054
compartmental_structured,971002,compartmental_structured__971002-20260905T091334-6f481f22,development,,,,,1,1,delayed_cue__shared_design,1,1,1,topology,18286185451642315035
compartmental_structured,971002,compartmental_structured__971002-20260905T091334-6f481f22,development,,,,,1,1,delayed_cue__shared_design,1,1,1,world,1621548473777926336
compartmental_structured,971002,compartmental_structured__971002-20260905T091334-6f481f22,development,,,,,1,1,delayed_cue__shared_design,2,1,1,topology,197557007002954786
compartmental_structured,971002,compartmental_structured__971002-20260905T091334-6f481f22,development,,,,,1,1,delayed_cue__shared_design,2,1,1,world,3672371984149684912
compartmental_structured,971002,compartmental_structured__971002-20260905T091334-6f481f22,development,,,,,1,2,tracking__shared_design,1,1,1,topology,2647253797719115166
compartmental_structured,971002,compartmental_structured__971002-20260905T091334-6f481f22,development,,,,,1,2,tracking__shared_design,1,1,1,world,7834021532100950476
compartmental_structured,971002,compartmental_structured__971002-20260905T091334-6f481f22,development,,,,,1,2,tracking__shared_design,2,1,1,topology,8551351425360670924
compartmental_structured,971002,compartmental_structured__971002-20260905T091334-6f481f22,development,,,,,1,2,tracking__shared_design,2,1,1,world,11005834865184983681
compartmental_structured,971002,compartmental_structured__971002-20260905T091334-6f481f22,development,,,,,1,2,pong__shared_design,1,1,1,topology,2721486533131345087
compartmental_structured,971002,compartmental_structured__971002-20260905T091334-6f481f22,development,,,,,1,2,pong__shared_design,1,1,1,world,3361002300127620880
compartmental_structured,971002,compartmental_structured__971002-20260905T091334-6f481f22,development,,,,,1,2,pong__shared_design,2,1,1,topology,8762234213103288778
compartmental_structured,971002,compartmental_structured__971002-20260905T091334-6f481f22,development,,,,,1,2,pong__shared_design,2,1,1,world,8267688788350042541
compartmental_structured,971002,compartmental_structured__971002-20260905T091334-6f481f22,development,,,,,1,2,cartpole_plank_easy__shared_design,1,1,1,topology,11604777193711811528
compartmental_structured,971002,compartmental_structured__971002-20260905T091334-6f481f22,development,,,,,1,2,cartpole_plank_easy__shared_design,1,1,1,world,8293367787490496071
compartmental_structured,971002,compartmental_structured__971002-20260905T091334-6f481f22,development,,,,,1,2,cartpole_plank_easy__shared_design,2,1,1,topology,6429930046829913591
compartmental_structured,971002,compartmental_structured__971002-20260905T091334-6f481f22,development,,,,,1,2,cartpole_plank_easy__shared_design,2,1,1,world,7920892760841653054
compartmental_structured,971002,compartmental_structured__971002-20260905T091334-6f481f22,development,,,,,1,2,delayed_cue__shared_design,1,1,1,topology,18286185451642315035
compartmental_structured,971002,compartmental_structured__971002-20260905T091334-6f481f22,development,,,,,1,2,delayed_cue__shared_design,1,1,1,world,1621548473777926336
compartmental_structured,971002,compartmental_structured__971002-20260905T091334-6f481f22,development,,,,,1,2,delayed_cue__shared_design,2,1,1,topology,197557007002954786
compartmental_structured,971002,compartmental_structured__971002-20260905T091334-6f481f22,development,,,,,1,2,delayed_cue__shared_design,2,1,1,world,3672371984149684912
compartmental_structured,971002,compartmental_structured__971002-20260905T091334-6f481f22,development,,,,,1,3,tracking__shared_design,1,1,1,topology,2647253797719115166
compartmental_structured,971002,compartmental_structured__971002-20260905T091334-6f481f22,development,,,,,1,3,tracking__shared_design,1,1,1,world,7834021532100950476
compartmental_structured,971002,compartmental_structured__971002-20260905T091334-6f481f22,development,,,,,1,3,tracking__shared_design,2,1,1,topology,8551351425360670924
compartmental_structured,971002,compartmental_structured__971002-20260905T091334-6f481f22,development,,,,,1,3,tracking__shared_design,2,1,1,world,11005834865184983681
compartmental_structured,971002,compartmental_structured__971002-20260905T091334-6f481f22,development,,,,,1,3,pong__shared_design,1,1,1,topology,2721486533131345087
compartmental_structured,971002,compartmental_structured__971002-20260905T091334-6f481f22,development,,,,,1,3,pong__shared_design,1,1,1,world,3361002300127620880
compartmental_structured,971002,compartmental_structured__971002-20260905T091334-6f481f22,development,,,,,1,3,pong__shared_design,2,1,1,topology,8762234213103288778
compartmental_structured,971002,compartmental_structured__971002-20260905T091334-6f481f22,development,,,,,1,3,pong__shared_design,2,1,1,world,8267688788350042541
compartmental_structured,971002,compartmental_structured__971002-20260905T091334-6f481f22,development,,,,,1,3,cartpole_plank_easy__shared_design,1,1,1,topology,11604777193711811528
compartmental_structured,971002,compartmental_structured__971002-20260905T091334-6f481f22,development,,,,,1,3,cartpole_plank_easy__shared_design,1,1,1,world,8293367787490496071
compartmental_structured,971002,compartmental_structured__971002-20260905T091334-6f481f22,development,,,,,1,3,cartpole_plank_easy__shared_design,2,1,1,topology,6429930046829913591
compartmental_structured,971002,compartmental_structured__971002-20260905T091334-6f481f22,development,,,,,1,3,cartpole_plank_easy__shared_design,2,1,1,world,7920892760841653054
compartmental_structured,971002,compartmental_structured__971002-20260905T091334-6f481f22,development,,,,,1,3,delayed_cue__shared_design,1,1,1,topology,18286185451642315035
compartmental_structured,971002,compartmental_structured__971002-20260905T091334-6f481f22,development,,,,,1,3,delayed_cue__shared_design,1,1,1,world,1621548473777926336
compartmental_structured,971002,compartmental_structured__971002-20260905T091334-6f481f22,development,,,,,1,3,delayed_cue__shared_design,2,1,1,topology,197557007002954786
compartmental_structured,971002,compartmental_structured__971002-20260905T091334-6f481f22,development,,,,,1,3,delayed_cue__shared_design,2,1,1,world,3672371984149684912
compartmental_structured,971002,compartmental_structured__971002-20260905T091334-6f481f22,development,,,,,1,4,tracking__shared_design,1,1,1,topology,2647253797719115166
compartmental_structured,971002,compartmental_structured__971002-20260905T091334-6f481f22,development,,,,,1,4,tracking__shared_design,1,1,1,world,7834021532100950476
compartmental_structured,971002,compartmental_structured__971002-20260905T091334-6f481f22,development,,,,,1,4,tracking__shared_design,2,1,1,topology,8551351425360670924
compartmental_structured,971002,compartmental_structured__971002-20260905T091334-6f481f22,development,,,,,1,4,tracking__shared_design,2,1,1,world,11005834865184983681
compartmental_structured,971002,compartmental_structured__971002-20260905T091334-6f481f22,development,,,,,1,4,pong__shared_design,1,1,1,topology,2721486533131345087
compartmental_structured,971002,compartmental_structured__971002-20260905T091334-6f481f22,development,,,,,1,4,pong__shared_design,1,1,1,world,3361002300127620880
compartmental_structured,971002,compartmental_structured__971002-20260905T091334-6f481f22,development,,,,,1,4,pong__shared_design,2,1,1,topology,8762234213103288778
compartmental_structured,971002,compartmental_structured__971002-20260905T091334-6f481f22,development,,,,,1,4,pong__shared_design,2,1,1,world,8267688788350042541
compartmental_structured,971002,compartmental_structured__971002-20260905T091334-6f481f22,development,,,,,1,4,cartpole_plank_easy__shared_design,1,1,1,topology,11604777193711811528
compartmental_structured,971002,compartmental_structured__971002-20260905T091334-6f481f22,development,,,,,1,4,cartpole_plank_easy__shared_design,1,1,1,world,8293367787490496071
compartmental_structured,971002,compartmental_structured__971002-20260905T091334-6f481f22,development,,,,,1,4,cartpole_plank_easy__shared_design,2,1,1,topology,6429930046829913591
compartmental_structured,971002,compartmental_structured__971002-20260905T091334-6f481f22,development,,,,,1,4,cartpole_plank_easy__shared_design,2,1,1,world,7920892760841653054
compartmental_structured,971002,compartmental_structured__971002-20260905T091334-6f481f22,development,,,,,1,4,delayed_cue__shared_design,1,1,1,topology,18286185451642315035
compartmental_structured,971002,compartmental_structured__971002-20260905T091334-6f481f22,development,,,,,1,4,delayed_cue__shared_design,1,1,1,world,1621548473777926336
compartmental_structured,971002,compartmental_structured__971002-20260905T091334-6f481f22,development,,,,,1,4,delayed_cue__shared_design,2,1,1,topology,197557007002954786
compartmental_structured,971002,compartmental_structured__971002-20260905T091334-6f481f22,development,,,,,1,4,delayed_cue__shared_design,2,1,1,world,3672371984149684912
compartmental_structured,971002,compartmental_structured__971002-20260905T091334-6f481f22,development,,,,,2,5,tracking__shared_design,1,1,1,topology,2647253797719115166
compartmental_structured,971002,compartmental_structured__971002-20260905T091334-6f481f22,development,,,,,2,5,tracking__shared_design,1,1,1,world,7834021532100950476
compartmental_structured,971002,compartmental_structured__971002-20260905T091334-6f481f22,development,,,,,2,5,tracking__shared_design,2,1,1,topology,8551351425360670924
compartmental_structured,971002,compartmental_structured__971002-20260905T091334-6f481f22,development,,,,,2,5,tracking__shared_design,2,1,1,world,11005834865184983681
compartmental_structured,971002,compartmental_structured__971002-20260905T091334-6f481f22,development,,,,,2,5,pong__shared_design,1,1,1,topology,2721486533131345087
compartmental_structured,971002,compartmental_structured__971002-20260905T091334-6f481f22,development,,,,,2,5,pong__shared_design,1,1,1,world,3361002300127620880
compartmental_structured,971002,compartmental_structured__971002-20260905T091334-6f481f22,development,,,,,2,5,pong__shared_design,2,1,1,topology,8762234213103288778
compartmental_structured,971002,compartmental_structured__971002-20260905T091334-6f481f22,development,,,,,2,5,pong__shared_design,2,1,1,world,8267688788350042541
compartmental_structured,971002,compartmental_structured__971002-20260905T091334-6f481f22,development,,,,,2,5,cartpole_plank_easy__shared_design,1,1,1,topology,11604777193711811528
compartmental_structured,971002,compartmental_structured__971002-20260905T091334-6f481f22,development,,,,,2,5,cartpole_plank_easy__shared_design,1,1,1,world,8293367787490496071
compartmental_structured,971002,compartmental_structured__971002-20260905T091334-6f481f22,development,,,,,2,5,cartpole_plank_easy__shared_design,2,1,1,topology,6429930046829913591
compartmental_structured,971002,compartmental_structured__971002-20260905T091334-6f481f22,development,,,,,2,5,cartpole_plank_easy__shared_design,2,1,1,world,7920892760841653054
compartmental_structured,971002,compartmental_structured__971002-20260905T091334-6f481f22,development,,,,,2,5,delayed_cue__shared_design,1,1,1,topology,18286185451642315035
compartmental_structured,971002,compartmental_structured__971002-20260905T091334-6f481f22,development,,,,,2,5,delayed_cue__shared_design,1,1,1,world,1621548473777926336
compartmental_structured,971002,compartmental_structured__971002-20260905T091334-6f481f22,development,,,,,2,5,delayed_cue__shared_design,2,1,1,topology,197557007002954786
compartmental_structured,971002,compartmental_structured__971002-20260905T091334-6f481f22,development,,,,,2,5,delayed_cue__shared_design,2,1,1,world,3672371984149684912
compartmental_structured,971002,compartmental_structured__971002-20260905T091334-6f481f22,development,,,,,2,6,tracking__shared_design,1,1,1,topology,2647253797719115166
compartmental_structured,971002,compartmental_structured__971002-20260905T091334-6f481f22,development,,,,,2,6,tracking__shared_design,1,1,1,world,7834021532100950476
compartmental_structured,971002,compartmental_structured__971002-20260905T091334-6f481f22,development,,,,,2,6,tracking__shared_design,2,1,1,topology,8551351425360670924
compartmental_structured,971002,compartmental_structured__971002-20260905T091334-6f481f22,development,,,,,2,6,tracking__shared_design,2,1,1,world,11005834865184983681
compartmental_structured,971002,compartmental_structured__971002-20260905T091334-6f481f22,development,,,,,2,6,pong__shared_design,1,1,1,topology,2721486533131345087
compartmental_structured,971002,compartmental_structured__971002-20260905T091334-6f481f22,development,,,,,2,6,pong__shared_design,1,1,1,world,3361002300127620880
compartmental_structured,971002,compartmental_structured__971002-20260905T091334-6f481f22,development,,,,,2,6,pong__shared_design,2,1,1,topology,8762234213103288778
compartmental_structured,971002,compartmental_structured__971002-20260905T091334-6f481f22,development,,,,,2,6,pong__shared_design,2,1,1,world,8267688788350042541
compartmental_structured,971002,compartmental_structured__971002-20260905T091334-6f481f22,development,,,,,2,6,cartpole_plank_easy__shared_design,1,1,1,topology,11604777193711811528
compartmental_structured,971002,compartmental_structured__971002-20260905T091334-6f481f22,development,,,,,2,6,cartpole_plank_easy__shared_design,1,1,1,world,8293367787490496071
compartmental_structured,971002,compartmental_structured__971002-20260905T091334-6f481f22,development,,,,,2,6,cartpole_plank_easy__shared_design,2,1,1,topology,6429930046829913591
compartmental_structured,971002,compartmental_structured__971002-20260905T091334-6f481f22,development,,,,,2,6,cartpole_plank_easy__shared_design,2,1,1,world,7920892760841653054
compartmental_structured,971002,compartmental_structured__971002-20260905T091334-6f481f22,development,,,,,2,6,delayed_cue__shared_design,1,1,1,topology,18286185451642315035
compartmental_structured,971002,compartmental_structured__971002-20260905T091334-6f481f22,development,,,,,2,6,delayed_cue__shared_design,1,1,1,world,1621548473777926336
compartmental_structured,971002,compartmental_structured__971002-20260905T091334-6f481f22,development,,,,,2,6,delayed_cue__shared_design,2,1,1,topology,197557007002954786
compartmental_structured,971002,compartmental_structured__971002-20260905T091334-6f481f22,development,,,,,2,6,delayed_cue__shared_design,2,1,1,world,3672371984149684912
compartmental_structured,971002,compartmental_structured__971002-20260905T091334-6f481f22,development,,,,,2,7,tracking__shared_design,1,1,1,topology,2647253797719115166
compartmental_structured,971002,compartmental_structured__971002-20260905T091334-6f481f22,development,,,,,2,7,tracking__shared_design,1,1,1,world,7834021532100950476
compartmental_structured,971002,compartmental_structured__971002-20260905T091334-6f481f22,development,,,,,2,7,tracking__shared_design,2,1,1,topology,8551351425360670924
compartmental_structured,971002,compartmental_structured__971002-20260905T091334-6f481f22,development,,,,,2,7,tracking__shared_design,2,1,1,world,11005834865184983681
compartmental_structured,971002,compartmental_structured__971002-20260905T091334-6f481f22,development,,,,,2,7,pong__shared_design,1,1,1,topology,2721486533131345087
compartmental_structured,971002,compartmental_structured__971002-20260905T091334-6f481f22,development,,,,,2,7,pong__shared_design,1,1,1,world,3361002300127620880
compartmental_structured,971002,compartmental_structured__971002-20260905T091334-6f481f22,development,,,,,2,7,pong__shared_design,2,1,1,topology,8762234213103288778
compartmental_structured,971002,compartmental_structured__971002-20260905T091334-6f481f22,development,,,,,2,7,pong__shared_design,2,1,1,world,8267688788350042541
compartmental_structured,971002,compartmental_structured__971002-20260905T091334-6f481f22,development,,,,,2,7,cartpole_plank_easy__shared_design,1,1,1,topology,11604777193711811528
compartmental_structured,971002,compartmental_structured__971002-20260905T091334-6f481f22,development,,,,,2,7,cartpole_plank_easy__shared_design,1,1,1,world,8293367787490496071
compartmental_structured,971002,compartmental_structured__971002-20260905T091334-6f481f22,development,,,,,2,7,cartpole_plank_easy__shared_design,2,1,1,topology,6429930046829913591
compartmental_structured,971002,compartmental_structured__971002-20260905T091334-6f481f22,development,,,,,2,7,cartpole_plank_easy__shared_design,2,1,1,world,7920892760841653054
compartmental_structured,971002,compartmental_structured__971002-20260905T091334-6f481f22,development,,,,,2,7,delayed_cue__shared_design,1,1,1,topology,18286185451642315035
compartmental_structured,971002,compartmental_structured__971002-20260905T091334-6f481f22,development,,,,,2,7,delayed_cue__shared_design,1,1,1,world,1621548473777926336
compartmental_structured,971002,compartmental_structured__971002-20260905T091334-6f481f22,development,,,,,2,7,delayed_cue__shared_design,2,1,1,topology,197557007002954786
compartmental_structured,971002,compartmental_structured__971002-20260905T091334-6f481f22,development,,,,,2,7,delayed_cue__shared_design,2,1,1,world,3672371984149684912
compartmental_structured,971002,compartmental_structured__971002-20260905T091334-6f481f22,development,,,,,2,8,tracking__shared_design,1,1,1,topology,2647253797719115166
compartmental_structured,971002,compartmental_structured__971002-20260905T091334-6f481f22,development,,,,,2,8,tracking__shared_design,1,1,1,world,7834021532100950476
compartmental_structured,971002,compartmental_structured__971002-20260905T091334-6f481f22,development,,,,,2,8,tracking__shared_design,2,1,1,topology,8551351425360670924
compartmental_structured,971002,compartmental_structured__971002-20260905T091334-6f481f22,development,,,,,2,8,tracking__shared_design,2,1,1,world,11005834865184983681
compartmental_structured,971002,compartmental_structured__971002-20260905T091334-6f481f22,development,,,,,2,8,pong__shared_design,1,1,1,topology,2721486533131345087
compartmental_structured,971002,compartmental_structured__971002-20260905T091334-6f481f22,development,,,,,2,8,pong__shared_design,1,1,1,world,3361002300127620880
compartmental_structured,971002,compartmental_structured__971002-20260905T091334-6f481f22,development,,,,,2,8,pong__shared_design,2,1,1,topology,8762234213103288778
compartmental_structured,971002,compartmental_structured__971002-20260905T091334-6f481f22,development,,,,,2,8,pong__shared_design,2,1,1,world,8267688788350042541
compartmental_structured,971002,compartmental_structured__971002-20260905T091334-6f481f22,development,,,,,2,8,cartpole_plank_easy__shared_design,1,1,1,topology,11604777193711811528
compartmental_structured,971002,compartmental_structured__971002-20260905T091334-6f481f22,development,,,,,2,8,cartpole_plank_easy__shared_design,1,1,1,world,8293367787490496071
compartmental_structured,971002,compartmental_structured__971002-20260905T091334-6f481f22,development,,,,,2,8,cartpole_plank_easy__shared_design,2,1,1,topology,6429930046829913591
compartmental_structured,971002,compartmental_structured__971002-20260905T091334-6f481f22,development,,,,,2,8,cartpole_plank_easy__shared_design,2,1,1,world,7920892760841653054
compartmental_structured,971002,compartmental_structured__971002-20260905T091334-6f481f22,development,,,,,2,8,delayed_cue__shared_design,1,1,1,topology,18286185451642315035
compartmental_structured,971002,compartmental_structured__971002-20260905T091334-6f481f22,development,,,,,2,8,delayed_cue__shared_design,1,1,1,world,1621548473777926336
compartmental_structured,971002,compartmental_structured__971002-20260905T091334-6f481f22,development,,,,,2,8,delayed_cue__shared_design,2,1,1,topology,197557007002954786
compartmental_structured,971002,compartmental_structured__971002-20260905T091334-6f481f22,development,,,,,2,8,delayed_cue__shared_design,2,1,1,world,3672371984149684912
compartmental_structured,971003,compartmental_structured__971003-20260905T091618-8e133f62,development,,,,,1,1,tracking__shared_design,1,1,1,topology,2647253797719115166
compartmental_structured,971003,compartmental_structured__971003-20260905T091618-8e133f62,development,,,,,1,1,tracking__shared_design,1,1,1,world,7834021532100950476
compartmental_structured,971003,compartmental_structured__971003-20260905T091618-8e133f62,development,,,,,1,1,tracking__shared_design,2,1,1,topology,8551351425360670924
compartmental_structured,971003,compartmental_structured__971003-20260905T091618-8e133f62,development,,,,,1,1,tracking__shared_design,2,1,1,world,11005834865184983681
compartmental_structured,971003,compartmental_structured__971003-20260905T091618-8e133f62,development,,,,,1,1,pong__shared_design,1,1,1,topology,2721486533131345087
compartmental_structured,971003,compartmental_structured__971003-20260905T091618-8e133f62,development,,,,,1,1,pong__shared_design,1,1,1,world,3361002300127620880
compartmental_structured,971003,compartmental_structured__971003-20260905T091618-8e133f62,development,,,,,1,1,pong__shared_design,2,1,1,topology,8762234213103288778
compartmental_structured,971003,compartmental_structured__971003-20260905T091618-8e133f62,development,,,,,1,1,pong__shared_design,2,1,1,world,8267688788350042541
compartmental_structured,971003,compartmental_structured__971003-20260905T091618-8e133f62,development,,,,,1,1,cartpole_plank_easy__shared_design,1,1,1,topology,11604777193711811528
compartmental_structured,971003,compartmental_structured__971003-20260905T091618-8e133f62,development,,,,,1,1,cartpole_plank_easy__shared_design,1,1,1,world,8293367787490496071
compartmental_structured,971003,compartmental_structured__971003-20260905T091618-8e133f62,development,,,,,1,1,cartpole_plank_easy__shared_design,2,1,1,topology,6429930046829913591
compartmental_structured,971003,compartmental_structured__971003-20260905T091618-8e133f62,development,,,,,1,1,cartpole_plank_easy__shared_design,2,1,1,world,7920892760841653054
compartmental_structured,971003,compartmental_structured__971003-20260905T091618-8e133f62,development,,,,,1,1,delayed_cue__shared_design,1,1,1,topology,18286185451642315035
compartmental_structured,971003,compartmental_structured__971003-20260905T091618-8e133f62,development,,,,,1,1,delayed_cue__shared_design,1,1,1,world,1621548473777926336
compartmental_structured,971003,compartmental_structured__971003-20260905T091618-8e133f62,development,,,,,1,1,delayed_cue__shared_design,2,1,1,topology,197557007002954786
compartmental_structured,971003,compartmental_structured__971003-20260905T091618-8e133f62,development,,,,,1,1,delayed_cue__shared_design,2,1,1,world,3672371984149684912
compartmental_structured,971003,compartmental_structured__971003-20260905T091618-8e133f62,development,,,,,1,2,tracking__shared_design,1,1,1,topology,2647253797719115166
compartmental_structured,971003,compartmental_structured__971003-20260905T091618-8e133f62,development,,,,,1,2,tracking__shared_design,1,1,1,world,7834021532100950476
compartmental_structured,971003,compartmental_structured__971003-20260905T091618-8e133f62,development,,,,,1,2,tracking__shared_design,2,1,1,topology,8551351425360670924
compartmental_structured,971003,compartmental_structured__971003-20260905T091618-8e133f62,development,,,,,1,2,tracking__shared_design,2,1,1,world,11005834865184983681
compartmental_structured,971003,compartmental_structured__971003-20260905T091618-8e133f62,development,,,,,1,2,pong__shared_design,1,1,1,topology,2721486533131345087
compartmental_structured,971003,compartmental_structured__971003-20260905T091618-8e133f62,development,,,,,1,2,pong__shared_design,1,1,1,world,3361002300127620880
compartmental_structured,971003,compartmental_structured__971003-20260905T091618-8e133f62,development,,,,,1,2,pong__shared_design,2,1,1,topology,8762234213103288778
compartmental_structured,971003,compartmental_structured__971003-20260905T091618-8e133f62,development,,,,,1,2,pong__shared_design,2,1,1,world,8267688788350042541
compartmental_structured,971003,compartmental_structured__971003-20260905T091618-8e133f62,development,,,,,1,2,cartpole_plank_easy__shared_design,1,1,1,topology,11604777193711811528
compartmental_structured,971003,compartmental_structured__971003-20260905T091618-8e133f62,development,,,,,1,2,cartpole_plank_easy__shared_design,1,1,1,world,8293367787490496071
compartmental_structured,971003,compartmental_structured__971003-20260905T091618-8e133f62,development,,,,,1,2,cartpole_plank_easy__shared_design,2,1,1,topology,6429930046829913591
compartmental_structured,971003,compartmental_structured__971003-20260905T091618-8e133f62,development,,,,,1,2,cartpole_plank_easy__shared_design,2,1,1,world,7920892760841653054
compartmental_structured,971003,compartmental_structured__971003-20260905T091618-8e133f62,development,,,,,1,2,delayed_cue__shared_design,1,1,1,topology,18286185451642315035
compartmental_structured,971003,compartmental_structured__971003-20260905T091618-8e133f62,development,,,,,1,2,delayed_cue__shared_design,1,1,1,world,1621548473777926336
compartmental_structured,971003,compartmental_structured__971003-20260905T091618-8e133f62,development,,,,,1,2,delayed_cue__shared_design,2,1,1,topology,197557007002954786
compartmental_structured,971003,compartmental_structured__971003-20260905T091618-8e133f62,development,,,,,1,2,delayed_cue__shared_design,2,1,1,world,3672371984149684912
compartmental_structured,971003,compartmental_structured__971003-20260905T091618-8e133f62,development,,,,,1,3,tracking__shared_design,1,1,1,topology,2647253797719115166
compartmental_structured,971003,compartmental_structured__971003-20260905T091618-8e133f62,development,,,,,1,3,tracking__shared_design,1,1,1,world,7834021532100950476
compartmental_structured,971003,compartmental_structured__971003-20260905T091618-8e133f62,development,,,,,1,3,tracking__shared_design,2,1,1,topology,8551351425360670924
compartmental_structured,971003,compartmental_structured__971003-20260905T091618-8e133f62,development,,,,,1,3,tracking__shared_design,2,1,1,world,11005834865184983681
compartmental_structured,971003,compartmental_structured__971003-20260905T091618-8e133f62,development,,,,,1,3,pong__shared_design,1,1,1,topology,2721486533131345087
compartmental_structured,971003,compartmental_structured__971003-20260905T091618-8e133f62,development,,,,,1,3,pong__shared_design,1,1,1,world,3361002300127620880
compartmental_structured,971003,compartmental_structured__971003-20260905T091618-8e133f62,development,,,,,1,3,pong__shared_design,2,1,1,topology,8762234213103288778
compartmental_structured,971003,compartmental_structured__971003-20260905T091618-8e133f62,development,,,,,1,3,pong__shared_design,2,1,1,world,8267688788350042541
compartmental_structured,971003,compartmental_structured__971003-20260905T091618-8e133f62,development,,,,,1,3,cartpole_plank_easy__shared_design,1,1,1,topology,11604777193711811528
compartmental_structured,971003,compartmental_structured__971003-20260905T091618-8e133f62,development,,,,,1,3,cartpole_plank_easy__shared_design,1,1,1,world,8293367787490496071
compartmental_structured,971003,compartmental_structured__971003-20260905T091618-8e133f62,development,,,,,1,3,cartpole_plank_easy__shared_design,2,1,1,topology,6429930046829913591
compartmental_structured,971003,compartmental_structured__971003-20260905T091618-8e133f62,development,,,,,1,3,cartpole_plank_easy__shared_design,2,1,1,world,7920892760841653054
compartmental_structured,971003,compartmental_structured__971003-20260905T091618-8e133f62,development,,,,,1,3,delayed_cue__shared_design,1,1,1,topology,18286185451642315035
compartmental_structured,971003,compartmental_structured__971003-20260905T091618-8e133f62,development,,,,,1,3,delayed_cue__shared_design,1,1,1,world,1621548473777926336
compartmental_structured,971003,compartmental_structured__971003-20260905T091618-8e133f62,development,,,,,1,3,delayed_cue__shared_design,2,1,1,topology,197557007002954786
compartmental_structured,971003,compartmental_structured__971003-20260905T091618-8e133f62,development,,,,,1,3,delayed_cue__shared_design,2,1,1,world,3672371984149684912
compartmental_structured,971003,compartmental_structured__971003-20260905T091618-8e133f62,development,,,,,1,4,tracking__shared_design,1,1,1,topology,2647253797719115166
compartmental_structured,971003,compartmental_structured__971003-20260905T091618-8e133f62,development,,,,,1,4,tracking__shared_design,1,1,1,world,7834021532100950476
compartmental_structured,971003,compartmental_structured__971003-20260905T091618-8e133f62,development,,,,,1,4,tracking__shared_design,2,1,1,topology,8551351425360670924
compartmental_structured,971003,compartmental_structured__971003-20260905T091618-8e133f62,development,,,,,1,4,tracking__shared_design,2,1,1,world,11005834865184983681
compartmental_structured,971003,compartmental_structured__971003-20260905T091618-8e133f62,development,,,,,1,4,pong__shared_design,1,1,1,topology,2721486533131345087
compartmental_structured,971003,compartmental_structured__971003-20260905T091618-8e133f62,development,,,,,1,4,pong__shared_design,1,1,1,world,3361002300127620880
compartmental_structured,971003,compartmental_structured__971003-20260905T091618-8e133f62,development,,,,,1,4,pong__shared_design,2,1,1,topology,8762234213103288778
compartmental_structured,971003,compartmental_structured__971003-20260905T091618-8e133f62,development,,,,,1,4,pong__shared_design,2,1,1,world,8267688788350042541
compartmental_structured,971003,compartmental_structured__971003-20260905T091618-8e133f62,development,,,,,1,4,cartpole_plank_easy__shared_design,1,1,1,topology,11604777193711811528
compartmental_structured,971003,compartmental_structured__971003-20260905T091618-8e133f62,development,,,,,1,4,cartpole_plank_easy__shared_design,1,1,1,world,8293367787490496071
compartmental_structured,971003,compartmental_structured__971003-20260905T091618-8e133f62,development,,,,,1,4,cartpole_plank_easy__shared_design,2,1,1,topology,6429930046829913591
compartmental_structured,971003,compartmental_structured__971003-20260905T091618-8e133f62,development,,,,,1,4,cartpole_plank_easy__shared_design,2,1,1,world,7920892760841653054
compartmental_structured,971003,compartmental_structured__971003-20260905T091618-8e133f62,development,,,,,1,4,delayed_cue__shared_design,1,1,1,topology,18286185451642315035
compartmental_structured,971003,compartmental_structured__971003-20260905T091618-8e133f62,development,,,,,1,4,delayed_cue__shared_design,1,1,1,world,1621548473777926336
compartmental_structured,971003,compartmental_structured__971003-20260905T091618-8e133f62,development,,,,,1,4,delayed_cue__shared_design,2,1,1,topology,197557007002954786
compartmental_structured,971003,compartmental_structured__971003-20260905T091618-8e133f62,development,,,,,1,4,delayed_cue__shared_design,2,1,1,world,3672371984149684912
compartmental_structured,971003,compartmental_structured__971003-20260905T091618-8e133f62,development,,,,,2,5,tracking__shared_design,1,1,1,topology,2647253797719115166
compartmental_structured,971003,compartmental_structured__971003-20260905T091618-8e133f62,development,,,,,2,5,tracking__shared_design,1,1,1,world,7834021532100950476
compartmental_structured,971003,compartmental_structured__971003-20260905T091618-8e133f62,development,,,,,2,5,tracking__shared_design,2,1,1,topology,8551351425360670924
compartmental_structured,971003,compartmental_structured__971003-20260905T091618-8e133f62,development,,,,,2,5,tracking__shared_design,2,1,1,world,11005834865184983681
compartmental_structured,971003,compartmental_structured__971003-20260905T091618-8e133f62,development,,,,,2,5,pong__shared_design,1,1,1,topology,2721486533131345087
compartmental_structured,971003,compartmental_structured__971003-20260905T091618-8e133f62,development,,,,,2,5,pong__shared_design,1,1,1,world,3361002300127620880
compartmental_structured,971003,compartmental_structured__971003-20260905T091618-8e133f62,development,,,,,2,5,pong__shared_design,2,1,1,topology,8762234213103288778
compartmental_structured,971003,compartmental_structured__971003-20260905T091618-8e133f62,development,,,,,2,5,pong__shared_design,2,1,1,world,8267688788350042541
compartmental_structured,971003,compartmental_structured__971003-20260905T091618-8e133f62,development,,,,,2,5,cartpole_plank_easy__shared_design,1,1,1,topology,11604777193711811528
compartmental_structured,971003,compartmental_structured__971003-20260905T091618-8e133f62,development,,,,,2,5,cartpole_plank_easy__shared_design,1,1,1,world,8293367787490496071
compartmental_structured,971003,compartmental_structured__971003-20260905T091618-8e133f62,development,,,,,2,5,cartpole_plank_easy__shared_design,2,1,1,topology,6429930046829913591
compartmental_structured,971003,compartmental_structured__971003-20260905T091618-8e133f62,development,,,,,2,5,cartpole_plank_easy__shared_design,2,1,1,world,7920892760841653054
compartmental_structured,971003,compartmental_structured__971003-20260905T091618-8e133f62,development,,,,,2,5,delayed_cue__shared_design,1,1,1,topology,18286185451642315035
compartmental_structured,971003,compartmental_structured__971003-20260905T091618-8e133f62,development,,,,,2,5,delayed_cue__shared_design,1,1,1,world,1621548473777926336
compartmental_structured,971003,compartmental_structured__971003-20260905T091618-8e133f62,development,,,,,2,5,delayed_cue__shared_design,2,1,1,topology,197557007002954786
compartmental_structured,971003,compartmental_structured__971003-20260905T091618-8e133f62,development,,,,,2,5,delayed_cue__shared_design,2,1,1,world,3672371984149684912
compartmental_structured,971003,compartmental_structured__971003-20260905T091618-8e133f62,development,,,,,2,6,tracking__shared_design,1,1,1,topology,2647253797719115166
compartmental_structured,971003,compartmental_structured__971003-20260905T091618-8e133f62,development,,,,,2,6,tracking__shared_design,1,1,1,world,7834021532100950476
compartmental_structured,971003,compartmental_structured__971003-20260905T091618-8e133f62,development,,,,,2,6,tracking__shared_design,2,1,1,topology,8551351425360670924
compartmental_structured,971003,compartmental_structured__971003-20260905T091618-8e133f62,development,,,,,2,6,tracking__shared_design,2,1,1,world,11005834865184983681
compartmental_structured,971003,compartmental_structured__971003-20260905T091618-8e133f62,development,,,,,2,6,pong__shared_design,1,1,1,topology,2721486533131345087
compartmental_structured,971003,compartmental_structured__971003-20260905T091618-8e133f62,development,,,,,2,6,pong__shared_design,1,1,1,world,3361002300127620880
compartmental_structured,971003,compartmental_structured__971003-20260905T091618-8e133f62,development,,,,,2,6,pong__shared_design,2,1,1,topology,8762234213103288778
compartmental_structured,971003,compartmental_structured__971003-20260905T091618-8e133f62,development,,,,,2,6,pong__shared_design,2,1,1,world,8267688788350042541
compartmental_structured,971003,compartmental_structured__971003-20260905T091618-8e133f62,development,,,,,2,6,cartpole_plank_easy__shared_design,1,1,1,topology,11604777193711811528
compartmental_structured,971003,compartmental_structured__971003-20260905T091618-8e133f62,development,,,,,2,6,cartpole_plank_easy__shared_design,1,1,1,world,8293367787490496071
compartmental_structured,971003,compartmental_structured__971003-20260905T091618-8e133f62,development,,,,,2,6,cartpole_plank_easy__shared_design,2,1,1,topology,6429930046829913591
compartmental_structured,971003,compartmental_structured__971003-20260905T091618-8e133f62,development,,,,,2,6,cartpole_plank_easy__shared_design,2,1,1,world,7920892760841653054
compartmental_structured,971003,compartmental_structured__971003-20260905T091618-8e133f62,development,,,,,2,6,delayed_cue__shared_design,1,1,1,topology,18286185451642315035
compartmental_structured,971003,compartmental_structured__971003-20260905T091618-8e133f62,development,,,,,2,6,delayed_cue__shared_design,1,1,1,world,1621548473777926336
compartmental_structured,971003,compartmental_structured__971003-20260905T091618-8e133f62,development,,,,,2,6,delayed_cue__shared_design,2,1,1,topology,197557007002954786
compartmental_structured,971003,compartmental_structured__971003-20260905T091618-8e133f62,development,,,,,2,6,delayed_cue__shared_design,2,1,1,world,3672371984149684912
compartmental_structured,971003,compartmental_structured__971003-20260905T091618-8e133f62,development,,,,,2,7,tracking__shared_design,1,1,1,topology,2647253797719115166
compartmental_structured,971003,compartmental_structured__971003-20260905T091618-8e133f62,development,,,,,2,7,tracking__shared_design,1,1,1,world,7834021532100950476
compartmental_structured,971003,compartmental_structured__971003-20260905T091618-8e133f62,development,,,,,2,7,tracking__shared_design,2,1,1,topology,8551351425360670924
compartmental_structured,971003,compartmental_structured__971003-20260905T091618-8e133f62,development,,,,,2,7,tracking__shared_design,2,1,1,world,11005834865184983681
compartmental_structured,971003,compartmental_structured__971003-20260905T091618-8e133f62,development,,,,,2,7,pong__shared_design,1,1,1,topology,2721486533131345087
compartmental_structured,971003,compartmental_structured__971003-20260905T091618-8e133f62,development,,,,,2,7,pong__shared_design,1,1,1,world,3361002300127620880
compartmental_structured,971003,compartmental_structured__971003-20260905T091618-8e133f62,development,,,,,2,7,pong__shared_design,2,1,1,topology,8762234213103288778
compartmental_structured,971003,compartmental_structured__971003-20260905T091618-8e133f62,development,,,,,2,7,pong__shared_design,2,1,1,world,8267688788350042541
compartmental_structured,971003,compartmental_structured__971003-20260905T091618-8e133f62,development,,,,,2,7,cartpole_plank_easy__shared_design,1,1,1,topology,11604777193711811528
compartmental_structured,971003,compartmental_structured__971003-20260905T091618-8e133f62,development,,,,,2,7,cartpole_plank_easy__shared_design,1,1,1,world,8293367787490496071
compartmental_structured,971003,compartmental_structured__971003-20260905T091618-8e133f62,development,,,,,2,7,cartpole_plank_easy__shared_design,2,1,1,topology,6429930046829913591
compartmental_structured,971003,compartmental_structured__971003-20260905T091618-8e133f62,development,,,,,2,7,cartpole_plank_easy__shared_design,2,1,1,world,7920892760841653054
compartmental_structured,971003,compartmental_structured__971003-20260905T091618-8e133f62,development,,,,,2,7,delayed_cue__shared_design,1,1,1,topology,18286185451642315035
compartmental_structured,971003,compartmental_structured__971003-20260905T091618-8e133f62,development,,,,,2,7,delayed_cue__shared_design,1,1,1,world,1621548473777926336
compartmental_structured,971003,compartmental_structured__971003-20260905T091618-8e133f62,development,,,,,2,7,delayed_cue__shared_design,2,1,1,topology,197557007002954786
compartmental_structured,971003,compartmental_structured__971003-20260905T091618-8e133f62,development,,,,,2,7,delayed_cue__shared_design,2,1,1,world,3672371984149684912
compartmental_structured,971003,compartmental_structured__971003-20260905T091618-8e133f62,development,,,,,2,8,tracking__shared_design,1,1,1,topology,2647253797719115166
compartmental_structured,971003,compartmental_structured__971003-20260905T091618-8e133f62,development,,,,,2,8,tracking__shared_design,1,1,1,world,7834021532100950476
compartmental_structured,971003,compartmental_structured__971003-20260905T091618-8e133f62,development,,,,,2,8,tracking__shared_design,2,1,1,topology,8551351425360670924
compartmental_structured,971003,compartmental_structured__971003-20260905T091618-8e133f62,development,,,,,2,8,tracking__shared_design,2,1,1,world,11005834865184983681
compartmental_structured,971003,compartmental_structured__971003-20260905T091618-8e133f62,development,,,,,2,8,pong__shared_design,1,1,1,topology,2721486533131345087
compartmental_structured,971003,compartmental_structured__971003-20260905T091618-8e133f62,development,,,,,2,8,pong__shared_design,1,1,1,world,3361002300127620880
compartmental_structured,971003,compartmental_structured__971003-20260905T091618-8e133f62,development,,,,,2,8,pong__shared_design,2,1,1,topology,8762234213103288778
compartmental_structured,971003,compartmental_structured__971003-20260905T091618-8e133f62,development,,,,,2,8,pong__shared_design,2,1,1,world,8267688788350042541
compartmental_structured,971003,compartmental_structured__971003-20260905T091618-8e133f62,development,,,,,2,8,cartpole_plank_easy__shared_design,1,1,1,topology,11604777193711811528
compartmental_structured,971003,compartmental_structured__971003-20260905T091618-8e133f62,development,,,,,2,8,cartpole_plank_easy__shared_design,1,1,1,world,8293367787490496071
compartmental_structured,971003,compartmental_structured__971003-20260905T091618-8e133f62,development,,,,,2,8,cartpole_plank_easy__shared_design,2,1,1,topology,6429930046829913591
compartmental_structured,971003,compartmental_structured__971003-20260905T091618-8e133f62,development,,,,,2,8,cartpole_plank_easy__shared_design,2,1,1,world,7920892760841653054
compartmental_structured,971003,compartmental_structured__971003-20260905T091618-8e133f62,development,,,,,2,8,delayed_cue__shared_design,1,1,1,topology,18286185451642315035
compartmental_structured,971003,compartmental_structured__971003-20260905T091618-8e133f62,development,,,,,2,8,delayed_cue__shared_design,1,1,1,world,1621548473777926336
compartmental_structured,971003,compartmental_structured__971003-20260905T091618-8e133f62,development,,,,,2,8,delayed_cue__shared_design,2,1,1,topology,197557007002954786
compartmental_structured,971003,compartmental_structured__971003-20260905T091618-8e133f62,development,,,,,2,8,delayed_cue__shared_design,2,1,1,world,3672371984149684912
compartmental_dense,971001,compartmental_dense__971001-20260905T092312-004a711c,development,,,,,1,1,tracking__shared_design,1,1,1,topology,12002031315881125388
compartmental_dense,971001,compartmental_dense__971001-20260905T092312-004a711c,development,,,,,1,1,tracking__shared_design,1,1,1,world,7834021532100950476
compartmental_dense,971001,compartmental_dense__971001-20260905T092312-004a711c,development,,,,,1,1,tracking__shared_design,2,1,1,topology,14729816305720220701
compartmental_dense,971001,compartmental_dense__971001-20260905T092312-004a711c,development,,,,,1,1,tracking__shared_design,2,1,1,world,11005834865184983681
compartmental_dense,971001,compartmental_dense__971001-20260905T092312-004a711c,development,,,,,1,1,pong__shared_design,1,1,1,topology,14169598423727100033
compartmental_dense,971001,compartmental_dense__971001-20260905T092312-004a711c,development,,,,,1,1,pong__shared_design,1,1,1,world,3361002300127620880
compartmental_dense,971001,compartmental_dense__971001-20260905T092312-004a711c,development,,,,,1,1,pong__shared_design,2,1,1,topology,8148013545343053880
compartmental_dense,971001,compartmental_dense__971001-20260905T092312-004a711c,development,,,,,1,1,pong__shared_design,2,1,1,world,8267688788350042541
compartmental_dense,971001,compartmental_dense__971001-20260905T092312-004a711c,development,,,,,1,1,cartpole_plank_easy__shared_design,1,1,1,topology,12144939525324439618
compartmental_dense,971001,compartmental_dense__971001-20260905T092312-004a711c,development,,,,,1,1,cartpole_plank_easy__shared_design,1,1,1,world,8293367787490496071
compartmental_dense,971001,compartmental_dense__971001-20260905T092312-004a711c,development,,,,,1,1,cartpole_plank_easy__shared_design,2,1,1,topology,3451203021785400996
compartmental_dense,971001,compartmental_dense__971001-20260905T092312-004a711c,development,,,,,1,1,cartpole_plank_easy__shared_design,2,1,1,world,7920892760841653054
compartmental_dense,971001,compartmental_dense__971001-20260905T092312-004a711c,development,,,,,1,1,delayed_cue__shared_design,1,1,1,topology,15048649117302969325
compartmental_dense,971001,compartmental_dense__971001-20260905T092312-004a711c,development,,,,,1,1,delayed_cue__shared_design,1,1,1,world,1621548473777926336
compartmental_dense,971001,compartmental_dense__971001-20260905T092312-004a711c,development,,,,,1,1,delayed_cue__shared_design,2,1,1,topology,12510222290310624681
compartmental_dense,971001,compartmental_dense__971001-20260905T092312-004a711c,development,,,,,1,1,delayed_cue__shared_design,2,1,1,world,3672371984149684912
compartmental_dense,971001,compartmental_dense__971001-20260905T092312-004a711c,development,,,,,1,2,tracking__shared_design,1,1,1,topology,12002031315881125388
compartmental_dense,971001,compartmental_dense__971001-20260905T092312-004a711c,development,,,,,1,2,tracking__shared_design,1,1,1,world,7834021532100950476
compartmental_dense,971001,compartmental_dense__971001-20260905T092312-004a711c,development,,,,,1,2,tracking__shared_design,2,1,1,topology,14729816305720220701
compartmental_dense,971001,compartmental_dense__971001-20260905T092312-004a711c,development,,,,,1,2,tracking__shared_design,2,1,1,world,11005834865184983681
compartmental_dense,971001,compartmental_dense__971001-20260905T092312-004a711c,development,,,,,1,2,pong__shared_design,1,1,1,topology,14169598423727100033
compartmental_dense,971001,compartmental_dense__971001-20260905T092312-004a711c,development,,,,,1,2,pong__shared_design,1,1,1,world,3361002300127620880
compartmental_dense,971001,compartmental_dense__971001-20260905T092312-004a711c,development,,,,,1,2,pong__shared_design,2,1,1,topology,8148013545343053880
compartmental_dense,971001,compartmental_dense__971001-20260905T092312-004a711c,development,,,,,1,2,pong__shared_design,2,1,1,world,8267688788350042541
compartmental_dense,971001,compartmental_dense__971001-20260905T092312-004a711c,development,,,,,1,2,cartpole_plank_easy__shared_design,1,1,1,topology,12144939525324439618
compartmental_dense,971001,compartmental_dense__971001-20260905T092312-004a711c,development,,,,,1,2,cartpole_plank_easy__shared_design,1,1,1,world,8293367787490496071
compartmental_dense,971001,compartmental_dense__971001-20260905T092312-004a711c,development,,,,,1,2,cartpole_plank_easy__shared_design,2,1,1,topology,3451203021785400996
compartmental_dense,971001,compartmental_dense__971001-20260905T092312-004a711c,development,,,,,1,2,cartpole_plank_easy__shared_design,2,1,1,world,7920892760841653054
compartmental_dense,971001,compartmental_dense__971001-20260905T092312-004a711c,development,,,,,1,2,delayed_cue__shared_design,1,1,1,topology,15048649117302969325
compartmental_dense,971001,compartmental_dense__971001-20260905T092312-004a711c,development,,,,,1,2,delayed_cue__shared_design,1,1,1,world,1621548473777926336
compartmental_dense,971001,compartmental_dense__971001-20260905T092312-004a711c,development,,,,,1,2,delayed_cue__shared_design,2,1,1,topology,12510222290310624681
compartmental_dense,971001,compartmental_dense__971001-20260905T092312-004a711c,development,,,,,1,2,delayed_cue__shared_design,2,1,1,world,3672371984149684912
compartmental_dense,971001,compartmental_dense__971001-20260905T092312-004a711c,development,,,,,1,3,tracking__shared_design,1,1,1,topology,12002031315881125388
compartmental_dense,971001,compartmental_dense__971001-20260905T092312-004a711c,development,,,,,1,3,tracking__shared_design,1,1,1,world,7834021532100950476
compartmental_dense,971001,compartmental_dense__971001-20260905T092312-004a711c,development,,,,,1,3,tracking__shared_design,2,1,1,topology,14729816305720220701
compartmental_dense,971001,compartmental_dense__971001-20260905T092312-004a711c,development,,,,,1,3,tracking__shared_design,2,1,1,world,11005834865184983681
compartmental_dense,971001,compartmental_dense__971001-20260905T092312-004a711c,development,,,,,1,3,pong__shared_design,1,1,1,topology,14169598423727100033
compartmental_dense,971001,compartmental_dense__971001-20260905T092312-004a711c,development,,,,,1,3,pong__shared_design,1,1,1,world,3361002300127620880
compartmental_dense,971001,compartmental_dense__971001-20260905T092312-004a711c,development,,,,,1,3,pong__shared_design,2,1,1,topology,8148013545343053880
compartmental_dense,971001,compartmental_dense__971001-20260905T092312-004a711c,development,,,,,1,3,pong__shared_design,2,1,1,world,8267688788350042541
compartmental_dense,971001,compartmental_dense__971001-20260905T092312-004a711c,development,,,,,1,3,cartpole_plank_easy__shared_design,1,1,1,topology,12144939525324439618
compartmental_dense,971001,compartmental_dense__971001-20260905T092312-004a711c,development,,,,,1,3,cartpole_plank_easy__shared_design,1,1,1,world,8293367787490496071
compartmental_dense,971001,compartmental_dense__971001-20260905T092312-004a711c,development,,,,,1,3,cartpole_plank_easy__shared_design,2,1,1,topology,3451203021785400996
compartmental_dense,971001,compartmental_dense__971001-20260905T092312-004a711c,development,,,,,1,3,cartpole_plank_easy__shared_design,2,1,1,world,7920892760841653054
compartmental_dense,971001,compartmental_dense__971001-20260905T092312-004a711c,development,,,,,1,3,delayed_cue__shared_design,1,1,1,topology,15048649117302969325
compartmental_dense,971001,compartmental_dense__971001-20260905T092312-004a711c,development,,,,,1,3,delayed_cue__shared_design,1,1,1,world,1621548473777926336
compartmental_dense,971001,compartmental_dense__971001-20260905T092312-004a711c,development,,,,,1,3,delayed_cue__shared_design,2,1,1,topology,12510222290310624681
compartmental_dense,971001,compartmental_dense__971001-20260905T092312-004a711c,development,,,,,1,3,delayed_cue__shared_design,2,1,1,world,3672371984149684912
compartmental_dense,971001,compartmental_dense__971001-20260905T092312-004a711c,development,,,,,1,4,tracking__shared_design,1,1,1,topology,12002031315881125388
compartmental_dense,971001,compartmental_dense__971001-20260905T092312-004a711c,development,,,,,1,4,tracking__shared_design,1,1,1,world,7834021532100950476
compartmental_dense,971001,compartmental_dense__971001-20260905T092312-004a711c,development,,,,,1,4,tracking__shared_design,2,1,1,topology,14729816305720220701
compartmental_dense,971001,compartmental_dense__971001-20260905T092312-004a711c,development,,,,,1,4,tracking__shared_design,2,1,1,world,11005834865184983681
compartmental_dense,971001,compartmental_dense__971001-20260905T092312-004a711c,development,,,,,1,4,pong__shared_design,1,1,1,topology,14169598423727100033
compartmental_dense,971001,compartmental_dense__971001-20260905T092312-004a711c,development,,,,,1,4,pong__shared_design,1,1,1,world,3361002300127620880
compartmental_dense,971001,compartmental_dense__971001-20260905T092312-004a711c,development,,,,,1,4,pong__shared_design,2,1,1,topology,8148013545343053880
compartmental_dense,971001,compartmental_dense__971001-20260905T092312-004a711c,development,,,,,1,4,pong__shared_design,2,1,1,world,8267688788350042541
compartmental_dense,971001,compartmental_dense__971001-20260905T092312-004a711c,development,,,,,1,4,cartpole_plank_easy__shared_design,1,1,1,topology,12144939525324439618
compartmental_dense,971001,compartmental_dense__971001-20260905T092312-004a711c,development,,,,,1,4,cartpole_plank_easy__shared_design,1,1,1,world,8293367787490496071
compartmental_dense,971001,compartmental_dense__971001-20260905T092312-004a711c,development,,,,,1,4,cartpole_plank_easy__shared_design,2,1,1,topology,3451203021785400996
compartmental_dense,971001,compartmental_dense__971001-20260905T092312-004a711c,development,,,,,1,4,cartpole_plank_easy__shared_design,2,1,1,world,7920892760841653054
compartmental_dense,971001,compartmental_dense__971001-20260905T092312-004a711c,development,,,,,1,4,delayed_cue__shared_design,1,1,1,topology,15048649117302969325
compartmental_dense,971001,compartmental_dense__971001-20260905T092312-004a711c,development,,,,,1,4,delayed_cue__shared_design,1,1,1,world,1621548473777926336
compartmental_dense,971001,compartmental_dense__971001-20260905T092312-004a711c,development,,,,,1,4,delayed_cue__shared_design,2,1,1,topology,12510222290310624681
compartmental_dense,971001,compartmental_dense__971001-20260905T092312-004a711c,development,,,,,1,4,delayed_cue__shared_design,2,1,1,world,3672371984149684912
compartmental_dense,971001,compartmental_dense__971001-20260905T092312-004a711c,development,,,,,2,5,tracking__shared_design,1,1,1,topology,12002031315881125388
compartmental_dense,971001,compartmental_dense__971001-20260905T092312-004a711c,development,,,,,2,5,tracking__shared_design,1,1,1,world,7834021532100950476
compartmental_dense,971001,compartmental_dense__971001-20260905T092312-004a711c,development,,,,,2,5,tracking__shared_design,2,1,1,topology,14729816305720220701
compartmental_dense,971001,compartmental_dense__971001-20260905T092312-004a711c,development,,,,,2,5,tracking__shared_design,2,1,1,world,11005834865184983681
compartmental_dense,971001,compartmental_dense__971001-20260905T092312-004a711c,development,,,,,2,5,pong__shared_design,1,1,1,topology,14169598423727100033
compartmental_dense,971001,compartmental_dense__971001-20260905T092312-004a711c,development,,,,,2,5,pong__shared_design,1,1,1,world,3361002300127620880
compartmental_dense,971001,compartmental_dense__971001-20260905T092312-004a711c,development,,,,,2,5,pong__shared_design,2,1,1,topology,8148013545343053880
compartmental_dense,971001,compartmental_dense__971001-20260905T092312-004a711c,development,,,,,2,5,pong__shared_design,2,1,1,world,8267688788350042541
compartmental_dense,971001,compartmental_dense__971001-20260905T092312-004a711c,development,,,,,2,5,cartpole_plank_easy__shared_design,1,1,1,topology,12144939525324439618
compartmental_dense,971001,compartmental_dense__971001-20260905T092312-004a711c,development,,,,,2,5,cartpole_plank_easy__shared_design,1,1,1,world,8293367787490496071
compartmental_dense,971001,compartmental_dense__971001-20260905T092312-004a711c,development,,,,,2,5,cartpole_plank_easy__shared_design,2,1,1,topology,3451203021785400996
compartmental_dense,971001,compartmental_dense__971001-20260905T092312-004a711c,development,,,,,2,5,cartpole_plank_easy__shared_design,2,1,1,world,7920892760841653054
compartmental_dense,971001,compartmental_dense__971001-20260905T092312-004a711c,development,,,,,2,5,delayed_cue__shared_design,1,1,1,topology,15048649117302969325
compartmental_dense,971001,compartmental_dense__971001-20260905T092312-004a711c,development,,,,,2,5,delayed_cue__shared_design,1,1,1,world,1621548473777926336
compartmental_dense,971001,compartmental_dense__971001-20260905T092312-004a711c,development,,,,,2,5,delayed_cue__shared_design,2,1,1,topology,12510222290310624681
compartmental_dense,971001,compartmental_dense__971001-20260905T092312-004a711c,development,,,,,2,5,delayed_cue__shared_design,2,1,1,world,3672371984149684912
compartmental_dense,971001,compartmental_dense__971001-20260905T092312-004a711c,development,,,,,2,6,tracking__shared_design,1,1,1,topology,12002031315881125388
compartmental_dense,971001,compartmental_dense__971001-20260905T092312-004a711c,development,,,,,2,6,tracking__shared_design,1,1,1,world,7834021532100950476
compartmental_dense,971001,compartmental_dense__971001-20260905T092312-004a711c,development,,,,,2,6,tracking__shared_design,2,1,1,topology,14729816305720220701
compartmental_dense,971001,compartmental_dense__971001-20260905T092312-004a711c,development,,,,,2,6,tracking__shared_design,2,1,1,world,11005834865184983681
compartmental_dense,971001,compartmental_dense__971001-20260905T092312-004a711c,development,,,,,2,6,pong__shared_design,1,1,1,topology,14169598423727100033
compartmental_dense,971001,compartmental_dense__971001-20260905T092312-004a711c,development,,,,,2,6,pong__shared_design,1,1,1,world,3361002300127620880
compartmental_dense,971001,compartmental_dense__971001-20260905T092312-004a711c,development,,,,,2,6,pong__shared_design,2,1,1,topology,8148013545343053880
compartmental_dense,971001,compartmental_dense__971001-20260905T092312-004a711c,development,,,,,2,6,pong__shared_design,2,1,1,world,8267688788350042541
compartmental_dense,971001,compartmental_dense__971001-20260905T092312-004a711c,development,,,,,2,6,cartpole_plank_easy__shared_design,1,1,1,topology,12144939525324439618
compartmental_dense,971001,compartmental_dense__971001-20260905T092312-004a711c,development,,,,,2,6,cartpole_plank_easy__shared_design,1,1,1,world,8293367787490496071
compartmental_dense,971001,compartmental_dense__971001-20260905T092312-004a711c,development,,,,,2,6,cartpole_plank_easy__shared_design,2,1,1,topology,3451203021785400996
compartmental_dense,971001,compartmental_dense__971001-20260905T092312-004a711c,development,,,,,2,6,cartpole_plank_easy__shared_design,2,1,1,world,7920892760841653054
compartmental_dense,971001,compartmental_dense__971001-20260905T092312-004a711c,development,,,,,2,6,delayed_cue__shared_design,1,1,1,topology,15048649117302969325
compartmental_dense,971001,compartmental_dense__971001-20260905T092312-004a711c,development,,,,,2,6,delayed_cue__shared_design,1,1,1,world,1621548473777926336
compartmental_dense,971001,compartmental_dense__971001-20260905T092312-004a711c,development,,,,,2,6,delayed_cue__shared_design,2,1,1,topology,12510222290310624681
compartmental_dense,971001,compartmental_dense__971001-20260905T092312-004a711c,development,,,,,2,6,delayed_cue__shared_design,2,1,1,world,3672371984149684912
compartmental_dense,971001,compartmental_dense__971001-20260905T092312-004a711c,development,,,,,2,7,tracking__shared_design,1,1,1,topology,12002031315881125388
compartmental_dense,971001,compartmental_dense__971001-20260905T092312-004a711c,development,,,,,2,7,tracking__shared_design,1,1,1,world,7834021532100950476
compartmental_dense,971001,compartmental_dense__971001-20260905T092312-004a711c,development,,,,,2,7,tracking__shared_design,2,1,1,topology,14729816305720220701
compartmental_dense,971001,compartmental_dense__971001-20260905T092312-004a711c,development,,,,,2,7,tracking__shared_design,2,1,1,world,11005834865184983681
compartmental_dense,971001,compartmental_dense__971001-20260905T092312-004a711c,development,,,,,2,7,pong__shared_design,1,1,1,topology,14169598423727100033
compartmental_dense,971001,compartmental_dense__971001-20260905T092312-004a711c,development,,,,,2,7,pong__shared_design,1,1,1,world,3361002300127620880
compartmental_dense,971001,compartmental_dense__971001-20260905T092312-004a711c,development,,,,,2,7,pong__shared_design,2,1,1,topology,8148013545343053880
compartmental_dense,971001,compartmental_dense__971001-20260905T092312-004a711c,development,,,,,2,7,pong__shared_design,2,1,1,world,8267688788350042541
compartmental_dense,971001,compartmental_dense__971001-20260905T092312-004a711c,development,,,,,2,7,cartpole_plank_easy__shared_design,1,1,1,topology,12144939525324439618
compartmental_dense,971001,compartmental_dense__971001-20260905T092312-004a711c,development,,,,,2,7,cartpole_plank_easy__shared_design,1,1,1,world,8293367787490496071
compartmental_dense,971001,compartmental_dense__971001-20260905T092312-004a711c,development,,,,,2,7,cartpole_plank_easy__shared_design,2,1,1,topology,3451203021785400996
compartmental_dense,971001,compartmental_dense__971001-20260905T092312-004a711c,development,,,,,2,7,cartpole_plank_easy__shared_design,2,1,1,world,7920892760841653054
compartmental_dense,971001,compartmental_dense__971001-20260905T092312-004a711c,development,,,,,2,7,delayed_cue__shared_design,1,1,1,topology,15048649117302969325
compartmental_dense,971001,compartmental_dense__971001-20260905T092312-004a711c,development,,,,,2,7,delayed_cue__shared_design,1,1,1,world,1621548473777926336
compartmental_dense,971001,compartmental_dense__971001-20260905T092312-004a711c,development,,,,,2,7,delayed_cue__shared_design,2,1,1,topology,12510222290310624681
compartmental_dense,971001,compartmental_dense__971001-20260905T092312-004a711c,development,,,,,2,7,delayed_cue__shared_design,2,1,1,world,3672371984149684912
compartmental_dense,971001,compartmental_dense__971001-20260905T092312-004a711c,development,,,,,2,8,tracking__shared_design,1,1,1,topology,12002031315881125388
compartmental_dense,971001,compartmental_dense__971001-20260905T092312-004a711c,development,,,,,2,8,tracking__shared_design,1,1,1,world,7834021532100950476
compartmental_dense,971001,compartmental_dense__971001-20260905T092312-004a711c,development,,,,,2,8,tracking__shared_design,2,1,1,topology,14729816305720220701
compartmental_dense,971001,compartmental_dense__971001-20260905T092312-004a711c,development,,,,,2,8,tracking__shared_design,2,1,1,world,11005834865184983681
compartmental_dense,971001,compartmental_dense__971001-20260905T092312-004a711c,development,,,,,2,8,pong__shared_design,1,1,1,topology,14169598423727100033
compartmental_dense,971001,compartmental_dense__971001-20260905T092312-004a711c,development,,,,,2,8,pong__shared_design,1,1,1,world,3361002300127620880
compartmental_dense,971001,compartmental_dense__971001-20260905T092312-004a711c,development,,,,,2,8,pong__shared_design,2,1,1,topology,8148013545343053880
compartmental_dense,971001,compartmental_dense__971001-20260905T092312-004a711c,development,,,,,2,8,pong__shared_design,2,1,1,world,8267688788350042541
compartmental_dense,971001,compartmental_dense__971001-20260905T092312-004a711c,development,,,,,2,8,cartpole_plank_easy__shared_design,1,1,1,topology,12144939525324439618
compartmental_dense,971001,compartmental_dense__971001-20260905T092312-004a711c,development,,,,,2,8,cartpole_plank_easy__shared_design,1,1,1,world,8293367787490496071
compartmental_dense,971001,compartmental_dense__971001-20260905T092312-004a711c,development,,,,,2,8,cartpole_plank_easy__shared_design,2,1,1,topology,3451203021785400996
compartmental_dense,971001,compartmental_dense__971001-20260905T092312-004a711c,development,,,,,2,8,cartpole_plank_easy__shared_design,2,1,1,world,7920892760841653054
compartmental_dense,971001,compartmental_dense__971001-20260905T092312-004a711c,development,,,,,2,8,delayed_cue__shared_design,1,1,1,topology,15048649117302969325
compartmental_dense,971001,compartmental_dense__971001-20260905T092312-004a711c,development,,,,,2,8,delayed_cue__shared_design,1,1,1,world,1621548473777926336
compartmental_dense,971001,compartmental_dense__971001-20260905T092312-004a711c,development,,,,,2,8,delayed_cue__shared_design,2,1,1,topology,12510222290310624681
compartmental_dense,971001,compartmental_dense__971001-20260905T092312-004a711c,development,,,,,2,8,delayed_cue__shared_design,2,1,1,world,3672371984149684912
compartmental_dense,971002,compartmental_dense__971002-20260905T092940-4adff939,development,,,,,1,1,tracking__shared_design,1,1,1,topology,12002031315881125388
compartmental_dense,971002,compartmental_dense__971002-20260905T092940-4adff939,development,,,,,1,1,tracking__shared_design,1,1,1,world,7834021532100950476
compartmental_dense,971002,compartmental_dense__971002-20260905T092940-4adff939,development,,,,,1,1,tracking__shared_design,2,1,1,topology,14729816305720220701
compartmental_dense,971002,compartmental_dense__971002-20260905T092940-4adff939,development,,,,,1,1,tracking__shared_design,2,1,1,world,11005834865184983681
compartmental_dense,971002,compartmental_dense__971002-20260905T092940-4adff939,development,,,,,1,1,pong__shared_design,1,1,1,topology,14169598423727100033
compartmental_dense,971002,compartmental_dense__971002-20260905T092940-4adff939,development,,,,,1,1,pong__shared_design,1,1,1,world,3361002300127620880
compartmental_dense,971002,compartmental_dense__971002-20260905T092940-4adff939,development,,,,,1,1,pong__shared_design,2,1,1,topology,8148013545343053880
compartmental_dense,971002,compartmental_dense__971002-20260905T092940-4adff939,development,,,,,1,1,pong__shared_design,2,1,1,world,8267688788350042541
compartmental_dense,971002,compartmental_dense__971002-20260905T092940-4adff939,development,,,,,1,1,cartpole_plank_easy__shared_design,1,1,1,topology,12144939525324439618
compartmental_dense,971002,compartmental_dense__971002-20260905T092940-4adff939,development,,,,,1,1,cartpole_plank_easy__shared_design,1,1,1,world,8293367787490496071
compartmental_dense,971002,compartmental_dense__971002-20260905T092940-4adff939,development,,,,,1,1,cartpole_plank_easy__shared_design,2,1,1,topology,3451203021785400996
compartmental_dense,971002,compartmental_dense__971002-20260905T092940-4adff939,development,,,,,1,1,cartpole_plank_easy__shared_design,2,1,1,world,7920892760841653054
compartmental_dense,971002,compartmental_dense__971002-20260905T092940-4adff939,development,,,,,1,1,delayed_cue__shared_design,1,1,1,topology,15048649117302969325
compartmental_dense,971002,compartmental_dense__971002-20260905T092940-4adff939,development,,,,,1,1,delayed_cue__shared_design,1,1,1,world,1621548473777926336
compartmental_dense,971002,compartmental_dense__971002-20260905T092940-4adff939,development,,,,,1,1,delayed_cue__shared_design,2,1,1,topology,12510222290310624681
compartmental_dense,971002,compartmental_dense__971002-20260905T092940-4adff939,development,,,,,1,1,delayed_cue__shared_design,2,1,1,world,3672371984149684912
compartmental_dense,971002,compartmental_dense__971002-20260905T092940-4adff939,development,,,,,1,2,tracking__shared_design,1,1,1,topology,12002031315881125388
compartmental_dense,971002,compartmental_dense__971002-20260905T092940-4adff939,development,,,,,1,2,tracking__shared_design,1,1,1,world,7834021532100950476
compartmental_dense,971002,compartmental_dense__971002-20260905T092940-4adff939,development,,,,,1,2,tracking__shared_design,2,1,1,topology,14729816305720220701
compartmental_dense,971002,compartmental_dense__971002-20260905T092940-4adff939,development,,,,,1,2,tracking__shared_design,2,1,1,world,11005834865184983681
compartmental_dense,971002,compartmental_dense__971002-20260905T092940-4adff939,development,,,,,1,2,pong__shared_design,1,1,1,topology,14169598423727100033
compartmental_dense,971002,compartmental_dense__971002-20260905T092940-4adff939,development,,,,,1,2,pong__shared_design,1,1,1,world,3361002300127620880
compartmental_dense,971002,compartmental_dense__971002-20260905T092940-4adff939,development,,,,,1,2,pong__shared_design,2,1,1,topology,8148013545343053880
compartmental_dense,971002,compartmental_dense__971002-20260905T092940-4adff939,development,,,,,1,2,pong__shared_design,2,1,1,world,8267688788350042541
compartmental_dense,971002,compartmental_dense__971002-20260905T092940-4adff939,development,,,,,1,2,cartpole_plank_easy__shared_design,1,1,1,topology,12144939525324439618
compartmental_dense,971002,compartmental_dense__971002-20260905T092940-4adff939,development,,,,,1,2,cartpole_plank_easy__shared_design,1,1,1,world,8293367787490496071
compartmental_dense,971002,compartmental_dense__971002-20260905T092940-4adff939,development,,,,,1,2,cartpole_plank_easy__shared_design,2,1,1,topology,3451203021785400996
compartmental_dense,971002,compartmental_dense__971002-20260905T092940-4adff939,development,,,,,1,2,cartpole_plank_easy__shared_design,2,1,1,world,7920892760841653054
compartmental_dense,971002,compartmental_dense__971002-20260905T092940-4adff939,development,,,,,1,2,delayed_cue__shared_design,1,1,1,topology,15048649117302969325
compartmental_dense,971002,compartmental_dense__971002-20260905T092940-4adff939,development,,,,,1,2,delayed_cue__shared_design,1,1,1,world,1621548473777926336
compartmental_dense,971002,compartmental_dense__971002-20260905T092940-4adff939,development,,,,,1,2,delayed_cue__shared_design,2,1,1,topology,12510222290310624681
compartmental_dense,971002,compartmental_dense__971002-20260905T092940-4adff939,development,,,,,1,2,delayed_cue__shared_design,2,1,1,world,3672371984149684912
compartmental_dense,971002,compartmental_dense__971002-20260905T092940-4adff939,development,,,,,1,3,tracking__shared_design,1,1,1,topology,12002031315881125388
compartmental_dense,971002,compartmental_dense__971002-20260905T092940-4adff939,development,,,,,1,3,tracking__shared_design,1,1,1,world,7834021532100950476
compartmental_dense,971002,compartmental_dense__971002-20260905T092940-4adff939,development,,,,,1,3,tracking__shared_design,2,1,1,topology,14729816305720220701
compartmental_dense,971002,compartmental_dense__971002-20260905T092940-4adff939,development,,,,,1,3,tracking__shared_design,2,1,1,world,11005834865184983681
compartmental_dense,971002,compartmental_dense__971002-20260905T092940-4adff939,development,,,,,1,3,pong__shared_design,1,1,1,topology,14169598423727100033
compartmental_dense,971002,compartmental_dense__971002-20260905T092940-4adff939,development,,,,,1,3,pong__shared_design,1,1,1,world,3361002300127620880
compartmental_dense,971002,compartmental_dense__971002-20260905T092940-4adff939,development,,,,,1,3,pong__shared_design,2,1,1,topology,8148013545343053880
compartmental_dense,971002,compartmental_dense__971002-20260905T092940-4adff939,development,,,,,1,3,pong__shared_design,2,1,1,world,8267688788350042541
compartmental_dense,971002,compartmental_dense__971002-20260905T092940-4adff939,development,,,,,1,3,cartpole_plank_easy__shared_design,1,1,1,topology,12144939525324439618
compartmental_dense,971002,compartmental_dense__971002-20260905T092940-4adff939,development,,,,,1,3,cartpole_plank_easy__shared_design,1,1,1,world,8293367787490496071
compartmental_dense,971002,compartmental_dense__971002-20260905T092940-4adff939,development,,,,,1,3,cartpole_plank_easy__shared_design,2,1,1,topology,3451203021785400996
compartmental_dense,971002,compartmental_dense__971002-20260905T092940-4adff939,development,,,,,1,3,cartpole_plank_easy__shared_design,2,1,1,world,7920892760841653054
compartmental_dense,971002,compartmental_dense__971002-20260905T092940-4adff939,development,,,,,1,3,delayed_cue__shared_design,1,1,1,topology,15048649117302969325
compartmental_dense,971002,compartmental_dense__971002-20260905T092940-4adff939,development,,,,,1,3,delayed_cue__shared_design,1,1,1,world,1621548473777926336
compartmental_dense,971002,compartmental_dense__971002-20260905T092940-4adff939,development,,,,,1,3,delayed_cue__shared_design,2,1,1,topology,12510222290310624681
compartmental_dense,971002,compartmental_dense__971002-20260905T092940-4adff939,development,,,,,1,3,delayed_cue__shared_design,2,1,1,world,3672371984149684912
compartmental_dense,971002,compartmental_dense__971002-20260905T092940-4adff939,development,,,,,1,4,tracking__shared_design,1,1,1,topology,12002031315881125388
compartmental_dense,971002,compartmental_dense__971002-20260905T092940-4adff939,development,,,,,1,4,tracking__shared_design,1,1,1,world,7834021532100950476
compartmental_dense,971002,compartmental_dense__971002-20260905T092940-4adff939,development,,,,,1,4,tracking__shared_design,2,1,1,topology,14729816305720220701
compartmental_dense,971002,compartmental_dense__971002-20260905T092940-4adff939,development,,,,,1,4,tracking__shared_design,2,1,1,world,11005834865184983681
compartmental_dense,971002,compartmental_dense__971002-20260905T092940-4adff939,development,,,,,1,4,pong__shared_design,1,1,1,topology,14169598423727100033
compartmental_dense,971002,compartmental_dense__971002-20260905T092940-4adff939,development,,,,,1,4,pong__shared_design,1,1,1,world,3361002300127620880
compartmental_dense,971002,compartmental_dense__971002-20260905T092940-4adff939,development,,,,,1,4,pong__shared_design,2,1,1,topology,8148013545343053880
compartmental_dense,971002,compartmental_dense__971002-20260905T092940-4adff939,development,,,,,1,4,pong__shared_design,2,1,1,world,8267688788350042541
compartmental_dense,971002,compartmental_dense__971002-20260905T092940-4adff939,development,,,,,1,4,cartpole_plank_easy__shared_design,1,1,1,topology,12144939525324439618
compartmental_dense,971002,compartmental_dense__971002-20260905T092940-4adff939,development,,,,,1,4,cartpole_plank_easy__shared_design,1,1,1,world,8293367787490496071
compartmental_dense,971002,compartmental_dense__971002-20260905T092940-4adff939,development,,,,,1,4,cartpole_plank_easy__shared_design,2,1,1,topology,3451203021785400996
compartmental_dense,971002,compartmental_dense__971002-20260905T092940-4adff939,development,,,,,1,4,cartpole_plank_easy__shared_design,2,1,1,world,7920892760841653054
compartmental_dense,971002,compartmental_dense__971002-20260905T092940-4adff939,development,,,,,1,4,delayed_cue__shared_design,1,1,1,topology,15048649117302969325
compartmental_dense,971002,compartmental_dense__971002-20260905T092940-4adff939,development,,,,,1,4,delayed_cue__shared_design,1,1,1,world,1621548473777926336
compartmental_dense,971002,compartmental_dense__971002-20260905T092940-4adff939,development,,,,,1,4,delayed_cue__shared_design,2,1,1,topology,12510222290310624681
compartmental_dense,971002,compartmental_dense__971002-20260905T092940-4adff939,development,,,,,1,4,delayed_cue__shared_design,2,1,1,world,3672371984149684912
compartmental_dense,971002,compartmental_dense__971002-20260905T092940-4adff939,development,,,,,2,5,tracking__shared_design,1,1,1,topology,12002031315881125388
compartmental_dense,971002,compartmental_dense__971002-20260905T092940-4adff939,development,,,,,2,5,tracking__shared_design,1,1,1,world,7834021532100950476
compartmental_dense,971002,compartmental_dense__971002-20260905T092940-4adff939,development,,,,,2,5,tracking__shared_design,2,1,1,topology,14729816305720220701
compartmental_dense,971002,compartmental_dense__971002-20260905T092940-4adff939,development,,,,,2,5,tracking__shared_design,2,1,1,world,11005834865184983681
compartmental_dense,971002,compartmental_dense__971002-20260905T092940-4adff939,development,,,,,2,5,pong__shared_design,1,1,1,topology,14169598423727100033
compartmental_dense,971002,compartmental_dense__971002-20260905T092940-4adff939,development,,,,,2,5,pong__shared_design,1,1,1,world,3361002300127620880
compartmental_dense,971002,compartmental_dense__971002-20260905T092940-4adff939,development,,,,,2,5,pong__shared_design,2,1,1,topology,8148013545343053880
compartmental_dense,971002,compartmental_dense__971002-20260905T092940-4adff939,development,,,,,2,5,pong__shared_design,2,1,1,world,8267688788350042541
compartmental_dense,971002,compartmental_dense__971002-20260905T092940-4adff939,development,,,,,2,5,cartpole_plank_easy__shared_design,1,1,1,topology,12144939525324439618
compartmental_dense,971002,compartmental_dense__971002-20260905T092940-4adff939,development,,,,,2,5,cartpole_plank_easy__shared_design,1,1,1,world,8293367787490496071
compartmental_dense,971002,compartmental_dense__971002-20260905T092940-4adff939,development,,,,,2,5,cartpole_plank_easy__shared_design,2,1,1,topology,3451203021785400996
compartmental_dense,971002,compartmental_dense__971002-20260905T092940-4adff939,development,,,,,2,5,cartpole_plank_easy__shared_design,2,1,1,world,7920892760841653054
compartmental_dense,971002,compartmental_dense__971002-20260905T092940-4adff939,development,,,,,2,5,delayed_cue__shared_design,1,1,1,topology,15048649117302969325
compartmental_dense,971002,compartmental_dense__971002-20260905T092940-4adff939,development,,,,,2,5,delayed_cue__shared_design,1,1,1,world,1621548473777926336
compartmental_dense,971002,compartmental_dense__971002-20260905T092940-4adff939,development,,,,,2,5,delayed_cue__shared_design,2,1,1,topology,12510222290310624681
compartmental_dense,971002,compartmental_dense__971002-20260905T092940-4adff939,development,,,,,2,5,delayed_cue__shared_design,2,1,1,world,3672371984149684912
compartmental_dense,971002,compartmental_dense__971002-20260905T092940-4adff939,development,,,,,2,6,tracking__shared_design,1,1,1,topology,12002031315881125388
compartmental_dense,971002,compartmental_dense__971002-20260905T092940-4adff939,development,,,,,2,6,tracking__shared_design,1,1,1,world,7834021532100950476
compartmental_dense,971002,compartmental_dense__971002-20260905T092940-4adff939,development,,,,,2,6,tracking__shared_design,2,1,1,topology,14729816305720220701
compartmental_dense,971002,compartmental_dense__971002-20260905T092940-4adff939,development,,,,,2,6,tracking__shared_design,2,1,1,world,11005834865184983681
compartmental_dense,971002,compartmental_dense__971002-20260905T092940-4adff939,development,,,,,2,6,pong__shared_design,1,1,1,topology,14169598423727100033
compartmental_dense,971002,compartmental_dense__971002-20260905T092940-4adff939,development,,,,,2,6,pong__shared_design,1,1,1,world,3361002300127620880
compartmental_dense,971002,compartmental_dense__971002-20260905T092940-4adff939,development,,,,,2,6,pong__shared_design,2,1,1,topology,8148013545343053880
compartmental_dense,971002,compartmental_dense__971002-20260905T092940-4adff939,development,,,,,2,6,pong__shared_design,2,1,1,world,8267688788350042541
compartmental_dense,971002,compartmental_dense__971002-20260905T092940-4adff939,development,,,,,2,6,cartpole_plank_easy__shared_design,1,1,1,topology,12144939525324439618
compartmental_dense,971002,compartmental_dense__971002-20260905T092940-4adff939,development,,,,,2,6,cartpole_plank_easy__shared_design,1,1,1,world,8293367787490496071
compartmental_dense,971002,compartmental_dense__971002-20260905T092940-4adff939,development,,,,,2,6,cartpole_plank_easy__shared_design,2,1,1,topology,3451203021785400996
compartmental_dense,971002,compartmental_dense__971002-20260905T092940-4adff939,development,,,,,2,6,cartpole_plank_easy__shared_design,2,1,1,world,7920892760841653054
compartmental_dense,971002,compartmental_dense__971002-20260905T092940-4adff939,development,,,,,2,6,delayed_cue__shared_design,1,1,1,topology,15048649117302969325
compartmental_dense,971002,compartmental_dense__971002-20260905T092940-4adff939,development,,,,,2,6,delayed_cue__shared_design,1,1,1,world,1621548473777926336
compartmental_dense,971002,compartmental_dense__971002-20260905T092940-4adff939,development,,,,,2,6,delayed_cue__shared_design,2,1,1,topology,12510222290310624681
compartmental_dense,971002,compartmental_dense__971002-20260905T092940-4adff939,development,,,,,2,6,delayed_cue__shared_design,2,1,1,world,3672371984149684912
compartmental_dense,971002,compartmental_dense__971002-20260905T092940-4adff939,development,,,,,2,7,tracking__shared_design,1,1,1,topology,12002031315881125388
compartmental_dense,971002,compartmental_dense__971002-20260905T092940-4adff939,development,,,,,2,7,tracking__shared_design,1,1,1,world,7834021532100950476
compartmental_dense,971002,compartmental_dense__971002-20260905T092940-4adff939,development,,,,,2,7,tracking__shared_design,2,1,1,topology,14729816305720220701
compartmental_dense,971002,compartmental_dense__971002-20260905T092940-4adff939,development,,,,,2,7,tracking__shared_design,2,1,1,world,11005834865184983681
compartmental_dense,971002,compartmental_dense__971002-20260905T092940-4adff939,development,,,,,2,7,pong__shared_design,1,1,1,topology,14169598423727100033
compartmental_dense,971002,compartmental_dense__971002-20260905T092940-4adff939,development,,,,,2,7,pong__shared_design,1,1,1,world,3361002300127620880
compartmental_dense,971002,compartmental_dense__971002-20260905T092940-4adff939,development,,,,,2,7,pong__shared_design,2,1,1,topology,8148013545343053880
compartmental_dense,971002,compartmental_dense__971002-20260905T092940-4adff939,development,,,,,2,7,pong__shared_design,2,1,1,world,8267688788350042541
compartmental_dense,971002,compartmental_dense__971002-20260905T092940-4adff939,development,,,,,2,7,cartpole_plank_easy__shared_design,1,1,1,topology,12144939525324439618
compartmental_dense,971002,compartmental_dense__971002-20260905T092940-4adff939,development,,,,,2,7,cartpole_plank_easy__shared_design,1,1,1,world,8293367787490496071
compartmental_dense,971002,compartmental_dense__971002-20260905T092940-4adff939,development,,,,,2,7,cartpole_plank_easy__shared_design,2,1,1,topology,3451203021785400996
compartmental_dense,971002,compartmental_dense__971002-20260905T092940-4adff939,development,,,,,2,7,cartpole_plank_easy__shared_design,2,1,1,world,7920892760841653054
compartmental_dense,971002,compartmental_dense__971002-20260905T092940-4adff939,development,,,,,2,7,delayed_cue__shared_design,1,1,1,topology,15048649117302969325
compartmental_dense,971002,compartmental_dense__971002-20260905T092940-4adff939,development,,,,,2,7,delayed_cue__shared_design,1,1,1,world,1621548473777926336
compartmental_dense,971002,compartmental_dense__971002-20260905T092940-4adff939,development,,,,,2,7,delayed_cue__shared_design,2,1,1,topology,12510222290310624681
compartmental_dense,971002,compartmental_dense__971002-20260905T092940-4adff939,development,,,,,2,7,delayed_cue__shared_design,2,1,1,world,3672371984149684912
compartmental_dense,971002,compartmental_dense__971002-20260905T092940-4adff939,development,,,,,2,8,tracking__shared_design,1,1,1,topology,12002031315881125388
compartmental_dense,971002,compartmental_dense__971002-20260905T092940-4adff939,development,,,,,2,8,tracking__shared_design,1,1,1,world,7834021532100950476
compartmental_dense,971002,compartmental_dense__971002-20260905T092940-4adff939,development,,,,,2,8,tracking__shared_design,2,1,1,topology,14729816305720220701
compartmental_dense,971002,compartmental_dense__971002-20260905T092940-4adff939,development,,,,,2,8,tracking__shared_design,2,1,1,world,11005834865184983681
compartmental_dense,971002,compartmental_dense__971002-20260905T092940-4adff939,development,,,,,2,8,pong__shared_design,1,1,1,topology,14169598423727100033
compartmental_dense,971002,compartmental_dense__971002-20260905T092940-4adff939,development,,,,,2,8,pong__shared_design,1,1,1,world,3361002300127620880
compartmental_dense,971002,compartmental_dense__971002-20260905T092940-4adff939,development,,,,,2,8,pong__shared_design,2,1,1,topology,8148013545343053880
compartmental_dense,971002,compartmental_dense__971002-20260905T092940-4adff939,development,,,,,2,8,pong__shared_design,2,1,1,world,8267688788350042541
compartmental_dense,971002,compartmental_dense__971002-20260905T092940-4adff939,development,,,,,2,8,cartpole_plank_easy__shared_design,1,1,1,topology,12144939525324439618
compartmental_dense,971002,compartmental_dense__971002-20260905T092940-4adff939,development,,,,,2,8,cartpole_plank_easy__shared_design,1,1,1,world,8293367787490496071
compartmental_dense,971002,compartmental_dense__971002-20260905T092940-4adff939,development,,,,,2,8,cartpole_plank_easy__shared_design,2,1,1,topology,3451203021785400996
compartmental_dense,971002,compartmental_dense__971002-20260905T092940-4adff939,development,,,,,2,8,cartpole_plank_easy__shared_design,2,1,1,world,7920892760841653054
compartmental_dense,971002,compartmental_dense__971002-20260905T092940-4adff939,development,,,,,2,8,delayed_cue__shared_design,1,1,1,topology,15048649117302969325
compartmental_dense,971002,compartmental_dense__971002-20260905T092940-4adff939,development,,,,,2,8,delayed_cue__shared_design,1,1,1,world,1621548473777926336
compartmental_dense,971002,compartmental_dense__971002-20260905T092940-4adff939,development,,,,,2,8,delayed_cue__shared_design,2,1,1,topology,12510222290310624681
compartmental_dense,971002,compartmental_dense__971002-20260905T092940-4adff939,development,,,,,2,8,delayed_cue__shared_design,2,1,1,world,3672371984149684912
compartmental_dense,971003,compartmental_dense__971003-20260905T093619-2411233e,development,,,,,1,1,tracking__shared_design,1,1,1,topology,12002031315881125388
compartmental_dense,971003,compartmental_dense__971003-20260905T093619-2411233e,development,,,,,1,1,tracking__shared_design,1,1,1,world,7834021532100950476
compartmental_dense,971003,compartmental_dense__971003-20260905T093619-2411233e,development,,,,,1,1,tracking__shared_design,2,1,1,topology,14729816305720220701
compartmental_dense,971003,compartmental_dense__971003-20260905T093619-2411233e,development,,,,,1,1,tracking__shared_design,2,1,1,world,11005834865184983681
compartmental_dense,971003,compartmental_dense__971003-20260905T093619-2411233e,development,,,,,1,1,pong__shared_design,1,1,1,topology,14169598423727100033
compartmental_dense,971003,compartmental_dense__971003-20260905T093619-2411233e,development,,,,,1,1,pong__shared_design,1,1,1,world,3361002300127620880
compartmental_dense,971003,compartmental_dense__971003-20260905T093619-2411233e,development,,,,,1,1,pong__shared_design,2,1,1,topology,8148013545343053880
compartmental_dense,971003,compartmental_dense__971003-20260905T093619-2411233e,development,,,,,1,1,pong__shared_design,2,1,1,world,8267688788350042541
compartmental_dense,971003,compartmental_dense__971003-20260905T093619-2411233e,development,,,,,1,1,cartpole_plank_easy__shared_design,1,1,1,topology,12144939525324439618
compartmental_dense,971003,compartmental_dense__971003-20260905T093619-2411233e,development,,,,,1,1,cartpole_plank_easy__shared_design,1,1,1,world,8293367787490496071
compartmental_dense,971003,compartmental_dense__971003-20260905T093619-2411233e,development,,,,,1,1,cartpole_plank_easy__shared_design,2,1,1,topology,3451203021785400996
compartmental_dense,971003,compartmental_dense__971003-20260905T093619-2411233e,development,,,,,1,1,cartpole_plank_easy__shared_design,2,1,1,world,7920892760841653054
compartmental_dense,971003,compartmental_dense__971003-20260905T093619-2411233e,development,,,,,1,1,delayed_cue__shared_design,1,1,1,topology,15048649117302969325
compartmental_dense,971003,compartmental_dense__971003-20260905T093619-2411233e,development,,,,,1,1,delayed_cue__shared_design,1,1,1,world,1621548473777926336
compartmental_dense,971003,compartmental_dense__971003-20260905T093619-2411233e,development,,,,,1,1,delayed_cue__shared_design,2,1,1,topology,12510222290310624681
compartmental_dense,971003,compartmental_dense__971003-20260905T093619-2411233e,development,,,,,1,1,delayed_cue__shared_design,2,1,1,world,3672371984149684912
compartmental_dense,971003,compartmental_dense__971003-20260905T093619-2411233e,development,,,,,1,2,tracking__shared_design,1,1,1,topology,12002031315881125388
compartmental_dense,971003,compartmental_dense__971003-20260905T093619-2411233e,development,,,,,1,2,tracking__shared_design,1,1,1,world,7834021532100950476
compartmental_dense,971003,compartmental_dense__971003-20260905T093619-2411233e,development,,,,,1,2,tracking__shared_design,2,1,1,topology,14729816305720220701
compartmental_dense,971003,compartmental_dense__971003-20260905T093619-2411233e,development,,,,,1,2,tracking__shared_design,2,1,1,world,11005834865184983681
compartmental_dense,971003,compartmental_dense__971003-20260905T093619-2411233e,development,,,,,1,2,pong__shared_design,1,1,1,topology,14169598423727100033
compartmental_dense,971003,compartmental_dense__971003-20260905T093619-2411233e,development,,,,,1,2,pong__shared_design,1,1,1,world,3361002300127620880
compartmental_dense,971003,compartmental_dense__971003-20260905T093619-2411233e,development,,,,,1,2,pong__shared_design,2,1,1,topology,8148013545343053880
compartmental_dense,971003,compartmental_dense__971003-20260905T093619-2411233e,development,,,,,1,2,pong__shared_design,2,1,1,world,8267688788350042541
compartmental_dense,971003,compartmental_dense__971003-20260905T093619-2411233e,development,,,,,1,2,cartpole_plank_easy__shared_design,1,1,1,topology,12144939525324439618
compartmental_dense,971003,compartmental_dense__971003-20260905T093619-2411233e,development,,,,,1,2,cartpole_plank_easy__shared_design,1,1,1,world,8293367787490496071
compartmental_dense,971003,compartmental_dense__971003-20260905T093619-2411233e,development,,,,,1,2,cartpole_plank_easy__shared_design,2,1,1,topology,3451203021785400996
compartmental_dense,971003,compartmental_dense__971003-20260905T093619-2411233e,development,,,,,1,2,cartpole_plank_easy__shared_design,2,1,1,world,7920892760841653054
compartmental_dense,971003,compartmental_dense__971003-20260905T093619-2411233e,development,,,,,1,2,delayed_cue__shared_design,1,1,1,topology,15048649117302969325
compartmental_dense,971003,compartmental_dense__971003-20260905T093619-2411233e,development,,,,,1,2,delayed_cue__shared_design,1,1,1,world,1621548473777926336
compartmental_dense,971003,compartmental_dense__971003-20260905T093619-2411233e,development,,,,,1,2,delayed_cue__shared_design,2,1,1,topology,12510222290310624681
compartmental_dense,971003,compartmental_dense__971003-20260905T093619-2411233e,development,,,,,1,2,delayed_cue__shared_design,2,1,1,world,3672371984149684912
compartmental_dense,971003,compartmental_dense__971003-20260905T093619-2411233e,development,,,,,1,3,tracking__shared_design,1,1,1,topology,12002031315881125388
compartmental_dense,971003,compartmental_dense__971003-20260905T093619-2411233e,development,,,,,1,3,tracking__shared_design,1,1,1,world,7834021532100950476
compartmental_dense,971003,compartmental_dense__971003-20260905T093619-2411233e,development,,,,,1,3,tracking__shared_design,2,1,1,topology,14729816305720220701
compartmental_dense,971003,compartmental_dense__971003-20260905T093619-2411233e,development,,,,,1,3,tracking__shared_design,2,1,1,world,11005834865184983681
compartmental_dense,971003,compartmental_dense__971003-20260905T093619-2411233e,development,,,,,1,3,pong__shared_design,1,1,1,topology,14169598423727100033
compartmental_dense,971003,compartmental_dense__971003-20260905T093619-2411233e,development,,,,,1,3,pong__shared_design,1,1,1,world,3361002300127620880
compartmental_dense,971003,compartmental_dense__971003-20260905T093619-2411233e,development,,,,,1,3,pong__shared_design,2,1,1,topology,8148013545343053880
compartmental_dense,971003,compartmental_dense__971003-20260905T093619-2411233e,development,,,,,1,3,pong__shared_design,2,1,1,world,8267688788350042541
compartmental_dense,971003,compartmental_dense__971003-20260905T093619-2411233e,development,,,,,1,3,cartpole_plank_easy__shared_design,1,1,1,topology,12144939525324439618
compartmental_dense,971003,compartmental_dense__971003-20260905T093619-2411233e,development,,,,,1,3,cartpole_plank_easy__shared_design,1,1,1,world,8293367787490496071
compartmental_dense,971003,compartmental_dense__971003-20260905T093619-2411233e,development,,,,,1,3,cartpole_plank_easy__shared_design,2,1,1,topology,3451203021785400996
compartmental_dense,971003,compartmental_dense__971003-20260905T093619-2411233e,development,,,,,1,3,cartpole_plank_easy__shared_design,2,1,1,world,7920892760841653054
compartmental_dense,971003,compartmental_dense__971003-20260905T093619-2411233e,development,,,,,1,3,delayed_cue__shared_design,1,1,1,topology,15048649117302969325
compartmental_dense,971003,compartmental_dense__971003-20260905T093619-2411233e,development,,,,,1,3,delayed_cue__shared_design,1,1,1,world,1621548473777926336
compartmental_dense,971003,compartmental_dense__971003-20260905T093619-2411233e,development,,,,,1,3,delayed_cue__shared_design,2,1,1,topology,12510222290310624681
compartmental_dense,971003,compartmental_dense__971003-20260905T093619-2411233e,development,,,,,1,3,delayed_cue__shared_design,2,1,1,world,3672371984149684912
compartmental_dense,971003,compartmental_dense__971003-20260905T093619-2411233e,development,,,,,1,4,tracking__shared_design,1,1,1,topology,12002031315881125388
compartmental_dense,971003,compartmental_dense__971003-20260905T093619-2411233e,development,,,,,1,4,tracking__shared_design,1,1,1,world,7834021532100950476
compartmental_dense,971003,compartmental_dense__971003-20260905T093619-2411233e,development,,,,,1,4,tracking__shared_design,2,1,1,topology,14729816305720220701
compartmental_dense,971003,compartmental_dense__971003-20260905T093619-2411233e,development,,,,,1,4,tracking__shared_design,2,1,1,world,11005834865184983681
compartmental_dense,971003,compartmental_dense__971003-20260905T093619-2411233e,development,,,,,1,4,pong__shared_design,1,1,1,topology,14169598423727100033
compartmental_dense,971003,compartmental_dense__971003-20260905T093619-2411233e,development,,,,,1,4,pong__shared_design,1,1,1,world,3361002300127620880
compartmental_dense,971003,compartmental_dense__971003-20260905T093619-2411233e,development,,,,,1,4,pong__shared_design,2,1,1,topology,8148013545343053880
compartmental_dense,971003,compartmental_dense__971003-20260905T093619-2411233e,development,,,,,1,4,pong__shared_design,2,1,1,world,8267688788350042541
compartmental_dense,971003,compartmental_dense__971003-20260905T093619-2411233e,development,,,,,1,4,cartpole_plank_easy__shared_design,1,1,1,topology,12144939525324439618
compartmental_dense,971003,compartmental_dense__971003-20260905T093619-2411233e,development,,,,,1,4,cartpole_plank_easy__shared_design,1,1,1,world,8293367787490496071
compartmental_dense,971003,compartmental_dense__971003-20260905T093619-2411233e,development,,,,,1,4,cartpole_plank_easy__shared_design,2,1,1,topology,3451203021785400996
compartmental_dense,971003,compartmental_dense__971003-20260905T093619-2411233e,development,,,,,1,4,cartpole_plank_easy__shared_design,2,1,1,world,7920892760841653054
compartmental_dense,971003,compartmental_dense__971003-20260905T093619-2411233e,development,,,,,1,4,delayed_cue__shared_design,1,1,1,topology,15048649117302969325
compartmental_dense,971003,compartmental_dense__971003-20260905T093619-2411233e,development,,,,,1,4,delayed_cue__shared_design,1,1,1,world,1621548473777926336
compartmental_dense,971003,compartmental_dense__971003-20260905T093619-2411233e,development,,,,,1,4,delayed_cue__shared_design,2,1,1,topology,12510222290310624681
compartmental_dense,971003,compartmental_dense__971003-20260905T093619-2411233e,development,,,,,1,4,delayed_cue__shared_design,2,1,1,world,3672371984149684912
compartmental_dense,971003,compartmental_dense__971003-20260905T093619-2411233e,development,,,,,2,5,tracking__shared_design,1,1,1,topology,12002031315881125388
compartmental_dense,971003,compartmental_dense__971003-20260905T093619-2411233e,development,,,,,2,5,tracking__shared_design,1,1,1,world,7834021532100950476
compartmental_dense,971003,compartmental_dense__971003-20260905T093619-2411233e,development,,,,,2,5,tracking__shared_design,2,1,1,topology,14729816305720220701
compartmental_dense,971003,compartmental_dense__971003-20260905T093619-2411233e,development,,,,,2,5,tracking__shared_design,2,1,1,world,11005834865184983681
compartmental_dense,971003,compartmental_dense__971003-20260905T093619-2411233e,development,,,,,2,5,pong__shared_design,1,1,1,topology,14169598423727100033
compartmental_dense,971003,compartmental_dense__971003-20260905T093619-2411233e,development,,,,,2,5,pong__shared_design,1,1,1,world,3361002300127620880
compartmental_dense,971003,compartmental_dense__971003-20260905T093619-2411233e,development,,,,,2,5,pong__shared_design,2,1,1,topology,8148013545343053880
compartmental_dense,971003,compartmental_dense__971003-20260905T093619-2411233e,development,,,,,2,5,pong__shared_design,2,1,1,world,8267688788350042541
compartmental_dense,971003,compartmental_dense__971003-20260905T093619-2411233e,development,,,,,2,5,cartpole_plank_easy__shared_design,1,1,1,topology,12144939525324439618
compartmental_dense,971003,compartmental_dense__971003-20260905T093619-2411233e,development,,,,,2,5,cartpole_plank_easy__shared_design,1,1,1,world,8293367787490496071
compartmental_dense,971003,compartmental_dense__971003-20260905T093619-2411233e,development,,,,,2,5,cartpole_plank_easy__shared_design,2,1,1,topology,3451203021785400996
compartmental_dense,971003,compartmental_dense__971003-20260905T093619-2411233e,development,,,,,2,5,cartpole_plank_easy__shared_design,2,1,1,world,7920892760841653054
compartmental_dense,971003,compartmental_dense__971003-20260905T093619-2411233e,development,,,,,2,5,delayed_cue__shared_design,1,1,1,topology,15048649117302969325
compartmental_dense,971003,compartmental_dense__971003-20260905T093619-2411233e,development,,,,,2,5,delayed_cue__shared_design,1,1,1,world,1621548473777926336
compartmental_dense,971003,compartmental_dense__971003-20260905T093619-2411233e,development,,,,,2,5,delayed_cue__shared_design,2,1,1,topology,12510222290310624681
compartmental_dense,971003,compartmental_dense__971003-20260905T093619-2411233e,development,,,,,2,5,delayed_cue__shared_design,2,1,1,world,3672371984149684912
compartmental_dense,971003,compartmental_dense__971003-20260905T093619-2411233e,development,,,,,2,6,tracking__shared_design,1,1,1,topology,12002031315881125388
compartmental_dense,971003,compartmental_dense__971003-20260905T093619-2411233e,development,,,,,2,6,tracking__shared_design,1,1,1,world,7834021532100950476
compartmental_dense,971003,compartmental_dense__971003-20260905T093619-2411233e,development,,,,,2,6,tracking__shared_design,2,1,1,topology,14729816305720220701
compartmental_dense,971003,compartmental_dense__971003-20260905T093619-2411233e,development,,,,,2,6,tracking__shared_design,2,1,1,world,11005834865184983681
compartmental_dense,971003,compartmental_dense__971003-20260905T093619-2411233e,development,,,,,2,6,pong__shared_design,1,1,1,topology,14169598423727100033
compartmental_dense,971003,compartmental_dense__971003-20260905T093619-2411233e,development,,,,,2,6,pong__shared_design,1,1,1,world,3361002300127620880
compartmental_dense,971003,compartmental_dense__971003-20260905T093619-2411233e,development,,,,,2,6,pong__shared_design,2,1,1,topology,8148013545343053880
compartmental_dense,971003,compartmental_dense__971003-20260905T093619-2411233e,development,,,,,2,6,pong__shared_design,2,1,1,world,8267688788350042541
compartmental_dense,971003,compartmental_dense__971003-20260905T093619-2411233e,development,,,,,2,6,cartpole_plank_easy__shared_design,1,1,1,topology,12144939525324439618
compartmental_dense,971003,compartmental_dense__971003-20260905T093619-2411233e,development,,,,,2,6,cartpole_plank_easy__shared_design,1,1,1,world,8293367787490496071
compartmental_dense,971003,compartmental_dense__971003-20260905T093619-2411233e,development,,,,,2,6,cartpole_plank_easy__shared_design,2,1,1,topology,3451203021785400996
compartmental_dense,971003,compartmental_dense__971003-20260905T093619-2411233e,development,,,,,2,6,cartpole_plank_easy__shared_design,2,1,1,world,7920892760841653054
compartmental_dense,971003,compartmental_dense__971003-20260905T093619-2411233e,development,,,,,2,6,delayed_cue__shared_design,1,1,1,topology,15048649117302969325
compartmental_dense,971003,compartmental_dense__971003-20260905T093619-2411233e,development,,,,,2,6,delayed_cue__shared_design,1,1,1,world,1621548473777926336
compartmental_dense,971003,compartmental_dense__971003-20260905T093619-2411233e,development,,,,,2,6,delayed_cue__shared_design,2,1,1,topology,12510222290310624681
compartmental_dense,971003,compartmental_dense__971003-20260905T093619-2411233e,development,,,,,2,6,delayed_cue__shared_design,2,1,1,world,3672371984149684912
compartmental_dense,971003,compartmental_dense__971003-20260905T093619-2411233e,development,,,,,2,7,tracking__shared_design,1,1,1,topology,12002031315881125388
compartmental_dense,971003,compartmental_dense__971003-20260905T093619-2411233e,development,,,,,2,7,tracking__shared_design,1,1,1,world,7834021532100950476
compartmental_dense,971003,compartmental_dense__971003-20260905T093619-2411233e,development,,,,,2,7,tracking__shared_design,2,1,1,topology,14729816305720220701
compartmental_dense,971003,compartmental_dense__971003-20260905T093619-2411233e,development,,,,,2,7,tracking__shared_design,2,1,1,world,11005834865184983681
compartmental_dense,971003,compartmental_dense__971003-20260905T093619-2411233e,development,,,,,2,7,pong__shared_design,1,1,1,topology,14169598423727100033
compartmental_dense,971003,compartmental_dense__971003-20260905T093619-2411233e,development,,,,,2,7,pong__shared_design,1,1,1,world,3361002300127620880
compartmental_dense,971003,compartmental_dense__971003-20260905T093619-2411233e,development,,,,,2,7,pong__shared_design,2,1,1,topology,8148013545343053880
compartmental_dense,971003,compartmental_dense__971003-20260905T093619-2411233e,development,,,,,2,7,pong__shared_design,2,1,1,world,8267688788350042541
compartmental_dense,971003,compartmental_dense__971003-20260905T093619-2411233e,development,,,,,2,7,cartpole_plank_easy__shared_design,1,1,1,topology,12144939525324439618
compartmental_dense,971003,compartmental_dense__971003-20260905T093619-2411233e,development,,,,,2,7,cartpole_plank_easy__shared_design,1,1,1,world,8293367787490496071
compartmental_dense,971003,compartmental_dense__971003-20260905T093619-2411233e,development,,,,,2,7,cartpole_plank_easy__shared_design,2,1,1,topology,3451203021785400996
compartmental_dense,971003,compartmental_dense__971003-20260905T093619-2411233e,development,,,,,2,7,cartpole_plank_easy__shared_design,2,1,1,world,7920892760841653054
compartmental_dense,971003,compartmental_dense__971003-20260905T093619-2411233e,development,,,,,2,7,delayed_cue__shared_design,1,1,1,topology,15048649117302969325
compartmental_dense,971003,compartmental_dense__971003-20260905T093619-2411233e,development,,,,,2,7,delayed_cue__shared_design,1,1,1,world,1621548473777926336
compartmental_dense,971003,compartmental_dense__971003-20260905T093619-2411233e,development,,,,,2,7,delayed_cue__shared_design,2,1,1,topology,12510222290310624681
compartmental_dense,971003,compartmental_dense__971003-20260905T093619-2411233e,development,,,,,2,7,delayed_cue__shared_design,2,1,1,world,3672371984149684912
compartmental_dense,971003,compartmental_dense__971003-20260905T093619-2411233e,development,,,,,2,8,tracking__shared_design,1,1,1,topology,12002031315881125388
compartmental_dense,971003,compartmental_dense__971003-20260905T093619-2411233e,development,,,,,2,8,tracking__shared_design,1,1,1,world,7834021532100950476
compartmental_dense,971003,compartmental_dense__971003-20260905T093619-2411233e,development,,,,,2,8,tracking__shared_design,2,1,1,topology,14729816305720220701
compartmental_dense,971003,compartmental_dense__971003-20260905T093619-2411233e,development,,,,,2,8,tracking__shared_design,2,1,1,world,11005834865184983681
compartmental_dense,971003,compartmental_dense__971003-20260905T093619-2411233e,development,,,,,2,8,pong__shared_design,1,1,1,topology,14169598423727100033
compartmental_dense,971003,compartmental_dense__971003-20260905T093619-2411233e,development,,,,,2,8,pong__shared_design,1,1,1,world,3361002300127620880
compartmental_dense,971003,compartmental_dense__971003-20260905T093619-2411233e,development,,,,,2,8,pong__shared_design,2,1,1,topology,8148013545343053880
compartmental_dense,971003,compartmental_dense__971003-20260905T093619-2411233e,development,,,,,2,8,pong__shared_design,2,1,1,world,8267688788350042541
compartmental_dense,971003,compartmental_dense__971003-20260905T093619-2411233e,development,,,,,2,8,cartpole_plank_easy__shared_design,1,1,1,topology,12144939525324439618
compartmental_dense,971003,compartmental_dense__971003-20260905T093619-2411233e,development,,,,,2,8,cartpole_plank_easy__shared_design,1,1,1,world,8293367787490496071
compartmental_dense,971003,compartmental_dense__971003-20260905T093619-2411233e,development,,,,,2,8,cartpole_plank_easy__shared_design,2,1,1,topology,3451203021785400996
compartmental_dense,971003,compartmental_dense__971003-20260905T093619-2411233e,development,,,,,2,8,cartpole_plank_easy__shared_design,2,1,1,world,7920892760841653054
compartmental_dense,971003,compartmental_dense__971003-20260905T093619-2411233e,development,,,,,2,8,delayed_cue__shared_design,1,1,1,topology,15048649117302969325
compartmental_dense,971003,compartmental_dense__971003-20260905T093619-2411233e,development,,,,,2,8,delayed_cue__shared_design,1,1,1,world,1621548473777926336
compartmental_dense,971003,compartmental_dense__971003-20260905T093619-2411233e,development,,,,,2,8,delayed_cue__shared_design,2,1,1,topology,12510222290310624681
compartmental_dense,971003,compartmental_dense__971003-20260905T093619-2411233e,development,,,,,2,8,delayed_cue__shared_design,2,1,1,world,3672371984149684912
